date,year,raw_file,status,rows,processed_file,notes
2016-01-03,2016,XAU-USD_1Minute_BID_2016-01-03_00_00-23_59_Etc_UTC.csv,processed,60,XAUUSD_5m_BID_2016-01-03.csv,2016-01-03 23:00:00+00:00 to 2016-01-03 23:59:00+00:00
2016-01-04,2016,XAU-USD_1Minute_BID_2016-01-04_00_00-23_59_Etc_UTC.csv,processed,1380,XAUUSD_5m_BID_2016-01-04.csv,2016-01-04 00:00:00+00:00 to 2016-01-04 23:59:00+00:00
2016-01-05,2016,XAU-USD_1Minute_BID_2016-01-05_00_00-23_59_Etc_UTC.csv,processed,1380,XAUUSD_5m_BID_2016-01-05.csv,2016-01-05 00:00:00+00:00 to 2016-01-05 23:59:00+00:00
2016-01-06,2016,XAU-USD_1Minute_BID_2016-01-06_00_00-23_59_Etc_UTC.csv,processed,1380,XAUUSD_5m_BID_2016-01-06.csv,2016-01-06 00:00:00+00:00 to 2016-01-06 23:59:00+00:00
2016-01-07,2016,XAU-USD_1Minute_BID_2016-01-07_00_00-23_59_Etc_UTC.csv,processed,1380,XAUUSD_5m_BID_2016-01-07.csv,2016-01-07 00:00:00+00:00 to 2016-01-07 23:59:00+00:00
2016-01-08,2016,XAU-USD_1Minute_BID_2016-01-08_00_00-23_59_Etc_UTC.csv,processed,1320,XAUUSD_5m_BID_2016-01-08.csv,2016-01-08 00:00:00+00:00 to 2016-01-08 21:59:00+00:00
2016-01-10,2016,XAU-USD_1Minute_BID_2016-01-10_00_00-23_59_Etc_UTC.csv,processed,60,XAUUSD_5m_BID_2016-01-10.csv,2016-01-10 23:00:00+00:00 to 2016-01-10 23:59:00+00:00
2016-01-11,2016,XAU-USD_1Minute_BID_2016-01-11_00_00-23_59_Etc_UTC.csv,processed,1380,XAUUSD_5m_BID_2016-01-11.csv,2016-01-11 00:00:00+00:00 to 2016-01-11 23:59:00+00:00
2016-01-12,2016,XAU-USD_1Minute_BID_2016-01-12_00_00-23_59_Etc_UTC.csv,processed,1380,XAUUSD_5m_BID_2016-01-12.csv,2016-01-12 00:00:00+00:00 to 2016-01-12 23:59:00+00:00
2016-01-13,2016,XAU-USD_1Minute_BID_2016-01-13_00_00-23_59_Etc_UTC.csv,processed,1380,XAUUSD_5m_BID_2016-01-13.csv,2016-01-13 00:00:00+00:00 to 2016-01-13 23:59:00+00:00
2016-01-14,2016,XAU-USD_1Minute_BID_2016-01-14_00_00-23_59_Etc_UTC.csv,processed,1380,XAUUSD_5m_BID_2016-01-14.csv,2016-01-14 00:00:00+00:00 to 2016-01-14 23:59:00+00:00
2016-01-15,2016,XAU-USD_1Minute_BID_2016-01-15_00_00-23_59_Etc_UTC.csv,processed,1320,XAUUSD_5m_BID_2016-01-15.csv,2016-01-15 00:00:00+00:00 to 2016-01-15 21:59:00+00:00
2016-01-17,2016,XAU-USD_1Minute_BID_2016-01-17_00_00-23_59_Etc_UTC.csv,processed,60,XAUUSD_5m_BID_2016-01-17.csv,2016-01-17 23:00:00+00:00 to 2016-01-17 23:59:00+00:00
2016-01-18,2016,XAU-USD_1Minute_BID_2016-01-18_00_00-23_59_Etc_UTC.csv,processed,1141,XAUUSD_5m_BID_2016-01-18.csv,2016-01-18 00:00:00+00:00 to 2016-01-18 23:59:00+00:00
2016-01-19,2016,XAU-USD_1Minute_BID_2016-01-19_00_00-23_59_Etc_UTC.csv,processed,1380,XAUUSD_5m_BID_2016-01-19.csv,2016-01-19 00:00:00+00:00 to 2016-01-19 23:59:00+00:00
2016-01-20,2016,XAU-USD_1Minute_BID_2016-01-20_00_00-23_59_Etc_UTC.csv,processed,1380,XAUUSD_5m_BID_2016-01-20.csv,2016-01-20 00:00:00+00:00 to 2016-01-20 23:59:00+00:00
2016-01-21,2016,XAU-USD_1Minute_BID_2016-01-21_00_00-23_59_Etc_UTC.csv,processed,1380,XAUUSD_5m_BID_2016-01-21.csv,2016-01-21 00:00:00+00:00 to 2016-01-21 23:59:00+00:00
2016-01-22,2016,XAU-USD_1Minute_BID_2016-01-22_00_00-23_59_Etc_UTC.csv,processed,1320,XAUUSD_5m_BID_2016-01-22.csv,2016-01-22 00:00:00+00:00 to 2016-01-22 21:59:00+00:00
2016-01-24,2016,XAU-USD_1Minute_BID_2016-01-24_00_00-23_59_Etc_UTC.csv,processed,60,XAUUSD_5m_BID_2016-01-24.csv,2016-01-24 23:00:00+00:00 to 2016-01-24 23:59:00+00:00
2016-01-25,2016,XAU-USD_1Minute_BID_2016-01-25_00_00-23_59_Etc_UTC.csv,processed,1380,XAUUSD_5m_BID_2016-01-25.csv,2016-01-25 00:00:00+00:00 to 2016-01-25 23:59:00+00:00
2016-01-26,2016,XAU-USD_1Minute_BID_2016-01-26_00_00-23_59_Etc_UTC.csv,processed,1380,XAUUSD_5m_BID_2016-01-26.csv,2016-01-26 00:00:00+00:00 to 2016-01-26 23:59:00+00:00
2016-01-27,2016,XAU-USD_1Minute_BID_2016-01-27_00_00-23_59_Etc_UTC.csv,processed,1380,XAUUSD_5m_BID_2016-01-27.csv,2016-01-27 00:00:00+00:00 to 2016-01-27 23:59:00+00:00
2016-01-28,2016,XAU-USD_1Minute_BID_2016-01-28_00_00-23_59_Etc_UTC.csv,processed,1380,XAUUSD_5m_BID_2016-01-28.csv,2016-01-28 00:00:00+00:00 to 2016-01-28 23:59:00+00:00
2016-01-29,2016,XAU-USD_1Minute_BID_2016-01-29_00_00-23_59_Etc_UTC.csv,processed,1320,XAUUSD_5m_BID_2016-01-29.csv,2016-01-29 00:00:00+00:00 to 2016-01-29 21:59:00+00:00
2016-01-31,2016,XAU-USD_1Minute_BID_2016-01-31_00_00-23_59_Etc_UTC.csv,processed,60,XAUUSD_5m_BID_2016-01-31.csv,2016-01-31 23:00:00+00:00 to 2016-01-31 23:59:00+00:00
2016-02-01,2016,XAU-USD_1Minute_BID_2016-02-01_00_00-23_59_Etc_UTC.csv,processed,1380,XAUUSD_5m_BID_2016-02-01.csv,2016-02-01 00:00:00+00:00 to 2016-02-01 23:59:00+00:00
2016-02-02,2016,XAU-USD_1Minute_BID_2016-02-02_00_00-23_59_Etc_UTC.csv,processed,1380,XAUUSD_5m_BID_2016-02-02.csv,2016-02-02 00:00:00+00:00 to 2016-02-02 23:59:00+00:00
2016-02-03,2016,XAU-USD_1Minute_BID_2016-02-03_00_00-23_59_Etc_UTC.csv,processed,1380,XAUUSD_5m_BID_2016-02-03.csv,2016-02-03 00:00:00+00:00 to 2016-02-03 23:59:00+00:00
2016-02-04,2016,XAU-USD_1Minute_BID_2016-02-04_00_00-23_59_Etc_UTC.csv,processed,1380,XAUUSD_5m_BID_2016-02-04.csv,2016-02-04 00:00:00+00:00 to 2016-02-04 23:59:00+00:00
2016-02-05,2016,XAU-USD_1Minute_BID_2016-02-05_00_00-23_59_Etc_UTC.csv,processed,1320,XAUUSD_5m_BID_2016-02-05.csv,2016-02-05 00:00:00+00:00 to 2016-02-05 21:59:00+00:00
2016-02-07,2016,XAU-USD_1Minute_BID_2016-02-07_00_00-23_59_Etc_UTC.csv,processed,60,XAUUSD_5m_BID_2016-02-07.csv,2016-02-07 23:00:00+00:00 to 2016-02-07 23:59:00+00:00
2016-02-08,2016,XAU-USD_1Minute_BID_2016-02-08_00_00-23_59_Etc_UTC.csv,processed,1380,XAUUSD_5m_BID_2016-02-08.csv,2016-02-08 00:00:00+00:00 to 2016-02-08 23:59:00+00:00
2016-02-09,2016,XAU-USD_1Minute_BID_2016-02-09_00_00-23_59_Etc_UTC.csv,processed,1380,XAUUSD_5m_BID_2016-02-09.csv,2016-02-09 00:00:00+00:00 to 2016-02-09 23:59:00+00:00
2016-02-10,2016,XAU-USD_1Minute_BID_2016-02-10_00_00-23_59_Etc_UTC.csv,processed,1380,XAUUSD_5m_BID_2016-02-10.csv,2016-02-10 00:00:00+00:00 to 2016-02-10 23:59:00+00:00
2016-02-11,2016,XAU-USD_1Minute_BID_2016-02-11_00_00-23_59_Etc_UTC.csv,processed,1380,XAUUSD_5m_BID_2016-02-11.csv,2016-02-11 00:00:00+00:00 to 2016-02-11 23:59:00+00:00
2016-02-12,2016,XAU-USD_1Minute_BID_2016-02-12_00_00-23_59_Etc_UTC.csv,processed,1320,XAUUSD_5m_BID_2016-02-12.csv,2016-02-12 00:00:00+00:00 to 2016-02-12 21:59:00+00:00
2016-02-14,2016,XAU-USD_1Minute_BID_2016-02-14_00_00-23_59_Etc_UTC.csv,processed,60,XAUUSD_5m_BID_2016-02-14.csv,2016-02-14 23:00:00+00:00 to 2016-02-14 23:59:00+00:00
2016-02-15,2016,XAU-USD_1Minute_BID_2016-02-15_00_00-23_59_Etc_UTC.csv,processed,1141,XAUUSD_5m_BID_2016-02-15.csv,2016-02-15 00:00:00+00:00 to 2016-02-15 23:59:00+00:00
2016-02-16,2016,XAU-USD_1Minute_BID_2016-02-16_00_00-23_59_Etc_UTC.csv,processed,1380,XAUUSD_5m_BID_2016-02-16.csv,2016-02-16 00:00:00+00:00 to 2016-02-16 23:59:00+00:00
2016-02-17,2016,XAU-USD_1Minute_BID_2016-02-17_00_00-23_59_Etc_UTC.csv,processed,1380,XAUUSD_5m_BID_2016-02-17.csv,2016-02-17 00:00:00+00:00 to 2016-02-17 23:59:00+00:00
2016-02-18,2016,XAU-USD_1Minute_BID_2016-02-18_00_00-23_59_Etc_UTC.csv,processed,1380,XAUUSD_5m_BID_2016-02-18.csv,2016-02-18 00:00:00+00:00 to 2016-02-18 23:59:00+00:00
2016-02-19,2016,XAU-USD_1Minute_BID_2016-02-19_00_00-23_59_Etc_UTC.csv,processed,1320,XAUUSD_5m_BID_2016-02-19.csv,2016-02-19 00:00:00+00:00 to 2016-02-19 21:59:00+00:00
2016-02-21,2016,XAU-USD_1Minute_BID_2016-02-21_00_00-23_59_Etc_UTC.csv,processed,60,XAUUSD_5m_BID_2016-02-21.csv,2016-02-21 23:00:00+00:00 to 2016-02-21 23:59:00+00:00
2016-02-22,2016,XAU-USD_1Minute_BID_2016-02-22_00_00-23_59_Etc_UTC.csv,processed,1380,XAUUSD_5m_BID_2016-02-22.csv,2016-02-22 00:00:00+00:00 to 2016-02-22 23:59:00+00:00
2016-02-23,2016,XAU-USD_1Minute_BID_2016-02-23_00_00-23_59_Etc_UTC.csv,processed,1380,XAUUSD_5m_BID_2016-02-23.csv,2016-02-23 00:00:00+00:00 to 2016-02-23 23:59:00+00:00
2016-02-24,2016,XAU-USD_1Minute_BID_2016-02-24_00_00-23_59_Etc_UTC.csv,processed,1380,XAUUSD_5m_BID_2016-02-24.csv,2016-02-24 00:00:00+00:00 to 2016-02-24 23:59:00+00:00
2016-02-25,2016,XAU-USD_1Minute_BID_2016-02-25_00_00-23_59_Etc_UTC.csv,processed,1380,XAUUSD_5m_BID_2016-02-25.csv,2016-02-25 00:00:00+00:00 to 2016-02-25 23:59:00+00:00
2016-02-26,2016,XAU-USD_1Minute_BID_2016-02-26_00_00-23_59_Etc_UTC.csv,processed,1320,XAUUSD_5m_BID_2016-02-26.csv,2016-02-26 00:00:00+00:00 to 2016-02-26 21:59:00+00:00
2016-02-28,2016,XAU-USD_1Minute_BID_2016-02-28_00_00-23_59_Etc_UTC.csv,processed,60,XAUUSD_5m_BID_2016-02-28.csv,2016-02-28 23:00:00+00:00 to 2016-02-28 23:59:00+00:00
2016-02-29,2016,XAU-USD_1Minute_BID_2016-02-29_00_00-23_59_Etc_UTC.csv,processed,1380,XAUUSD_5m_BID_2016-02-29.csv,2016-02-29 00:00:00+00:00 to 2016-02-29 23:59:00+00:00
2016-03-01,2016,XAU-USD_1Minute_BID_2016-03-01_00_00-23_59_Etc_UTC.csv,processed,1380,XAUUSD_5m_BID_2016-03-01.csv,2016-03-01 00:00:00+00:00 to 2016-03-01 23:59:00+00:00
2016-03-02,2016,XAU-USD_1Minute_BID_2016-03-02_00_00-23_59_Etc_UTC.csv,processed,1380,XAUUSD_5m_BID_2016-03-02.csv,2016-03-02 00:00:00+00:00 to 2016-03-02 23:59:00+00:00
2016-03-03,2016,XAU-USD_1Minute_BID_2016-03-03_00_00-23_59_Etc_UTC.csv,processed,1380,XAUUSD_5m_BID_2016-03-03.csv,2016-03-03 00:00:00+00:00 to 2016-03-03 23:59:00+00:00
2016-03-04,2016,XAU-USD_1Minute_BID_2016-03-04_00_00-23_59_Etc_UTC.csv,processed,1320,XAUUSD_5m_BID_2016-03-04.csv,2016-03-04 00:00:00+00:00 to 2016-03-04 21:59:00+00:00
2016-03-06,2016,XAU-USD_1Minute_BID_2016-03-06_00_00-23_59_Etc_UTC.csv,processed,60,XAUUSD_5m_BID_2016-03-06.csv,2016-03-06 23:00:00+00:00 to 2016-03-06 23:59:00+00:00
2016-03-07,2016,XAU-USD_1Minute_BID_2016-03-07_00_00-23_59_Etc_UTC.csv,processed,1380,XAUUSD_5m_BID_2016-03-07.csv,2016-03-07 00:00:00+00:00 to 2016-03-07 23:59:00+00:00
2016-03-08,2016,XAU-USD_1Minute_BID_2016-03-08_00_00-23_59_Etc_UTC.csv,processed,1380,XAUUSD_5m_BID_2016-03-08.csv,2016-03-08 00:00:00+00:00 to 2016-03-08 23:59:00+00:00
2016-03-09,2016,XAU-USD_1Minute_BID_2016-03-09_00_00-23_59_Etc_UTC.csv,processed,1380,XAUUSD_5m_BID_2016-03-09.csv,2016-03-09 00:00:00+00:00 to 2016-03-09 23:59:00+00:00
2016-03-10,2016,XAU-USD_1Minute_BID_2016-03-10_00_00-23_59_Etc_UTC.csv,processed,1380,XAUUSD_5m_BID_2016-03-10.csv,2016-03-10 00:00:00+00:00 to 2016-03-10 23:59:00+00:00
2016-03-11,2016,XAU-USD_1Minute_BID_2016-03-11_00_00-23_59_Etc_UTC.csv,processed,1320,XAUUSD_5m_BID_2016-03-11.csv,2016-03-11 00:00:00+00:00 to 2016-03-11 21:59:00+00:00
2016-03-13,2016,XAU-USD_1Minute_BID_2016-03-13_00_00-23_59_Etc_UTC.csv,processed,120,XAUUSD_5m_BID_2016-03-13.csv,2016-03-13 22:00:00+00:00 to 2016-03-13 23:59:00+00:00
2016-03-14,2016,XAU-USD_1Minute_BID_2016-03-14_00_00-23_59_Etc_UTC.csv,processed,1380,XAUUSD_5m_BID_2016-03-14.csv,2016-03-14 00:00:00+00:00 to 2016-03-14 23:59:00+00:00
2016-03-15,2016,XAU-USD_1Minute_BID_2016-03-15_00_00-23_59_Etc_UTC.csv,processed,1380,XAUUSD_5m_BID_2016-03-15.csv,2016-03-15 00:00:00+00:00 to 2016-03-15 23:59:00+00:00
2016-03-16,2016,XAU-USD_1Minute_BID_2016-03-16_00_00-23_59_Etc_UTC.csv,processed,1380,XAUUSD_5m_BID_2016-03-16.csv,2016-03-16 00:00:00+00:00 to 2016-03-16 23:59:00+00:00
2016-03-17,2016,XAU-USD_1Minute_BID_2016-03-17_00_00-23_59_Etc_UTC.csv,processed,1380,XAUUSD_5m_BID_2016-03-17.csv,2016-03-17 00:00:00+00:00 to 2016-03-17 23:59:00+00:00
2016-03-18,2016,XAU-USD_1Minute_BID_2016-03-18_00_00-23_59_Etc_UTC.csv,processed,1260,XAUUSD_5m_BID_2016-03-18.csv,2016-03-18 00:00:00+00:00 to 2016-03-18 20:59:00+00:00
2016-03-20,2016,XAU-USD_1Minute_BID_2016-03-20_00_00-23_59_Etc_UTC.csv,processed,120,XAUUSD_5m_BID_2016-03-20.csv,2016-03-20 22:00:00+00:00 to 2016-03-20 23:59:00+00:00
2016-03-21,2016,XAU-USD_1Minute_BID_2016-03-21_00_00-23_59_Etc_UTC.csv,processed,1380,XAUUSD_5m_BID_2016-03-21.csv,2016-03-21 00:00:00+00:00 to 2016-03-21 23:59:00+00:00
2016-03-22,2016,XAU-USD_1Minute_BID_2016-03-22_00_00-23_59_Etc_UTC.csv,processed,1380,XAUUSD_5m_BID_2016-03-22.csv,2016-03-22 00:00:00+00:00 to 2016-03-22 23:59:00+00:00
2016-03-23,2016,XAU-USD_1Minute_BID_2016-03-23_00_00-23_59_Etc_UTC.csv,processed,1380,XAUUSD_5m_BID_2016-03-23.csv,2016-03-23 00:00:00+00:00 to 2016-03-23 23:59:00+00:00
2016-03-24,2016,XAU-USD_1Minute_BID_2016-03-24_00_00-23_59_Etc_UTC.csv,processed,1260,XAUUSD_5m_BID_2016-03-24.csv,2016-03-24 00:00:00+00:00 to 2016-03-24 20:59:00+00:00
2016-03-27,2016,XAU-USD_1Minute_BID_2016-03-27_00_00-23_59_Etc_UTC.csv,processed,120,XAUUSD_5m_BID_2016-03-27.csv,2016-03-27 22:00:00+00:00 to 2016-03-27 23:59:00+00:00
2016-03-28,2016,XAU-USD_1Minute_BID_2016-03-28_00_00-23_59_Etc_UTC.csv,processed,1380,XAUUSD_5m_BID_2016-03-28.csv,2016-03-28 00:00:00+00:00 to 2016-03-28 23:59:00+00:00
2016-03-29,2016,XAU-USD_1Minute_BID_2016-03-29_00_00-23_59_Etc_UTC.csv,processed,1380,XAUUSD_5m_BID_2016-03-29.csv,2016-03-29 00:00:00+00:00 to 2016-03-29 23:59:00+00:00
2016-03-30,2016,XAU-USD_1Minute_BID_2016-03-30_00_00-23_59_Etc_UTC.csv,processed,1380,XAUUSD_5m_BID_2016-03-30.csv,2016-03-30 00:00:00+00:00 to 2016-03-30 23:59:00+00:00
2016-03-31,2016,XAU-USD_1Minute_BID_2016-03-31_00_00-23_59_Etc_UTC.csv,processed,1380,XAUUSD_5m_BID_2016-03-31.csv,2016-03-31 00:00:00+00:00 to 2016-03-31 23:59:00+00:00
2016-04-01,2016,XAU-USD_1Minute_BID_2016-04-01_00_00-23_59_Etc_UTC.csv,processed,1260,XAUUSD_5m_BID_2016-04-01.csv,2016-04-01 00:00:00+00:00 to 2016-04-01 20:59:00+00:00
2016-04-03,2016,XAU-USD_1Minute_BID_2016-04-03_00_00-23_59_Etc_UTC.csv,processed,120,XAUUSD_5m_BID_2016-04-03.csv,2016-04-03 22:00:00+00:00 to 2016-04-03 23:59:00+00:00
2016-04-04,2016,XAU-USD_1Minute_BID_2016-04-04_00_00-23_59_Etc_UTC.csv,processed,1379,XAUUSD_5m_BID_2016-04-04.csv,2016-04-04 00:00:00+00:00 to 2016-04-04 23:59:00+00:00
2016-04-05,2016,XAU-USD_1Minute_BID_2016-04-05_00_00-23_59_Etc_UTC.csv,processed,1380,XAUUSD_5m_BID_2016-04-05.csv,2016-04-05 00:00:00+00:00 to 2016-04-05 23:59:00+00:00
2016-04-06,2016,XAU-USD_1Minute_BID_2016-04-06_00_00-23_59_Etc_UTC.csv,processed,1380,XAUUSD_5m_BID_2016-04-06.csv,2016-04-06 00:00:00+00:00 to 2016-04-06 23:59:00+00:00
2016-04-07,2016,XAU-USD_1Minute_BID_2016-04-07_00_00-23_59_Etc_UTC.csv,processed,1380,XAUUSD_5m_BID_2016-04-07.csv,2016-04-07 00:00:00+00:00 to 2016-04-07 23:59:00+00:00
2016-04-08,2016,XAU-USD_1Minute_BID_2016-04-08_00_00-23_59_Etc_UTC.csv,processed,1260,XAUUSD_5m_BID_2016-04-08.csv,2016-04-08 00:00:00+00:00 to 2016-04-08 20:59:00+00:00
2016-04-10,2016,XAU-USD_1Minute_BID_2016-04-10_00_00-23_59_Etc_UTC.csv,processed,120,XAUUSD_5m_BID_2016-04-10.csv,2016-04-10 22:00:00+00:00 to 2016-04-10 23:59:00+00:00
2016-04-11,2016,XAU-USD_1Minute_BID_2016-04-11_00_00-23_59_Etc_UTC.csv,processed,1380,XAUUSD_5m_BID_2016-04-11.csv,2016-04-11 00:00:00+00:00 to 2016-04-11 23:59:00+00:00
2016-04-12,2016,XAU-USD_1Minute_BID_2016-04-12_00_00-23_59_Etc_UTC.csv,processed,1380,XAUUSD_5m_BID_2016-04-12.csv,2016-04-12 00:00:00+00:00 to 2016-04-12 23:59:00+00:00
2016-04-13,2016,XAU-USD_1Minute_BID_2016-04-13_00_00-23_59_Etc_UTC.csv,processed,1380,XAUUSD_5m_BID_2016-04-13.csv,2016-04-13 00:00:00+00:00 to 2016-04-13 23:59:00+00:00
2016-04-14,2016,XAU-USD_1Minute_BID_2016-04-14_00_00-23_59_Etc_UTC.csv,processed,1380,XAUUSD_5m_BID_2016-04-14.csv,2016-04-14 00:00:00+00:00 to 2016-04-14 23:59:00+00:00
2016-04-15,2016,XAU-USD_1Minute_BID_2016-04-15_00_00-23_59_Etc_UTC.csv,processed,1260,XAUUSD_5m_BID_2016-04-15.csv,2016-04-15 00:00:00+00:00 to 2016-04-15 20:59:00+00:00
2016-04-17,2016,XAU-USD_1Minute_BID_2016-04-17_00_00-23_59_Etc_UTC.csv,processed,120,XAUUSD_5m_BID_2016-04-17.csv,2016-04-17 22:00:00+00:00 to 2016-04-17 23:59:00+00:00
2016-04-18,2016,XAU-USD_1Minute_BID_2016-04-18_00_00-23_59_Etc_UTC.csv,processed,1380,XAUUSD_5m_BID_2016-04-18.csv,2016-04-18 00:00:00+00:00 to 2016-04-18 23:59:00+00:00
2016-04-19,2016,XAU-USD_1Minute_BID_2016-04-19_00_00-23_59_Etc_UTC.csv,processed,1380,XAUUSD_5m_BID_2016-04-19.csv,2016-04-19 00:00:00+00:00 to 2016-04-19 23:59:00+00:00
2016-04-20,2016,XAU-USD_1Minute_BID_2016-04-20_00_00-23_59_Etc_UTC.csv,processed,1380,XAUUSD_5m_BID_2016-04-20.csv,2016-04-20 00:00:00+00:00 to 2016-04-20 23:59:00+00:00
2016-04-21,2016,XAU-USD_1Minute_BID_2016-04-21_00_00-23_59_Etc_UTC.csv,processed,1380,XAUUSD_5m_BID_2016-04-21.csv,2016-04-21 00:00:00+00:00 to 2016-04-21 23:59:00+00:00
2016-04-22,2016,XAU-USD_1Minute_BID_2016-04-22_00_00-23_59_Etc_UTC.csv,processed,1260,XAUUSD_5m_BID_2016-04-22.csv,2016-04-22 00:00:00+00:00 to 2016-04-22 20:59:00+00:00
2016-04-24,2016,XAU-USD_1Minute_BID_2016-04-24_00_00-23_59_Etc_UTC.csv,processed,120,XAUUSD_5m_BID_2016-04-24.csv,2016-04-24 22:00:00+00:00 to 2016-04-24 23:59:00+00:00
2016-04-25,2016,XAU-USD_1Minute_BID_2016-04-25_00_00-23_59_Etc_UTC.csv,processed,1380,XAUUSD_5m_BID_2016-04-25.csv,2016-04-25 00:00:00+00:00 to 2016-04-25 23:59:00+00:00
2016-04-26,2016,XAU-USD_1Minute_BID_2016-04-26_00_00-23_59_Etc_UTC.csv,processed,1380,XAUUSD_5m_BID_2016-04-26.csv,2016-04-26 00:00:00+00:00 to 2016-04-26 23:59:00+00:00
2016-04-27,2016,XAU-USD_1Minute_BID_2016-04-27_00_00-23_59_Etc_UTC.csv,processed,1380,XAUUSD_5m_BID_2016-04-27.csv,2016-04-27 00:00:00+00:00 to 2016-04-27 23:59:00+00:00
2016-04-28,2016,XAU-USD_1Minute_BID_2016-04-28_00_00-23_59_Etc_UTC.csv,processed,1380,XAUUSD_5m_BID_2016-04-28.csv,2016-04-28 00:00:00+00:00 to 2016-04-28 23:59:00+00:00
2016-04-29,2016,XAU-USD_1Minute_BID_2016-04-29_00_00-23_59_Etc_UTC.csv,processed,1260,XAUUSD_5m_BID_2016-04-29.csv,2016-04-29 00:00:00+00:00 to 2016-04-29 20:59:00+00:00
2016-05-01,2016,XAU-USD_1Minute_BID_2016-05-01_00_00-23_59_Etc_UTC.csv,processed,120,XAUUSD_5m_BID_2016-05-01.csv,2016-05-01 22:00:00+00:00 to 2016-05-01 23:59:00+00:00
2016-05-02,2016,XAU-USD_1Minute_BID_2016-05-02_00_00-23_59_Etc_UTC.csv,processed,1379,XAUUSD_5m_BID_2016-05-02.csv,2016-05-02 00:00:00+00:00 to 2016-05-02 23:59:00+00:00
2016-05-03,2016,XAU-USD_1Minute_BID_2016-05-03_00_00-23_59_Etc_UTC.csv,processed,1380,XAUUSD_5m_BID_2016-05-03.csv,2016-05-03 00:00:00+00:00 to 2016-05-03 23:59:00+00:00
2016-05-04,2016,XAU-USD_1Minute_BID_2016-05-04_00_00-23_59_Etc_UTC.csv,processed,1379,XAUUSD_5m_BID_2016-05-04.csv,2016-05-04 00:00:00+00:00 to 2016-05-04 23:59:00+00:00
2016-05-05,2016,XAU-USD_1Minute_BID_2016-05-05_00_00-23_59_Etc_UTC.csv,processed,1380,XAUUSD_5m_BID_2016-05-05.csv,2016-05-05 00:00:00+00:00 to 2016-05-05 23:59:00+00:00
2016-05-06,2016,XAU-USD_1Minute_BID_2016-05-06_00_00-23_59_Etc_UTC.csv,processed,1260,XAUUSD_5m_BID_2016-05-06.csv,2016-05-06 00:00:00+00:00 to 2016-05-06 20:59:00+00:00
2016-05-08,2016,XAU-USD_1Minute_BID_2016-05-08_00_00-23_59_Etc_UTC.csv,processed,120,XAUUSD_5m_BID_2016-05-08.csv,2016-05-08 22:00:00+00:00 to 2016-05-08 23:59:00+00:00
2016-05-09,2016,XAU-USD_1Minute_BID_2016-05-09_00_00-23_59_Etc_UTC.csv,processed,1379,XAUUSD_5m_BID_2016-05-09.csv,2016-05-09 00:00:00+00:00 to 2016-05-09 23:59:00+00:00
2016-05-10,2016,XAU-USD_1Minute_BID_2016-05-10_00_00-23_59_Etc_UTC.csv,processed,1380,XAUUSD_5m_BID_2016-05-10.csv,2016-05-10 00:00:00+00:00 to 2016-05-10 23:59:00+00:00
2016-05-11,2016,XAU-USD_1Minute_BID_2016-05-11_00_00-23_59_Etc_UTC.csv,processed,1380,XAUUSD_5m_BID_2016-05-11.csv,2016-05-11 00:00:00+00:00 to 2016-05-11 23:59:00+00:00
2016-05-12,2016,XAU-USD_1Minute_BID_2016-05-12_00_00-23_59_Etc_UTC.csv,processed,1380,XAUUSD_5m_BID_2016-05-12.csv,2016-05-12 00:00:00+00:00 to 2016-05-12 23:59:00+00:00
2016-05-13,2016,XAU-USD_1Minute_BID_2016-05-13_00_00-23_59_Etc_UTC.csv,processed,1260,XAUUSD_5m_BID_2016-05-13.csv,2016-05-13 00:00:00+00:00 to 2016-05-13 20:59:00+00:00
2016-05-15,2016,XAU-USD_1Minute_BID_2016-05-15_00_00-23_59_Etc_UTC.csv,processed,120,XAUUSD_5m_BID_2016-05-15.csv,2016-05-15 22:00:00+00:00 to 2016-05-15 23:59:00+00:00
2016-05-16,2016,XAU-USD_1Minute_BID_2016-05-16_00_00-23_59_Etc_UTC.csv,processed,1380,XAUUSD_5m_BID_2016-05-16.csv,2016-05-16 00:00:00+00:00 to 2016-05-16 23:59:00+00:00
2016-05-17,2016,XAU-USD_1Minute_BID_2016-05-17_00_00-23_59_Etc_UTC.csv,processed,1380,XAUUSD_5m_BID_2016-05-17.csv,2016-05-17 00:00:00+00:00 to 2016-05-17 23:59:00+00:00
2016-05-18,2016,XAU-USD_1Minute_BID_2016-05-18_00_00-23_59_Etc_UTC.csv,processed,1379,XAUUSD_5m_BID_2016-05-18.csv,2016-05-18 00:00:00+00:00 to 2016-05-18 23:59:00+00:00
2016-05-19,2016,XAU-USD_1Minute_BID_2016-05-19_00_00-23_59_Etc_UTC.csv,processed,1380,XAUUSD_5m_BID_2016-05-19.csv,2016-05-19 00:00:00+00:00 to 2016-05-19 23:59:00+00:00
2016-05-20,2016,XAU-USD_1Minute_BID_2016-05-20_00_00-23_59_Etc_UTC.csv,processed,1260,XAUUSD_5m_BID_2016-05-20.csv,2016-05-20 00:00:00+00:00 to 2016-05-20 20:59:00+00:00
2016-05-22,2016,XAU-USD_1Minute_BID_2016-05-22_00_00-23_59_Etc_UTC.csv,processed,120,XAUUSD_5m_BID_2016-05-22.csv,2016-05-22 22:00:00+00:00 to 2016-05-22 23:59:00+00:00
2016-05-23,2016,XAU-USD_1Minute_BID_2016-05-23_00_00-23_59_Etc_UTC.csv,processed,1380,XAUUSD_5m_BID_2016-05-23.csv,2016-05-23 00:00:00+00:00 to 2016-05-23 23:59:00+00:00
2016-05-24,2016,XAU-USD_1Minute_BID_2016-05-24_00_00-23_59_Etc_UTC.csv,processed,1380,XAUUSD_5m_BID_2016-05-24.csv,2016-05-24 00:00:00+00:00 to 2016-05-24 23:59:00+00:00
2016-05-25,2016,XAU-USD_1Minute_BID_2016-05-25_00_00-23_59_Etc_UTC.csv,processed,1380,XAUUSD_5m_BID_2016-05-25.csv,2016-05-25 00:00:00+00:00 to 2016-05-25 23:59:00+00:00
2016-05-26,2016,XAU-USD_1Minute_BID_2016-05-26_00_00-23_59_Etc_UTC.csv,processed,1379,XAUUSD_5m_BID_2016-05-26.csv,2016-05-26 00:00:00+00:00 to 2016-05-26 23:59:00+00:00
2016-05-27,2016,XAU-USD_1Minute_BID_2016-05-27_00_00-23_59_Etc_UTC.csv,processed,1260,XAUUSD_5m_BID_2016-05-27.csv,2016-05-27 00:00:00+00:00 to 2016-05-27 20:59:00+00:00
2016-05-29,2016,XAU-USD_1Minute_BID_2016-05-29_00_00-23_59_Etc_UTC.csv,processed,120,XAUUSD_5m_BID_2016-05-29.csv,2016-05-29 22:00:00+00:00 to 2016-05-29 23:59:00+00:00
2016-05-30,2016,XAU-USD_1Minute_BID_2016-05-30_00_00-23_59_Etc_UTC.csv,processed,1141,XAUUSD_5m_BID_2016-05-30.csv,2016-05-30 00:00:00+00:00 to 2016-05-30 23:59:00+00:00
2016-05-31,2016,XAU-USD_1Minute_BID_2016-05-31_00_00-23_59_Etc_UTC.csv,processed,1380,XAUUSD_5m_BID_2016-05-31.csv,2016-05-31 00:00:00+00:00 to 2016-05-31 23:59:00+00:00
2016-06-01,2016,XAU-USD_1Minute_BID_2016-06-01_00_00-23_59_Etc_UTC.csv,processed,1380,XAUUSD_5m_BID_2016-06-01.csv,2016-06-01 00:00:00+00:00 to 2016-06-01 23:59:00+00:00
2016-06-02,2016,XAU-USD_1Minute_BID_2016-06-02_00_00-23_59_Etc_UTC.csv,processed,1380,XAUUSD_5m_BID_2016-06-02.csv,2016-06-02 00:00:00+00:00 to 2016-06-02 23:59:00+00:00
2016-06-03,2016,XAU-USD_1Minute_BID_2016-06-03_00_00-23_59_Etc_UTC.csv,processed,1260,XAUUSD_5m_BID_2016-06-03.csv,2016-06-03 00:00:00+00:00 to 2016-06-03 20:59:00+00:00
2016-06-05,2016,XAU-USD_1Minute_BID_2016-06-05_00_00-23_59_Etc_UTC.csv,processed,120,XAUUSD_5m_BID_2016-06-05.csv,2016-06-05 22:00:00+00:00 to 2016-06-05 23:59:00+00:00
2016-06-06,2016,XAU-USD_1Minute_BID_2016-06-06_00_00-23_59_Etc_UTC.csv,processed,1380,XAUUSD_5m_BID_2016-06-06.csv,2016-06-06 00:00:00+00:00 to 2016-06-06 23:59:00+00:00
2016-06-07,2016,XAU-USD_1Minute_BID_2016-06-07_00_00-23_59_Etc_UTC.csv,processed,1380,XAUUSD_5m_BID_2016-06-07.csv,2016-06-07 00:00:00+00:00 to 2016-06-07 23:59:00+00:00
2016-06-08,2016,XAU-USD_1Minute_BID_2016-06-08_00_00-23_59_Etc_UTC.csv,processed,1380,XAUUSD_5m_BID_2016-06-08.csv,2016-06-08 00:00:00+00:00 to 2016-06-08 23:59:00+00:00
2016-06-09,2016,XAU-USD_1Minute_BID_2016-06-09_00_00-23_59_Etc_UTC.csv,processed,1380,XAUUSD_5m_BID_2016-06-09.csv,2016-06-09 00:00:00+00:00 to 2016-06-09 23:59:00+00:00
2016-06-10,2016,XAU-USD_1Minute_BID_2016-06-10_00_00-23_59_Etc_UTC.csv,processed,1260,XAUUSD_5m_BID_2016-06-10.csv,2016-06-10 00:00:00+00:00 to 2016-06-10 20:59:00+00:00
2016-06-12,2016,XAU-USD_1Minute_BID_2016-06-12_00_00-23_59_Etc_UTC.csv,processed,120,XAUUSD_5m_BID_2016-06-12.csv,2016-06-12 22:00:00+00:00 to 2016-06-12 23:59:00+00:00
2016-06-13,2016,XAU-USD_1Minute_BID_2016-06-13_00_00-23_59_Etc_UTC.csv,processed,1380,XAUUSD_5m_BID_2016-06-13.csv,2016-06-13 00:00:00+00:00 to 2016-06-13 23:59:00+00:00
2016-06-14,2016,XAU-USD_1Minute_BID_2016-06-14_00_00-23_59_Etc_UTC.csv,processed,1380,XAUUSD_5m_BID_2016-06-14.csv,2016-06-14 00:00:00+00:00 to 2016-06-14 23:59:00+00:00
2016-06-15,2016,XAU-USD_1Minute_BID_2016-06-15_00_00-23_59_Etc_UTC.csv,processed,1380,XAUUSD_5m_BID_2016-06-15.csv,2016-06-15 00:00:00+00:00 to 2016-06-15 23:59:00+00:00
2016-06-16,2016,XAU-USD_1Minute_BID_2016-06-16_00_00-23_59_Etc_UTC.csv,processed,1379,XAUUSD_5m_BID_2016-06-16.csv,2016-06-16 00:00:00+00:00 to 2016-06-16 23:59:00+00:00
2016-06-17,2016,XAU-USD_1Minute_BID_2016-06-17_00_00-23_59_Etc_UTC.csv,processed,1260,XAUUSD_5m_BID_2016-06-17.csv,2016-06-17 00:00:00+00:00 to 2016-06-17 20:59:00+00:00
2016-06-19,2016,XAU-USD_1Minute_BID_2016-06-19_00_00-23_59_Etc_UTC.csv,processed,120,XAUUSD_5m_BID_2016-06-19.csv,2016-06-19 22:00:00+00:00 to 2016-06-19 23:59:00+00:00
2016-06-20,2016,XAU-USD_1Minute_BID_2016-06-20_00_00-23_59_Etc_UTC.csv,processed,1380,XAUUSD_5m_BID_2016-06-20.csv,2016-06-20 00:00:00+00:00 to 2016-06-20 23:59:00+00:00
2016-06-21,2016,XAU-USD_1Minute_BID_2016-06-21_00_00-23_59_Etc_UTC.csv,processed,1379,XAUUSD_5m_BID_2016-06-21.csv,2016-06-21 00:00:00+00:00 to 2016-06-21 23:59:00+00:00
2016-06-22,2016,XAU-USD_1Minute_BID_2016-06-22_00_00-23_59_Etc_UTC.csv,processed,1380,XAUUSD_5m_BID_2016-06-22.csv,2016-06-22 00:00:00+00:00 to 2016-06-22 23:59:00+00:00
2016-06-23,2016,XAU-USD_1Minute_BID_2016-06-23_00_00-23_59_Etc_UTC.csv,processed,1379,XAUUSD_5m_BID_2016-06-23.csv,2016-06-23 00:00:00+00:00 to 2016-06-23 23:59:00+00:00
2016-06-24,2016,XAU-USD_1Minute_BID_2016-06-24_00_00-23_59_Etc_UTC.csv,processed,1259,XAUUSD_5m_BID_2016-06-24.csv,2016-06-24 00:00:00+00:00 to 2016-06-24 20:58:00+00:00
2016-06-26,2016,XAU-USD_1Minute_BID_2016-06-26_00_00-23_59_Etc_UTC.csv,processed,120,XAUUSD_5m_BID_2016-06-26.csv,2016-06-26 22:00:00+00:00 to 2016-06-26 23:59:00+00:00
2016-06-27,2016,XAU-USD_1Minute_BID_2016-06-27_00_00-23_59_Etc_UTC.csv,processed,1380,XAUUSD_5m_BID_2016-06-27.csv,2016-06-27 00:00:00+00:00 to 2016-06-27 23:59:00+00:00
2016-06-28,2016,XAU-USD_1Minute_BID_2016-06-28_00_00-23_59_Etc_UTC.csv,processed,1380,XAUUSD_5m_BID_2016-06-28.csv,2016-06-28 00:00:00+00:00 to 2016-06-28 23:59:00+00:00
2016-06-29,2016,XAU-USD_1Minute_BID_2016-06-29_00_00-23_59_Etc_UTC.csv,processed,1380,XAUUSD_5m_BID_2016-06-29.csv,2016-06-29 00:00:00+00:00 to 2016-06-29 23:59:00+00:00
2016-06-30,2016,XAU-USD_1Minute_BID_2016-06-30_00_00-23_59_Etc_UTC.csv,processed,1380,XAUUSD_5m_BID_2016-06-30.csv,2016-06-30 00:00:00+00:00 to 2016-06-30 23:59:00+00:00
2016-07-01,2016,XAU-USD_1Minute_BID_2016-07-01_00_00-23_59_Etc_UTC.csv,processed,1260,XAUUSD_5m_BID_2016-07-01.csv,2016-07-01 00:00:00+00:00 to 2016-07-01 20:59:00+00:00
2016-07-03,2016,XAU-USD_1Minute_BID_2016-07-03_00_00-23_59_Etc_UTC.csv,processed,120,XAUUSD_5m_BID_2016-07-03.csv,2016-07-03 22:00:00+00:00 to 2016-07-03 23:59:00+00:00
2016-07-04,2016,XAU-USD_1Minute_BID_2016-07-04_00_00-23_59_Etc_UTC.csv,processed,1140,XAUUSD_5m_BID_2016-07-04.csv,2016-07-04 00:00:00+00:00 to 2016-07-04 23:59:00+00:00
2016-07-05,2016,XAU-USD_1Minute_BID_2016-07-05_00_00-23_59_Etc_UTC.csv,processed,1380,XAUUSD_5m_BID_2016-07-05.csv,2016-07-05 00:00:00+00:00 to 2016-07-05 23:59:00+00:00
2016-07-06,2016,XAU-USD_1Minute_BID_2016-07-06_00_00-23_59_Etc_UTC.csv,processed,1380,XAUUSD_5m_BID_2016-07-06.csv,2016-07-06 00:00:00+00:00 to 2016-07-06 23:59:00+00:00
2016-07-07,2016,XAU-USD_1Minute_BID_2016-07-07_00_00-23_59_Etc_UTC.csv,processed,1380,XAUUSD_5m_BID_2016-07-07.csv,2016-07-07 00:00:00+00:00 to 2016-07-07 23:59:00+00:00
2016-07-08,2016,XAU-USD_1Minute_BID_2016-07-08_00_00-23_59_Etc_UTC.csv,processed,1260,XAUUSD_5m_BID_2016-07-08.csv,2016-07-08 00:00:00+00:00 to 2016-07-08 20:59:00+00:00
2016-07-10,2016,XAU-USD_1Minute_BID_2016-07-10_00_00-23_59_Etc_UTC.csv,processed,120,XAUUSD_5m_BID_2016-07-10.csv,2016-07-10 22:00:00+00:00 to 2016-07-10 23:59:00+00:00
2016-07-11,2016,XAU-USD_1Minute_BID_2016-07-11_00_00-23_59_Etc_UTC.csv,processed,1380,XAUUSD_5m_BID_2016-07-11.csv,2016-07-11 00:00:00+00:00 to 2016-07-11 23:59:00+00:00
2016-07-12,2016,XAU-USD_1Minute_BID_2016-07-12_00_00-23_59_Etc_UTC.csv,processed,1380,XAUUSD_5m_BID_2016-07-12.csv,2016-07-12 00:00:00+00:00 to 2016-07-12 23:59:00+00:00
2016-07-13,2016,XAU-USD_1Minute_BID_2016-07-13_00_00-23_59_Etc_UTC.csv,processed,1380,XAUUSD_5m_BID_2016-07-13.csv,2016-07-13 00:00:00+00:00 to 2016-07-13 23:59:00+00:00
2016-07-14,2016,XAU-USD_1Minute_BID_2016-07-14_00_00-23_59_Etc_UTC.csv,processed,1380,XAUUSD_5m_BID_2016-07-14.csv,2016-07-14 00:00:00+00:00 to 2016-07-14 23:59:00+00:00
2016-07-15,2016,XAU-USD_1Minute_BID_2016-07-15_00_00-23_59_Etc_UTC.csv,processed,1260,XAUUSD_5m_BID_2016-07-15.csv,2016-07-15 00:00:00+00:00 to 2016-07-15 20:59:00+00:00
2016-07-17,2016,XAU-USD_1Minute_BID_2016-07-17_00_00-23_59_Etc_UTC.csv,processed,120,XAUUSD_5m_BID_2016-07-17.csv,2016-07-17 22:00:00+00:00 to 2016-07-17 23:59:00+00:00
2016-07-18,2016,XAU-USD_1Minute_BID_2016-07-18_00_00-23_59_Etc_UTC.csv,processed,1380,XAUUSD_5m_BID_2016-07-18.csv,2016-07-18 00:00:00+00:00 to 2016-07-18 23:59:00+00:00
2016-07-19,2016,XAU-USD_1Minute_BID_2016-07-19_00_00-23_59_Etc_UTC.csv,processed,1380,XAUUSD_5m_BID_2016-07-19.csv,2016-07-19 00:00:00+00:00 to 2016-07-19 23:59:00+00:00
2016-07-20,2016,XAU-USD_1Minute_BID_2016-07-20_00_00-23_59_Etc_UTC.csv,processed,1380,XAUUSD_5m_BID_2016-07-20.csv,2016-07-20 00:00:00+00:00 to 2016-07-20 23:59:00+00:00
2016-07-21,2016,XAU-USD_1Minute_BID_2016-07-21_00_00-23_59_Etc_UTC.csv,processed,1380,XAUUSD_5m_BID_2016-07-21.csv,2016-07-21 00:00:00+00:00 to 2016-07-21 23:59:00+00:00
2016-07-22,2016,XAU-USD_1Minute_BID_2016-07-22_00_00-23_59_Etc_UTC.csv,processed,1260,XAUUSD_5m_BID_2016-07-22.csv,2016-07-22 00:00:00+00:00 to 2016-07-22 20:59:00+00:00
2016-07-24,2016,XAU-USD_1Minute_BID_2016-07-24_00_00-23_59_Etc_UTC.csv,processed,120,XAUUSD_5m_BID_2016-07-24.csv,2016-07-24 22:00:00+00:00 to 2016-07-24 23:59:00+00:00
2016-07-25,2016,XAU-USD_1Minute_BID_2016-07-25_00_00-23_59_Etc_UTC.csv,processed,1380,XAUUSD_5m_BID_2016-07-25.csv,2016-07-25 00:00:00+00:00 to 2016-07-25 23:59:00+00:00
2016-07-26,2016,XAU-USD_1Minute_BID_2016-07-26_00_00-23_59_Etc_UTC.csv,processed,1378,XAUUSD_5m_BID_2016-07-26.csv,2016-07-26 00:00:00+00:00 to 2016-07-26 23:59:00+00:00
2016-07-27,2016,XAU-USD_1Minute_BID_2016-07-27_00_00-23_59_Etc_UTC.csv,processed,1380,XAUUSD_5m_BID_2016-07-27.csv,2016-07-27 00:00:00+00:00 to 2016-07-27 23:59:00+00:00
2016-07-28,2016,XAU-USD_1Minute_BID_2016-07-28_00_00-23_59_Etc_UTC.csv,processed,1380,XAUUSD_5m_BID_2016-07-28.csv,2016-07-28 00:00:00+00:00 to 2016-07-28 23:59:00+00:00
2016-07-29,2016,XAU-USD_1Minute_BID_2016-07-29_00_00-23_59_Etc_UTC.csv,processed,1260,XAUUSD_5m_BID_2016-07-29.csv,2016-07-29 00:00:00+00:00 to 2016-07-29 20:59:00+00:00
2016-07-31,2016,XAU-USD_1Minute_BID_2016-07-31_00_00-23_59_Etc_UTC.csv,processed,120,XAUUSD_5m_BID_2016-07-31.csv,2016-07-31 22:00:00+00:00 to 2016-07-31 23:59:00+00:00
2016-08-01,2016,XAU-USD_1Minute_BID_2016-08-01_00_00-23_59_Etc_UTC.csv,processed,1380,XAUUSD_5m_BID_2016-08-01.csv,2016-08-01 00:00:00+00:00 to 2016-08-01 23:59:00+00:00
2016-08-02,2016,XAU-USD_1Minute_BID_2016-08-02_00_00-23_59_Etc_UTC.csv,processed,1380,XAUUSD_5m_BID_2016-08-02.csv,2016-08-02 00:00:00+00:00 to 2016-08-02 23:59:00+00:00
2016-08-03,2016,XAU-USD_1Minute_BID_2016-08-03_00_00-23_59_Etc_UTC.csv,processed,1380,XAUUSD_5m_BID_2016-08-03.csv,2016-08-03 00:00:00+00:00 to 2016-08-03 23:59:00+00:00
2016-08-04,2016,XAU-USD_1Minute_BID_2016-08-04_00_00-23_59_Etc_UTC.csv,processed,1380,XAUUSD_5m_BID_2016-08-04.csv,2016-08-04 00:00:00+00:00 to 2016-08-04 23:59:00+00:00
2016-08-05,2016,XAU-USD_1Minute_BID_2016-08-05_00_00-23_59_Etc_UTC.csv,processed,1260,XAUUSD_5m_BID_2016-08-05.csv,2016-08-05 00:00:00+00:00 to 2016-08-05 20:59:00+00:00
2016-08-07,2016,XAU-USD_1Minute_BID_2016-08-07_00_00-23_59_Etc_UTC.csv,processed,120,XAUUSD_5m_BID_2016-08-07.csv,2016-08-07 22:00:00+00:00 to 2016-08-07 23:59:00+00:00
2016-08-08,2016,XAU-USD_1Minute_BID_2016-08-08_00_00-23_59_Etc_UTC.csv,processed,1380,XAUUSD_5m_BID_2016-08-08.csv,2016-08-08 00:00:00+00:00 to 2016-08-08 23:59:00+00:00
2016-08-09,2016,XAU-USD_1Minute_BID_2016-08-09_00_00-23_59_Etc_UTC.csv,processed,1380,XAUUSD_5m_BID_2016-08-09.csv,2016-08-09 00:00:00+00:00 to 2016-08-09 23:59:00+00:00
2016-08-10,2016,XAU-USD_1Minute_BID_2016-08-10_00_00-23_59_Etc_UTC.csv,processed,1380,XAUUSD_5m_BID_2016-08-10.csv,2016-08-10 00:00:00+00:00 to 2016-08-10 23:59:00+00:00
2016-08-11,2016,XAU-USD_1Minute_BID_2016-08-11_00_00-23_59_Etc_UTC.csv,processed,1380,XAUUSD_5m_BID_2016-08-11.csv,2016-08-11 00:00:00+00:00 to 2016-08-11 23:59:00+00:00
2016-08-12,2016,XAU-USD_1Minute_BID_2016-08-12_00_00-23_59_Etc_UTC.csv,processed,1260,XAUUSD_5m_BID_2016-08-12.csv,2016-08-12 00:00:00+00:00 to 2016-08-12 20:59:00+00:00
2016-08-14,2016,XAU-USD_1Minute_BID_2016-08-14_00_00-23_59_Etc_UTC.csv,processed,120,XAUUSD_5m_BID_2016-08-14.csv,2016-08-14 22:00:00+00:00 to 2016-08-14 23:59:00+00:00
2016-08-15,2016,XAU-USD_1Minute_BID_2016-08-15_00_00-23_59_Etc_UTC.csv,processed,1380,XAUUSD_5m_BID_2016-08-15.csv,2016-08-15 00:00:00+00:00 to 2016-08-15 23:59:00+00:00
2016-08-16,2016,XAU-USD_1Minute_BID_2016-08-16_00_00-23_59_Etc_UTC.csv,processed,1380,XAUUSD_5m_BID_2016-08-16.csv,2016-08-16 00:00:00+00:00 to 2016-08-16 23:59:00+00:00
2016-08-17,2016,XAU-USD_1Minute_BID_2016-08-17_00_00-23_59_Etc_UTC.csv,processed,1380,XAUUSD_5m_BID_2016-08-17.csv,2016-08-17 00:00:00+00:00 to 2016-08-17 23:59:00+00:00
2016-08-18,2016,XAU-USD_1Minute_BID_2016-08-18_00_00-23_59_Etc_UTC.csv,processed,1380,XAUUSD_5m_BID_2016-08-18.csv,2016-08-18 00:00:00+00:00 to 2016-08-18 23:59:00+00:00
2016-08-19,2016,XAU-USD_1Minute_BID_2016-08-19_00_00-23_59_Etc_UTC.csv,processed,1260,XAUUSD_5m_BID_2016-08-19.csv,2016-08-19 00:00:00+00:00 to 2016-08-19 20:59:00+00:00
2016-08-21,2016,XAU-USD_1Minute_BID_2016-08-21_00_00-23_59_Etc_UTC.csv,processed,120,XAUUSD_5m_BID_2016-08-21.csv,2016-08-21 22:00:00+00:00 to 2016-08-21 23:59:00+00:00
2016-08-22,2016,XAU-USD_1Minute_BID_2016-08-22_00_00-23_59_Etc_UTC.csv,processed,1380,XAUUSD_5m_BID_2016-08-22.csv,2016-08-22 00:00:00+00:00 to 2016-08-22 23:59:00+00:00
2016-08-23,2016,XAU-USD_1Minute_BID_2016-08-23_00_00-23_59_Etc_UTC.csv,processed,1379,XAUUSD_5m_BID_2016-08-23.csv,2016-08-23 00:00:00+00:00 to 2016-08-23 23:59:00+00:00
2016-08-24,2016,XAU-USD_1Minute_BID_2016-08-24_00_00-23_59_Etc_UTC.csv,processed,1380,XAUUSD_5m_BID_2016-08-24.csv,2016-08-24 00:00:00+00:00 to 2016-08-24 23:59:00+00:00
2016-08-25,2016,XAU-USD_1Minute_BID_2016-08-25_00_00-23_59_Etc_UTC.csv,processed,1380,XAUUSD_5m_BID_2016-08-25.csv,2016-08-25 00:00:00+00:00 to 2016-08-25 23:59:00+00:00
2016-08-26,2016,XAU-USD_1Minute_BID_2016-08-26_00_00-23_59_Etc_UTC.csv,processed,1260,XAUUSD_5m_BID_2016-08-26.csv,2016-08-26 00:00:00+00:00 to 2016-08-26 20:59:00+00:00
2016-08-28,2016,XAU-USD_1Minute_BID_2016-08-28_00_00-23_59_Etc_UTC.csv,processed,120,XAUUSD_5m_BID_2016-08-28.csv,2016-08-28 22:00:00+00:00 to 2016-08-28 23:59:00+00:00
2016-08-29,2016,XAU-USD_1Minute_BID_2016-08-29_00_00-23_59_Etc_UTC.csv,processed,1380,XAUUSD_5m_BID_2016-08-29.csv,2016-08-29 00:00:00+00:00 to 2016-08-29 23:59:00+00:00
2016-08-30,2016,XAU-USD_1Minute_BID_2016-08-30_00_00-23_59_Etc_UTC.csv,processed,1380,XAUUSD_5m_BID_2016-08-30.csv,2016-08-30 00:00:00+00:00 to 2016-08-30 23:59:00+00:00
2016-08-31,2016,XAU-USD_1Minute_BID_2016-08-31_00_00-23_59_Etc_UTC.csv,processed,1380,XAUUSD_5m_BID_2016-08-31.csv,2016-08-31 00:00:00+00:00 to 2016-08-31 23:59:00+00:00
2016-09-01,2016,XAU-USD_1Minute_BID_2016-09-01_00_00-23_59_Etc_UTC.csv,processed,1380,XAUUSD_5m_BID_2016-09-01.csv,2016-09-01 00:00:00+00:00 to 2016-09-01 23:59:00+00:00
2016-09-02,2016,XAU-USD_1Minute_BID_2016-09-02_00_00-23_59_Etc_UTC.csv,processed,1260,XAUUSD_5m_BID_2016-09-02.csv,2016-09-02 00:00:00+00:00 to 2016-09-02 20:59:00+00:00
2016-09-04,2016,XAU-USD_1Minute_BID_2016-09-04_00_00-23_59_Etc_UTC.csv,processed,120,XAUUSD_5m_BID_2016-09-04.csv,2016-09-04 22:00:00+00:00 to 2016-09-04 23:59:00+00:00
2016-09-05,2016,XAU-USD_1Minute_BID_2016-09-05_00_00-23_59_Etc_UTC.csv,processed,1141,XAUUSD_5m_BID_2016-09-05.csv,2016-09-05 00:00:00+00:00 to 2016-09-05 23:59:00+00:00
2016-09-06,2016,XAU-USD_1Minute_BID_2016-09-06_00_00-23_59_Etc_UTC.csv,processed,1380,XAUUSD_5m_BID_2016-09-06.csv,2016-09-06 00:00:00+00:00 to 2016-09-06 23:59:00+00:00
2016-09-07,2016,XAU-USD_1Minute_BID_2016-09-07_00_00-23_59_Etc_UTC.csv,processed,1380,XAUUSD_5m_BID_2016-09-07.csv,2016-09-07 00:00:00+00:00 to 2016-09-07 23:59:00+00:00
2016-09-08,2016,XAU-USD_1Minute_BID_2016-09-08_00_00-23_59_Etc_UTC.csv,processed,1380,XAUUSD_5m_BID_2016-09-08.csv,2016-09-08 00:00:00+00:00 to 2016-09-08 23:59:00+00:00
2016-09-09,2016,XAU-USD_1Minute_BID_2016-09-09_00_00-23_59_Etc_UTC.csv,processed,1260,XAUUSD_5m_BID_2016-09-09.csv,2016-09-09 00:00:00+00:00 to 2016-09-09 20:59:00+00:00
2016-09-11,2016,XAU-USD_1Minute_BID_2016-09-11_00_00-23_59_Etc_UTC.csv,processed,120,XAUUSD_5m_BID_2016-09-11.csv,2016-09-11 22:00:00+00:00 to 2016-09-11 23:59:00+00:00
2016-09-12,2016,XAU-USD_1Minute_BID_2016-09-12_00_00-23_59_Etc_UTC.csv,processed,1380,XAUUSD_5m_BID_2016-09-12.csv,2016-09-12 00:00:00+00:00 to 2016-09-12 23:59:00+00:00
2016-09-13,2016,XAU-USD_1Minute_BID_2016-09-13_00_00-23_59_Etc_UTC.csv,processed,1380,XAUUSD_5m_BID_2016-09-13.csv,2016-09-13 00:00:00+00:00 to 2016-09-13 23:59:00+00:00
2016-09-14,2016,XAU-USD_1Minute_BID_2016-09-14_00_00-23_59_Etc_UTC.csv,processed,1380,XAUUSD_5m_BID_2016-09-14.csv,2016-09-14 00:00:00+00:00 to 2016-09-14 23:59:00+00:00
2016-09-15,2016,XAU-USD_1Minute_BID_2016-09-15_00_00-23_59_Etc_UTC.csv,processed,1380,XAUUSD_5m_BID_2016-09-15.csv,2016-09-15 00:00:00+00:00 to 2016-09-15 23:59:00+00:00
2016-09-16,2016,XAU-USD_1Minute_BID_2016-09-16_00_00-23_59_Etc_UTC.csv,processed,1260,XAUUSD_5m_BID_2016-09-16.csv,2016-09-16 00:00:00+00:00 to 2016-09-16 20:59:00+00:00
2016-09-18,2016,XAU-USD_1Minute_BID_2016-09-18_00_00-23_59_Etc_UTC.csv,processed,120,XAUUSD_5m_BID_2016-09-18.csv,2016-09-18 22:00:00+00:00 to 2016-09-18 23:59:00+00:00
2016-09-19,2016,XAU-USD_1Minute_BID_2016-09-19_00_00-23_59_Etc_UTC.csv,processed,1380,XAUUSD_5m_BID_2016-09-19.csv,2016-09-19 00:00:00+00:00 to 2016-09-19 23:59:00+00:00
2016-09-20,2016,XAU-USD_1Minute_BID_2016-09-20_00_00-23_59_Etc_UTC.csv,processed,1379,XAUUSD_5m_BID_2016-09-20.csv,2016-09-20 00:00:00+00:00 to 2016-09-20 23:59:00+00:00
2016-09-21,2016,XAU-USD_1Minute_BID_2016-09-21_00_00-23_59_Etc_UTC.csv,processed,1380,XAUUSD_5m_BID_2016-09-21.csv,2016-09-21 00:00:00+00:00 to 2016-09-21 23:59:00+00:00
2016-09-22,2016,XAU-USD_1Minute_BID_2016-09-22_00_00-23_59_Etc_UTC.csv,processed,1380,XAUUSD_5m_BID_2016-09-22.csv,2016-09-22 00:00:00+00:00 to 2016-09-22 23:59:00+00:00
2016-09-23,2016,XAU-USD_1Minute_BID_2016-09-23_00_00-23_59_Etc_UTC.csv,processed,1259,XAUUSD_5m_BID_2016-09-23.csv,2016-09-23 00:00:00+00:00 to 2016-09-23 20:59:00+00:00
2016-09-25,2016,XAU-USD_1Minute_BID_2016-09-25_00_00-23_59_Etc_UTC.csv,processed,120,XAUUSD_5m_BID_2016-09-25.csv,2016-09-25 22:00:00+00:00 to 2016-09-25 23:59:00+00:00
2016-09-26,2016,XAU-USD_1Minute_BID_2016-09-26_00_00-23_59_Etc_UTC.csv,processed,1380,XAUUSD_5m_BID_2016-09-26.csv,2016-09-26 00:00:00+00:00 to 2016-09-26 23:59:00+00:00
2016-09-27,2016,XAU-USD_1Minute_BID_2016-09-27_00_00-23_59_Etc_UTC.csv,processed,1380,XAUUSD_5m_BID_2016-09-27.csv,2016-09-27 00:00:00+00:00 to 2016-09-27 23:59:00+00:00
2016-09-28,2016,XAU-USD_1Minute_BID_2016-09-28_00_00-23_59_Etc_UTC.csv,processed,1380,XAUUSD_5m_BID_2016-09-28.csv,2016-09-28 00:00:00+00:00 to 2016-09-28 23:59:00+00:00
2016-09-29,2016,XAU-USD_1Minute_BID_2016-09-29_00_00-23_59_Etc_UTC.csv,processed,1380,XAUUSD_5m_BID_2016-09-29.csv,2016-09-29 00:00:00+00:00 to 2016-09-29 23:59:00+00:00
2016-09-30,2016,XAU-USD_1Minute_BID_2016-09-30_00_00-23_59_Etc_UTC.csv,processed,1260,XAUUSD_5m_BID_2016-09-30.csv,2016-09-30 00:00:00+00:00 to 2016-09-30 20:59:00+00:00
2016-10-02,2016,XAU-USD_1Minute_BID_2016-10-02_00_00-23_59_Etc_UTC.csv,processed,120,XAUUSD_5m_BID_2016-10-02.csv,2016-10-02 22:00:00+00:00 to 2016-10-02 23:59:00+00:00
2016-10-03,2016,XAU-USD_1Minute_BID_2016-10-03_00_00-23_59_Etc_UTC.csv,processed,1380,XAUUSD_5m_BID_2016-10-03.csv,2016-10-03 00:00:00+00:00 to 2016-10-03 23:59:00+00:00
2016-10-04,2016,XAU-USD_1Minute_BID_2016-10-04_00_00-23_59_Etc_UTC.csv,processed,1380,XAUUSD_5m_BID_2016-10-04.csv,2016-10-04 00:00:00+00:00 to 2016-10-04 23:59:00+00:00
2016-10-05,2016,XAU-USD_1Minute_BID_2016-10-05_00_00-23_59_Etc_UTC.csv,processed,1380,XAUUSD_5m_BID_2016-10-05.csv,2016-10-05 00:00:00+00:00 to 2016-10-05 23:59:00+00:00
2016-10-06,2016,XAU-USD_1Minute_BID_2016-10-06_00_00-23_59_Etc_UTC.csv,processed,1380,XAUUSD_5m_BID_2016-10-06.csv,2016-10-06 00:00:00+00:00 to 2016-10-06 23:59:00+00:00
2016-10-07,2016,XAU-USD_1Minute_BID_2016-10-07_00_00-23_59_Etc_UTC.csv,processed,1260,XAUUSD_5m_BID_2016-10-07.csv,2016-10-07 00:00:00+00:00 to 2016-10-07 20:59:00+00:00
2016-10-09,2016,XAU-USD_1Minute_BID_2016-10-09_00_00-23_59_Etc_UTC.csv,processed,120,XAUUSD_5m_BID_2016-10-09.csv,2016-10-09 22:00:00+00:00 to 2016-10-09 23:59:00+00:00
2016-10-10,2016,XAU-USD_1Minute_BID_2016-10-10_00_00-23_59_Etc_UTC.csv,processed,1379,XAUUSD_5m_BID_2016-10-10.csv,2016-10-10 00:00:00+00:00 to 2016-10-10 23:59:00+00:00
2016-10-11,2016,XAU-USD_1Minute_BID_2016-10-11_00_00-23_59_Etc_UTC.csv,processed,1380,XAUUSD_5m_BID_2016-10-11.csv,2016-10-11 00:00:00+00:00 to 2016-10-11 23:59:00+00:00
2016-10-12,2016,XAU-USD_1Minute_BID_2016-10-12_00_00-23_59_Etc_UTC.csv,processed,1380,XAUUSD_5m_BID_2016-10-12.csv,2016-10-12 00:00:00+00:00 to 2016-10-12 23:59:00+00:00
2016-10-13,2016,XAU-USD_1Minute_BID_2016-10-13_00_00-23_59_Etc_UTC.csv,processed,1380,XAUUSD_5m_BID_2016-10-13.csv,2016-10-13 00:00:00+00:00 to 2016-10-13 23:59:00+00:00
2016-10-14,2016,XAU-USD_1Minute_BID_2016-10-14_00_00-23_59_Etc_UTC.csv,processed,1260,XAUUSD_5m_BID_2016-10-14.csv,2016-10-14 00:00:00+00:00 to 2016-10-14 20:59:00+00:00
2016-10-16,2016,XAU-USD_1Minute_BID_2016-10-16_00_00-23_59_Etc_UTC.csv,processed,120,XAUUSD_5m_BID_2016-10-16.csv,2016-10-16 22:00:00+00:00 to 2016-10-16 23:59:00+00:00
2016-10-17,2016,XAU-USD_1Minute_BID_2016-10-17_00_00-23_59_Etc_UTC.csv,processed,1380,XAUUSD_5m_BID_2016-10-17.csv,2016-10-17 00:00:00+00:00 to 2016-10-17 23:59:00+00:00
2016-10-18,2016,XAU-USD_1Minute_BID_2016-10-18_00_00-23_59_Etc_UTC.csv,processed,1380,XAUUSD_5m_BID_2016-10-18.csv,2016-10-18 00:00:00+00:00 to 2016-10-18 23:59:00+00:00
2016-10-19,2016,XAU-USD_1Minute_BID_2016-10-19_00_00-23_59_Etc_UTC.csv,processed,1380,XAUUSD_5m_BID_2016-10-19.csv,2016-10-19 00:00:00+00:00 to 2016-10-19 23:59:00+00:00
2016-10-20,2016,XAU-USD_1Minute_BID_2016-10-20_00_00-23_59_Etc_UTC.csv,processed,1380,XAUUSD_5m_BID_2016-10-20.csv,2016-10-20 00:00:00+00:00 to 2016-10-20 23:59:00+00:00
2016-10-21,2016,XAU-USD_1Minute_BID_2016-10-21_00_00-23_59_Etc_UTC.csv,processed,1260,XAUUSD_5m_BID_2016-10-21.csv,2016-10-21 00:00:00+00:00 to 2016-10-21 20:59:00+00:00
2016-10-23,2016,XAU-USD_1Minute_BID_2016-10-23_00_00-23_59_Etc_UTC.csv,processed,120,XAUUSD_5m_BID_2016-10-23.csv,2016-10-23 22:00:00+00:00 to 2016-10-23 23:59:00+00:00
2016-10-24,2016,XAU-USD_1Minute_BID_2016-10-24_00_00-23_59_Etc_UTC.csv,processed,1380,XAUUSD_5m_BID_2016-10-24.csv,2016-10-24 00:00:00+00:00 to 2016-10-24 23:59:00+00:00
2016-10-25,2016,XAU-USD_1Minute_BID_2016-10-25_00_00-23_59_Etc_UTC.csv,processed,1380,XAUUSD_5m_BID_2016-10-25.csv,2016-10-25 00:00:00+00:00 to 2016-10-25 23:59:00+00:00
2016-10-26,2016,XAU-USD_1Minute_BID_2016-10-26_00_00-23_59_Etc_UTC.csv,processed,1380,XAUUSD_5m_BID_2016-10-26.csv,2016-10-26 00:00:00+00:00 to 2016-10-26 23:59:00+00:00
2016-10-27,2016,XAU-USD_1Minute_BID_2016-10-27_00_00-23_59_Etc_UTC.csv,processed,1380,XAUUSD_5m_BID_2016-10-27.csv,2016-10-27 00:00:00+00:00 to 2016-10-27 23:59:00+00:00
2016-10-28,2016,XAU-USD_1Minute_BID_2016-10-28_00_00-23_59_Etc_UTC.csv,processed,1259,XAUUSD_5m_BID_2016-10-28.csv,2016-10-28 00:00:00+00:00 to 2016-10-28 20:59:00+00:00
2016-10-30,2016,XAU-USD_1Minute_BID_2016-10-30_00_00-23_59_Etc_UTC.csv,processed,119,XAUUSD_5m_BID_2016-10-30.csv,2016-10-30 22:00:00+00:00 to 2016-10-30 23:59:00+00:00
2016-10-31,2016,XAU-USD_1Minute_BID_2016-10-31_00_00-23_59_Etc_UTC.csv,processed,1378,XAUUSD_5m_BID_2016-10-31.csv,2016-10-31 00:00:00+00:00 to 2016-10-31 23:59:00+00:00
2016-11-01,2016,XAU-USD_1Minute_BID_2016-11-01_00_00-23_59_Etc_UTC.csv,processed,1380,XAUUSD_5m_BID_2016-11-01.csv,2016-11-01 00:00:00+00:00 to 2016-11-01 23:59:00+00:00
2016-11-02,2016,XAU-USD_1Minute_BID_2016-11-02_00_00-23_59_Etc_UTC.csv,processed,1380,XAUUSD_5m_BID_2016-11-02.csv,2016-11-02 00:00:00+00:00 to 2016-11-02 23:59:00+00:00
2016-11-03,2016,XAU-USD_1Minute_BID_2016-11-03_00_00-23_59_Etc_UTC.csv,processed,1380,XAUUSD_5m_BID_2016-11-03.csv,2016-11-03 00:00:00+00:00 to 2016-11-03 23:59:00+00:00
2016-11-04,2016,XAU-USD_1Minute_BID_2016-11-04_00_00-23_59_Etc_UTC.csv,processed,1260,XAUUSD_5m_BID_2016-11-04.csv,2016-11-04 00:00:00+00:00 to 2016-11-04 20:59:00+00:00
2016-11-06,2016,XAU-USD_1Minute_BID_2016-11-06_00_00-23_59_Etc_UTC.csv,processed,60,XAUUSD_5m_BID_2016-11-06.csv,2016-11-06 23:00:00+00:00 to 2016-11-06 23:59:00+00:00
2016-11-07,2016,XAU-USD_1Minute_BID_2016-11-07_00_00-23_59_Etc_UTC.csv,processed,1380,XAUUSD_5m_BID_2016-11-07.csv,2016-11-07 00:00:00+00:00 to 2016-11-07 23:59:00+00:00
2016-11-08,2016,XAU-USD_1Minute_BID_2016-11-08_00_00-23_59_Etc_UTC.csv,processed,1380,XAUUSD_5m_BID_2016-11-08.csv,2016-11-08 00:00:00+00:00 to 2016-11-08 23:59:00+00:00
2016-11-09,2016,XAU-USD_1Minute_BID_2016-11-09_00_00-23_59_Etc_UTC.csv,processed,1380,XAUUSD_5m_BID_2016-11-09.csv,2016-11-09 00:00:00+00:00 to 2016-11-09 23:59:00+00:00
2016-11-10,2016,XAU-USD_1Minute_BID_2016-11-10_00_00-23_59_Etc_UTC.csv,processed,1380,XAUUSD_5m_BID_2016-11-10.csv,2016-11-10 00:00:00+00:00 to 2016-11-10 23:59:00+00:00
2016-11-11,2016,XAU-USD_1Minute_BID_2016-11-11_00_00-23_59_Etc_UTC.csv,processed,1320,XAUUSD_5m_BID_2016-11-11.csv,2016-11-11 00:00:00+00:00 to 2016-11-11 21:59:00+00:00
2016-11-13,2016,XAU-USD_1Minute_BID_2016-11-13_00_00-23_59_Etc_UTC.csv,processed,60,XAUUSD_5m_BID_2016-11-13.csv,2016-11-13 23:00:00+00:00 to 2016-11-13 23:59:00+00:00
2016-11-14,2016,XAU-USD_1Minute_BID_2016-11-14_00_00-23_59_Etc_UTC.csv,processed,1380,XAUUSD_5m_BID_2016-11-14.csv,2016-11-14 00:00:00+00:00 to 2016-11-14 23:59:00+00:00
2016-11-15,2016,XAU-USD_1Minute_BID_2016-11-15_00_00-23_59_Etc_UTC.csv,processed,1380,XAUUSD_5m_BID_2016-11-15.csv,2016-11-15 00:00:00+00:00 to 2016-11-15 23:59:00+00:00
2016-11-16,2016,XAU-USD_1Minute_BID_2016-11-16_00_00-23_59_Etc_UTC.csv,processed,1380,XAUUSD_5m_BID_2016-11-16.csv,2016-11-16 00:00:00+00:00 to 2016-11-16 23:59:00+00:00
2016-11-17,2016,XAU-USD_1Minute_BID_2016-11-17_00_00-23_59_Etc_UTC.csv,processed,1380,XAUUSD_5m_BID_2016-11-17.csv,2016-11-17 00:00:00+00:00 to 2016-11-17 23:59:00+00:00
2016-11-18,2016,XAU-USD_1Minute_BID_2016-11-18_00_00-23_59_Etc_UTC.csv,processed,1320,XAUUSD_5m_BID_2016-11-18.csv,2016-11-18 00:00:00+00:00 to 2016-11-18 21:59:00+00:00
2016-11-20,2016,XAU-USD_1Minute_BID_2016-11-20_00_00-23_59_Etc_UTC.csv,processed,60,XAUUSD_5m_BID_2016-11-20.csv,2016-11-20 23:00:00+00:00 to 2016-11-20 23:59:00+00:00
2016-11-21,2016,XAU-USD_1Minute_BID_2016-11-21_00_00-23_59_Etc_UTC.csv,processed,1380,XAUUSD_5m_BID_2016-11-21.csv,2016-11-21 00:00:00+00:00 to 2016-11-21 23:59:00+00:00
2016-11-22,2016,XAU-USD_1Minute_BID_2016-11-22_00_00-23_59_Etc_UTC.csv,processed,1375,XAUUSD_5m_BID_2016-11-22.csv,2016-11-22 00:00:00+00:00 to 2016-11-22 23:59:00+00:00
2016-11-23,2016,XAU-USD_1Minute_BID_2016-11-23_00_00-23_59_Etc_UTC.csv,processed,1364,XAUUSD_5m_BID_2016-11-23.csv,2016-11-23 00:00:00+00:00 to 2016-11-23 23:59:00+00:00
2016-11-24,2016,XAU-USD_1Minute_BID_2016-11-24_00_00-23_59_Etc_UTC.csv,processed,1141,XAUUSD_5m_BID_2016-11-24.csv,2016-11-24 00:00:00+00:00 to 2016-11-24 23:59:00+00:00
2016-11-25,2016,XAU-USD_1Minute_BID_2016-11-25_00_00-23_59_Etc_UTC.csv,processed,1125,XAUUSD_5m_BID_2016-11-25.csv,2016-11-25 00:00:00+00:00 to 2016-11-25 18:44:00+00:00
2016-11-27,2016,XAU-USD_1Minute_BID_2016-11-27_00_00-23_59_Etc_UTC.csv,processed,60,XAUUSD_5m_BID_2016-11-27.csv,2016-11-27 23:00:00+00:00 to 2016-11-27 23:59:00+00:00
2016-11-28,2016,XAU-USD_1Minute_BID_2016-11-28_00_00-23_59_Etc_UTC.csv,processed,1380,XAUUSD_5m_BID_2016-11-28.csv,2016-11-28 00:00:00+00:00 to 2016-11-28 23:59:00+00:00
2016-11-29,2016,XAU-USD_1Minute_BID_2016-11-29_00_00-23_59_Etc_UTC.csv,processed,1380,XAUUSD_5m_BID_2016-11-29.csv,2016-11-29 00:00:00+00:00 to 2016-11-29 23:59:00+00:00
2016-11-30,2016,XAU-USD_1Minute_BID_2016-11-30_00_00-23_59_Etc_UTC.csv,processed,1380,XAUUSD_5m_BID_2016-11-30.csv,2016-11-30 00:00:00+00:00 to 2016-11-30 23:59:00+00:00
2016-12-01,2016,XAU-USD_1Minute_BID_2016-12-01_00_00-23_59_Etc_UTC.csv,processed,1380,XAUUSD_5m_BID_2016-12-01.csv,2016-12-01 00:00:00+00:00 to 2016-12-01 23:59:00+00:00
2016-12-02,2016,XAU-USD_1Minute_BID_2016-12-02_00_00-23_59_Etc_UTC.csv,processed,1320,XAUUSD_5m_BID_2016-12-02.csv,2016-12-02 00:00:00+00:00 to 2016-12-02 21:59:00+00:00
2016-12-04,2016,XAU-USD_1Minute_BID_2016-12-04_00_00-23_59_Etc_UTC.csv,processed,60,XAUUSD_5m_BID_2016-12-04.csv,2016-12-04 23:00:00+00:00 to 2016-12-04 23:59:00+00:00
2016-12-05,2016,XAU-USD_1Minute_BID_2016-12-05_00_00-23_59_Etc_UTC.csv,processed,1380,XAUUSD_5m_BID_2016-12-05.csv,2016-12-05 00:00:00+00:00 to 2016-12-05 23:59:00+00:00
2016-12-06,2016,XAU-USD_1Minute_BID_2016-12-06_00_00-23_59_Etc_UTC.csv,processed,1380,XAUUSD_5m_BID_2016-12-06.csv,2016-12-06 00:00:00+00:00 to 2016-12-06 23:59:00+00:00
2016-12-07,2016,XAU-USD_1Minute_BID_2016-12-07_00_00-23_59_Etc_UTC.csv,processed,1380,XAUUSD_5m_BID_2016-12-07.csv,2016-12-07 00:00:00+00:00 to 2016-12-07 23:59:00+00:00
2016-12-08,2016,XAU-USD_1Minute_BID_2016-12-08_00_00-23_59_Etc_UTC.csv,processed,1380,XAUUSD_5m_BID_2016-12-08.csv,2016-12-08 00:00:00+00:00 to 2016-12-08 23:59:00+00:00
2016-12-09,2016,XAU-USD_1Minute_BID_2016-12-09_00_00-23_59_Etc_UTC.csv,processed,1320,XAUUSD_5m_BID_2016-12-09.csv,2016-12-09 00:00:00+00:00 to 2016-12-09 21:59:00+00:00
2016-12-11,2016,XAU-USD_1Minute_BID_2016-12-11_00_00-23_59_Etc_UTC.csv,processed,60,XAUUSD_5m_BID_2016-12-11.csv,2016-12-11 23:00:00+00:00 to 2016-12-11 23:59:00+00:00
2016-12-12,2016,XAU-USD_1Minute_BID_2016-12-12_00_00-23_59_Etc_UTC.csv,processed,1380,XAUUSD_5m_BID_2016-12-12.csv,2016-12-12 00:00:00+00:00 to 2016-12-12 23:59:00+00:00
2016-12-13,2016,XAU-USD_1Minute_BID_2016-12-13_00_00-23_59_Etc_UTC.csv,processed,1380,XAUUSD_5m_BID_2016-12-13.csv,2016-12-13 00:00:00+00:00 to 2016-12-13 23:59:00+00:00
2016-12-14,2016,XAU-USD_1Minute_BID_2016-12-14_00_00-23_59_Etc_UTC.csv,processed,1380,XAUUSD_5m_BID_2016-12-14.csv,2016-12-14 00:00:00+00:00 to 2016-12-14 23:59:00+00:00
2016-12-15,2016,XAU-USD_1Minute_BID_2016-12-15_00_00-23_59_Etc_UTC.csv,processed,1380,XAUUSD_5m_BID_2016-12-15.csv,2016-12-15 00:00:00+00:00 to 2016-12-15 23:59:00+00:00
2016-12-16,2016,XAU-USD_1Minute_BID_2016-12-16_00_00-23_59_Etc_UTC.csv,processed,1320,XAUUSD_5m_BID_2016-12-16.csv,2016-12-16 00:00:00+00:00 to 2016-12-16 21:59:00+00:00
2016-12-18,2016,XAU-USD_1Minute_BID_2016-12-18_00_00-23_59_Etc_UTC.csv,processed,60,XAUUSD_5m_BID_2016-12-18.csv,2016-12-18 23:00:00+00:00 to 2016-12-18 23:59:00+00:00
2016-12-19,2016,XAU-USD_1Minute_BID_2016-12-19_00_00-23_59_Etc_UTC.csv,processed,1380,XAUUSD_5m_BID_2016-12-19.csv,2016-12-19 00:00:00+00:00 to 2016-12-19 23:59:00+00:00
2016-12-20,2016,XAU-USD_1Minute_BID_2016-12-20_00_00-23_59_Etc_UTC.csv,processed,1380,XAUUSD_5m_BID_2016-12-20.csv,2016-12-20 00:00:00+00:00 to 2016-12-20 23:59:00+00:00
2016-12-21,2016,XAU-USD_1Minute_BID_2016-12-21_00_00-23_59_Etc_UTC.csv,processed,1380,XAUUSD_5m_BID_2016-12-21.csv,2016-12-21 00:00:00+00:00 to 2016-12-21 23:59:00+00:00
2016-12-22,2016,XAU-USD_1Minute_BID_2016-12-22_00_00-23_59_Etc_UTC.csv,processed,1379,XAUUSD_5m_BID_2016-12-22.csv,2016-12-22 00:00:00+00:00 to 2016-12-22 23:59:00+00:00
2016-12-23,2016,XAU-USD_1Minute_BID_2016-12-23_00_00-23_59_Etc_UTC.csv,processed,1319,XAUUSD_5m_BID_2016-12-23.csv,2016-12-23 00:00:00+00:00 to 2016-12-23 21:59:00+00:00
2016-12-26,2016,XAU-USD_1Minute_BID_2016-12-26_00_00-23_59_Etc_UTC.csv,processed,60,XAUUSD_5m_BID_2016-12-26.csv,2016-12-26 23:00:00+00:00 to 2016-12-26 23:59:00+00:00
2016-12-27,2016,XAU-USD_1Minute_BID_2016-12-27_00_00-23_59_Etc_UTC.csv,processed,1378,XAUUSD_5m_BID_2016-12-27.csv,2016-12-27 00:00:00+00:00 to 2016-12-27 23:59:00+00:00
2016-12-28,2016,XAU-USD_1Minute_BID_2016-12-28_00_00-23_59_Etc_UTC.csv,processed,1380,XAUUSD_5m_BID_2016-12-28.csv,2016-12-28 00:00:00+00:00 to 2016-12-28 23:59:00+00:00
2016-12-29,2016,XAU-USD_1Minute_BID_2016-12-29_00_00-23_59_Etc_UTC.csv,processed,1380,XAUUSD_5m_BID_2016-12-29.csv,2016-12-29 00:00:00+00:00 to 2016-12-29 23:59:00+00:00
2016-12-30,2016,XAU-USD_1Minute_BID_2016-12-30_00_00-23_59_Etc_UTC.csv,processed,1319,XAUUSD_5m_BID_2016-12-30.csv,2016-12-30 00:00:00+00:00 to 2016-12-30 21:59:00+00:00
2017-01-02,2017,XAU-USD_1Minute_BID_2017-01-02_00_00-23_59_Etc_UTC.csv,processed,60,XAUUSD_5m_BID_2017-01-02.csv,2017-01-02 23:00:00+00:00 to 2017-01-02 23:59:00+00:00
2017-01-03,2017,XAU-USD_1Minute_BID_2017-01-03_00_00-23_59_Etc_UTC.csv,processed,1380,XAUUSD_5m_BID_2017-01-03.csv,2017-01-03 00:00:00+00:00 to 2017-01-03 23:59:00+00:00
2017-01-04,2017,XAU-USD_1Minute_BID_2017-01-04_00_00-23_59_Etc_UTC.csv,processed,1380,XAUUSD_5m_BID_2017-01-04.csv,2017-01-04 00:00:00+00:00 to 2017-01-04 23:59:00+00:00
2017-01-05,2017,XAU-USD_1Minute_BID_2017-01-05_00_00-23_59_Etc_UTC.csv,processed,1380,XAUUSD_5m_BID_2017-01-05.csv,2017-01-05 00:00:00+00:00 to 2017-01-05 23:59:00+00:00
2017-01-06,2017,XAU-USD_1Minute_BID_2017-01-06_00_00-23_59_Etc_UTC.csv,processed,1320,XAUUSD_5m_BID_2017-01-06.csv,2017-01-06 00:00:00+00:00 to 2017-01-06 21:59:00+00:00
2017-01-08,2017,XAU-USD_1Minute_BID_2017-01-08_00_00-23_59_Etc_UTC.csv,processed,60,XAUUSD_5m_BID_2017-01-08.csv,2017-01-08 23:00:00+00:00 to 2017-01-08 23:59:00+00:00
2017-01-09,2017,XAU-USD_1Minute_BID_2017-01-09_00_00-23_59_Etc_UTC.csv,processed,1370,XAUUSD_5m_BID_2017-01-09.csv,2017-01-09 00:00:00+00:00 to 2017-01-09 23:59:00+00:00
2017-01-10,2017,XAU-USD_1Minute_BID_2017-01-10_00_00-23_59_Etc_UTC.csv,processed,1379,XAUUSD_5m_BID_2017-01-10.csv,2017-01-10 00:00:00+00:00 to 2017-01-10 23:59:00+00:00
2017-01-11,2017,XAU-USD_1Minute_BID_2017-01-11_00_00-23_59_Etc_UTC.csv,processed,1379,XAUUSD_5m_BID_2017-01-11.csv,2017-01-11 00:00:00+00:00 to 2017-01-11 23:59:00+00:00
2017-01-12,2017,XAU-USD_1Minute_BID_2017-01-12_00_00-23_59_Etc_UTC.csv,processed,1380,XAUUSD_5m_BID_2017-01-12.csv,2017-01-12 00:00:00+00:00 to 2017-01-12 23:59:00+00:00
2017-01-13,2017,XAU-USD_1Minute_BID_2017-01-13_00_00-23_59_Etc_UTC.csv,processed,1320,XAUUSD_5m_BID_2017-01-13.csv,2017-01-13 00:00:00+00:00 to 2017-01-13 21:59:00+00:00
2017-01-15,2017,XAU-USD_1Minute_BID_2017-01-15_00_00-23_59_Etc_UTC.csv,processed,60,XAUUSD_5m_BID_2017-01-15.csv,2017-01-15 23:00:00+00:00 to 2017-01-15 23:59:00+00:00
2017-01-16,2017,XAU-USD_1Minute_BID_2017-01-16_00_00-23_59_Etc_UTC.csv,processed,1111,XAUUSD_5m_BID_2017-01-16.csv,2017-01-16 00:00:00+00:00 to 2017-01-16 23:59:00+00:00
2017-01-17,2017,XAU-USD_1Minute_BID_2017-01-17_00_00-23_59_Etc_UTC.csv,processed,1380,XAUUSD_5m_BID_2017-01-17.csv,2017-01-17 00:00:00+00:00 to 2017-01-17 23:59:00+00:00
2017-01-18,2017,XAU-USD_1Minute_BID_2017-01-18_00_00-23_59_Etc_UTC.csv,processed,1380,XAUUSD_5m_BID_2017-01-18.csv,2017-01-18 00:00:00+00:00 to 2017-01-18 23:59:00+00:00
2017-01-19,2017,XAU-USD_1Minute_BID_2017-01-19_00_00-23_59_Etc_UTC.csv,processed,1380,XAUUSD_5m_BID_2017-01-19.csv,2017-01-19 00:00:00+00:00 to 2017-01-19 23:59:00+00:00
2017-01-20,2017,XAU-USD_1Minute_BID_2017-01-20_00_00-23_59_Etc_UTC.csv,processed,1320,XAUUSD_5m_BID_2017-01-20.csv,2017-01-20 00:00:00+00:00 to 2017-01-20 21:59:00+00:00
2017-01-22,2017,XAU-USD_1Minute_BID_2017-01-22_00_00-23_59_Etc_UTC.csv,processed,60,XAUUSD_5m_BID_2017-01-22.csv,2017-01-22 23:00:00+00:00 to 2017-01-22 23:59:00+00:00
2017-01-23,2017,XAU-USD_1Minute_BID_2017-01-23_00_00-23_59_Etc_UTC.csv,processed,1380,XAUUSD_5m_BID_2017-01-23.csv,2017-01-23 00:00:00+00:00 to 2017-01-23 23:59:00+00:00
2017-01-24,2017,XAU-USD_1Minute_BID_2017-01-24_00_00-23_59_Etc_UTC.csv,processed,1380,XAUUSD_5m_BID_2017-01-24.csv,2017-01-24 00:00:00+00:00 to 2017-01-24 23:59:00+00:00
2017-01-25,2017,XAU-USD_1Minute_BID_2017-01-25_00_00-23_59_Etc_UTC.csv,processed,1380,XAUUSD_5m_BID_2017-01-25.csv,2017-01-25 00:00:00+00:00 to 2017-01-25 23:59:00+00:00
2017-01-26,2017,XAU-USD_1Minute_BID_2017-01-26_00_00-23_59_Etc_UTC.csv,processed,1380,XAUUSD_5m_BID_2017-01-26.csv,2017-01-26 00:00:00+00:00 to 2017-01-26 23:59:00+00:00
2017-01-27,2017,XAU-USD_1Minute_BID_2017-01-27_00_00-23_59_Etc_UTC.csv,processed,1320,XAUUSD_5m_BID_2017-01-27.csv,2017-01-27 00:00:00+00:00 to 2017-01-27 21:59:00+00:00
2017-01-29,2017,XAU-USD_1Minute_BID_2017-01-29_00_00-23_59_Etc_UTC.csv,processed,60,XAUUSD_5m_BID_2017-01-29.csv,2017-01-29 23:00:00+00:00 to 2017-01-29 23:59:00+00:00
2017-01-30,2017,XAU-USD_1Minute_BID_2017-01-30_00_00-23_59_Etc_UTC.csv,processed,1379,XAUUSD_5m_BID_2017-01-30.csv,2017-01-30 00:00:00+00:00 to 2017-01-30 23:59:00+00:00
2017-01-31,2017,XAU-USD_1Minute_BID_2017-01-31_00_00-23_59_Etc_UTC.csv,processed,1380,XAUUSD_5m_BID_2017-01-31.csv,2017-01-31 00:00:00+00:00 to 2017-01-31 23:59:00+00:00
2017-02-01,2017,XAU-USD_1Minute_BID_2017-02-01_00_00-23_59_Etc_UTC.csv,processed,1380,XAUUSD_5m_BID_2017-02-01.csv,2017-02-01 00:00:00+00:00 to 2017-02-01 23:59:00+00:00
2017-02-02,2017,XAU-USD_1Minute_BID_2017-02-02_00_00-23_59_Etc_UTC.csv,processed,1380,XAUUSD_5m_BID_2017-02-02.csv,2017-02-02 00:00:00+00:00 to 2017-02-02 23:59:00+00:00
2017-02-03,2017,XAU-USD_1Minute_BID_2017-02-03_00_00-23_59_Etc_UTC.csv,processed,1319,XAUUSD_5m_BID_2017-02-03.csv,2017-02-03 00:00:00+00:00 to 2017-02-03 21:59:00+00:00
2017-02-05,2017,XAU-USD_1Minute_BID_2017-02-05_00_00-23_59_Etc_UTC.csv,processed,60,XAUUSD_5m_BID_2017-02-05.csv,2017-02-05 23:00:00+00:00 to 2017-02-05 23:59:00+00:00
2017-02-06,2017,XAU-USD_1Minute_BID_2017-02-06_00_00-23_59_Etc_UTC.csv,processed,1380,XAUUSD_5m_BID_2017-02-06.csv,2017-02-06 00:00:00+00:00 to 2017-02-06 23:59:00+00:00
2017-02-07,2017,XAU-USD_1Minute_BID_2017-02-07_00_00-23_59_Etc_UTC.csv,processed,1380,XAUUSD_5m_BID_2017-02-07.csv,2017-02-07 00:00:00+00:00 to 2017-02-07 23:59:00+00:00
2017-02-08,2017,XAU-USD_1Minute_BID_2017-02-08_00_00-23_59_Etc_UTC.csv,processed,1380,XAUUSD_5m_BID_2017-02-08.csv,2017-02-08 00:00:00+00:00 to 2017-02-08 23:59:00+00:00
2017-02-09,2017,XAU-USD_1Minute_BID_2017-02-09_00_00-23_59_Etc_UTC.csv,processed,1380,XAUUSD_5m_BID_2017-02-09.csv,2017-02-09 00:00:00+00:00 to 2017-02-09 23:59:00+00:00
2017-02-10,2017,XAU-USD_1Minute_BID_2017-02-10_00_00-23_59_Etc_UTC.csv,processed,1320,XAUUSD_5m_BID_2017-02-10.csv,2017-02-10 00:00:00+00:00 to 2017-02-10 21:59:00+00:00
2017-02-12,2017,XAU-USD_1Minute_BID_2017-02-12_00_00-23_59_Etc_UTC.csv,processed,60,XAUUSD_5m_BID_2017-02-12.csv,2017-02-12 23:00:00+00:00 to 2017-02-12 23:59:00+00:00
2017-02-13,2017,XAU-USD_1Minute_BID_2017-02-13_00_00-23_59_Etc_UTC.csv,processed,1380,XAUUSD_5m_BID_2017-02-13.csv,2017-02-13 00:00:00+00:00 to 2017-02-13 23:59:00+00:00
2017-02-14,2017,XAU-USD_1Minute_BID_2017-02-14_00_00-23_59_Etc_UTC.csv,processed,1380,XAUUSD_5m_BID_2017-02-14.csv,2017-02-14 00:00:00+00:00 to 2017-02-14 23:59:00+00:00
2017-02-15,2017,XAU-USD_1Minute_BID_2017-02-15_00_00-23_59_Etc_UTC.csv,processed,1380,XAUUSD_5m_BID_2017-02-15.csv,2017-02-15 00:00:00+00:00 to 2017-02-15 23:59:00+00:00
2017-02-16,2017,XAU-USD_1Minute_BID_2017-02-16_00_00-23_59_Etc_UTC.csv,processed,1380,XAUUSD_5m_BID_2017-02-16.csv,2017-02-16 00:00:00+00:00 to 2017-02-16 23:59:00+00:00
2017-02-17,2017,XAU-USD_1Minute_BID_2017-02-17_00_00-23_59_Etc_UTC.csv,processed,1320,XAUUSD_5m_BID_2017-02-17.csv,2017-02-17 00:00:00+00:00 to 2017-02-17 21:59:00+00:00
2017-02-19,2017,XAU-USD_1Minute_BID_2017-02-19_00_00-23_59_Etc_UTC.csv,processed,60,XAUUSD_5m_BID_2017-02-19.csv,2017-02-19 23:00:00+00:00 to 2017-02-19 23:59:00+00:00
2017-02-20,2017,XAU-USD_1Minute_BID_2017-02-20_00_00-23_59_Etc_UTC.csv,processed,1111,XAUUSD_5m_BID_2017-02-20.csv,2017-02-20 00:00:00+00:00 to 2017-02-20 23:59:00+00:00
2017-02-21,2017,XAU-USD_1Minute_BID_2017-02-21_00_00-23_59_Etc_UTC.csv,processed,1380,XAUUSD_5m_BID_2017-02-21.csv,2017-02-21 00:00:00+00:00 to 2017-02-21 23:59:00+00:00
2017-02-22,2017,XAU-USD_1Minute_BID_2017-02-22_00_00-23_59_Etc_UTC.csv,processed,1380,XAUUSD_5m_BID_2017-02-22.csv,2017-02-22 00:00:00+00:00 to 2017-02-22 23:59:00+00:00
2017-02-23,2017,XAU-USD_1Minute_BID_2017-02-23_00_00-23_59_Etc_UTC.csv,processed,1380,XAUUSD_5m_BID_2017-02-23.csv,2017-02-23 00:00:00+00:00 to 2017-02-23 23:59:00+00:00
2017-02-24,2017,XAU-USD_1Minute_BID_2017-02-24_00_00-23_59_Etc_UTC.csv,processed,1318,XAUUSD_5m_BID_2017-02-24.csv,2017-02-24 00:00:00+00:00 to 2017-02-24 21:59:00+00:00
2017-02-26,2017,XAU-USD_1Minute_BID_2017-02-26_00_00-23_59_Etc_UTC.csv,processed,60,XAUUSD_5m_BID_2017-02-26.csv,2017-02-26 23:00:00+00:00 to 2017-02-26 23:59:00+00:00
2017-02-27,2017,XAU-USD_1Minute_BID_2017-02-27_00_00-23_59_Etc_UTC.csv,processed,1380,XAUUSD_5m_BID_2017-02-27.csv,2017-02-27 00:00:00+00:00 to 2017-02-27 23:59:00+00:00
2017-02-28,2017,XAU-USD_1Minute_BID_2017-02-28_00_00-23_59_Etc_UTC.csv,processed,1380,XAUUSD_5m_BID_2017-02-28.csv,2017-02-28 00:00:00+00:00 to 2017-02-28 23:59:00+00:00
2017-03-01,2017,XAU-USD_1Minute_BID_2017-03-01_00_00-23_59_Etc_UTC.csv,processed,1380,XAUUSD_5m_BID_2017-03-01.csv,2017-03-01 00:00:00+00:00 to 2017-03-01 23:59:00+00:00
2017-03-02,2017,XAU-USD_1Minute_BID_2017-03-02_00_00-23_59_Etc_UTC.csv,processed,1379,XAUUSD_5m_BID_2017-03-02.csv,2017-03-02 00:00:00+00:00 to 2017-03-02 23:59:00+00:00
2017-03-03,2017,XAU-USD_1Minute_BID_2017-03-03_00_00-23_59_Etc_UTC.csv,processed,1320,XAUUSD_5m_BID_2017-03-03.csv,2017-03-03 00:00:00+00:00 to 2017-03-03 21:59:00+00:00
2017-03-05,2017,XAU-USD_1Minute_BID_2017-03-05_00_00-23_59_Etc_UTC.csv,processed,60,XAUUSD_5m_BID_2017-03-05.csv,2017-03-05 23:00:00+00:00 to 2017-03-05 23:59:00+00:00
2017-03-06,2017,XAU-USD_1Minute_BID_2017-03-06_00_00-23_59_Etc_UTC.csv,processed,1380,XAUUSD_5m_BID_2017-03-06.csv,2017-03-06 00:00:00+00:00 to 2017-03-06 23:59:00+00:00
2017-03-07,2017,XAU-USD_1Minute_BID_2017-03-07_00_00-23_59_Etc_UTC.csv,processed,1380,XAUUSD_5m_BID_2017-03-07.csv,2017-03-07 00:00:00+00:00 to 2017-03-07 23:59:00+00:00
2017-03-08,2017,XAU-USD_1Minute_BID_2017-03-08_00_00-23_59_Etc_UTC.csv,processed,1380,XAUUSD_5m_BID_2017-03-08.csv,2017-03-08 00:00:00+00:00 to 2017-03-08 23:59:00+00:00
2017-03-09,2017,XAU-USD_1Minute_BID_2017-03-09_00_00-23_59_Etc_UTC.csv,processed,1380,XAUUSD_5m_BID_2017-03-09.csv,2017-03-09 00:00:00+00:00 to 2017-03-09 23:59:00+00:00
2017-03-10,2017,XAU-USD_1Minute_BID_2017-03-10_00_00-23_59_Etc_UTC.csv,processed,1320,XAUUSD_5m_BID_2017-03-10.csv,2017-03-10 00:00:00+00:00 to 2017-03-10 21:59:00+00:00
2017-03-12,2017,XAU-USD_1Minute_BID_2017-03-12_00_00-23_59_Etc_UTC.csv,processed,59,XAUUSD_5m_BID_2017-03-12.csv,2017-03-12 23:00:00+00:00 to 2017-03-12 23:59:00+00:00
2017-03-13,2017,XAU-USD_1Minute_BID_2017-03-13_00_00-23_59_Etc_UTC.csv,processed,1321,XAUUSD_5m_BID_2017-03-13.csv,2017-03-13 00:00:00+00:00 to 2017-03-13 23:59:00+00:00
2017-03-14,2017,XAU-USD_1Minute_BID_2017-03-14_00_00-23_59_Etc_UTC.csv,processed,1380,XAUUSD_5m_BID_2017-03-14.csv,2017-03-14 00:00:00+00:00 to 2017-03-14 23:59:00+00:00
2017-03-15,2017,XAU-USD_1Minute_BID_2017-03-15_00_00-23_59_Etc_UTC.csv,processed,1380,XAUUSD_5m_BID_2017-03-15.csv,2017-03-15 00:00:00+00:00 to 2017-03-15 23:59:00+00:00
2017-03-16,2017,XAU-USD_1Minute_BID_2017-03-16_00_00-23_59_Etc_UTC.csv,processed,1380,XAUUSD_5m_BID_2017-03-16.csv,2017-03-16 00:00:00+00:00 to 2017-03-16 23:59:00+00:00
2017-03-17,2017,XAU-USD_1Minute_BID_2017-03-17_00_00-23_59_Etc_UTC.csv,processed,1260,XAUUSD_5m_BID_2017-03-17.csv,2017-03-17 00:00:00+00:00 to 2017-03-17 20:59:00+00:00
2017-03-19,2017,XAU-USD_1Minute_BID_2017-03-19_00_00-23_59_Etc_UTC.csv,processed,118,XAUUSD_5m_BID_2017-03-19.csv,2017-03-19 22:00:00+00:00 to 2017-03-19 23:59:00+00:00
2017-03-20,2017,XAU-USD_1Minute_BID_2017-03-20_00_00-23_59_Etc_UTC.csv,processed,1380,XAUUSD_5m_BID_2017-03-20.csv,2017-03-20 00:00:00+00:00 to 2017-03-20 23:59:00+00:00
2017-03-21,2017,XAU-USD_1Minute_BID_2017-03-21_00_00-23_59_Etc_UTC.csv,processed,1380,XAUUSD_5m_BID_2017-03-21.csv,2017-03-21 00:00:00+00:00 to 2017-03-21 23:59:00+00:00
2017-03-22,2017,XAU-USD_1Minute_BID_2017-03-22_00_00-23_59_Etc_UTC.csv,processed,1380,XAUUSD_5m_BID_2017-03-22.csv,2017-03-22 00:00:00+00:00 to 2017-03-22 23:59:00+00:00
2017-03-23,2017,XAU-USD_1Minute_BID_2017-03-23_00_00-23_59_Etc_UTC.csv,processed,1380,XAUUSD_5m_BID_2017-03-23.csv,2017-03-23 00:00:00+00:00 to 2017-03-23 23:59:00+00:00
2017-03-24,2017,XAU-USD_1Minute_BID_2017-03-24_00_00-23_59_Etc_UTC.csv,processed,1260,XAUUSD_5m_BID_2017-03-24.csv,2017-03-24 00:00:00+00:00 to 2017-03-24 20:59:00+00:00
2017-03-26,2017,XAU-USD_1Minute_BID_2017-03-26_00_00-23_59_Etc_UTC.csv,processed,120,XAUUSD_5m_BID_2017-03-26.csv,2017-03-26 22:00:00+00:00 to 2017-03-26 23:59:00+00:00
2017-03-27,2017,XAU-USD_1Minute_BID_2017-03-27_00_00-23_59_Etc_UTC.csv,processed,1380,XAUUSD_5m_BID_2017-03-27.csv,2017-03-27 00:00:00+00:00 to 2017-03-27 23:59:00+00:00
2017-03-28,2017,XAU-USD_1Minute_BID_2017-03-28_00_00-23_59_Etc_UTC.csv,processed,1380,XAUUSD_5m_BID_2017-03-28.csv,2017-03-28 00:00:00+00:00 to 2017-03-28 23:59:00+00:00
2017-03-29,2017,XAU-USD_1Minute_BID_2017-03-29_00_00-23_59_Etc_UTC.csv,processed,1380,XAUUSD_5m_BID_2017-03-29.csv,2017-03-29 00:00:00+00:00 to 2017-03-29 23:59:00+00:00
2017-03-30,2017,XAU-USD_1Minute_BID_2017-03-30_00_00-23_59_Etc_UTC.csv,processed,1380,XAUUSD_5m_BID_2017-03-30.csv,2017-03-30 00:00:00+00:00 to 2017-03-30 23:59:00+00:00
2017-03-31,2017,XAU-USD_1Minute_BID_2017-03-31_00_00-23_59_Etc_UTC.csv,processed,1260,XAUUSD_5m_BID_2017-03-31.csv,2017-03-31 00:00:00+00:00 to 2017-03-31 20:59:00+00:00
2017-04-02,2017,XAU-USD_1Minute_BID_2017-04-02_00_00-23_59_Etc_UTC.csv,processed,120,XAUUSD_5m_BID_2017-04-02.csv,2017-04-02 22:00:00+00:00 to 2017-04-02 23:59:00+00:00
2017-04-03,2017,XAU-USD_1Minute_BID_2017-04-03_00_00-23_59_Etc_UTC.csv,processed,1380,XAUUSD_5m_BID_2017-04-03.csv,2017-04-03 00:00:00+00:00 to 2017-04-03 23:59:00+00:00
2017-04-04,2017,XAU-USD_1Minute_BID_2017-04-04_00_00-23_59_Etc_UTC.csv,processed,1380,XAUUSD_5m_BID_2017-04-04.csv,2017-04-04 00:00:00+00:00 to 2017-04-04 23:59:00+00:00
2017-04-05,2017,XAU-USD_1Minute_BID_2017-04-05_00_00-23_59_Etc_UTC.csv,processed,1380,XAUUSD_5m_BID_2017-04-05.csv,2017-04-05 00:00:00+00:00 to 2017-04-05 23:59:00+00:00
2017-04-06,2017,XAU-USD_1Minute_BID_2017-04-06_00_00-23_59_Etc_UTC.csv,processed,1379,XAUUSD_5m_BID_2017-04-06.csv,2017-04-06 00:00:00+00:00 to 2017-04-06 23:59:00+00:00
2017-04-07,2017,XAU-USD_1Minute_BID_2017-04-07_00_00-23_59_Etc_UTC.csv,processed,1260,XAUUSD_5m_BID_2017-04-07.csv,2017-04-07 00:00:00+00:00 to 2017-04-07 20:59:00+00:00
2017-04-09,2017,XAU-USD_1Minute_BID_2017-04-09_00_00-23_59_Etc_UTC.csv,processed,120,XAUUSD_5m_BID_2017-04-09.csv,2017-04-09 22:00:00+00:00 to 2017-04-09 23:59:00+00:00
2017-04-10,2017,XAU-USD_1Minute_BID_2017-04-10_00_00-23_59_Etc_UTC.csv,processed,1380,XAUUSD_5m_BID_2017-04-10.csv,2017-04-10 00:00:00+00:00 to 2017-04-10 23:59:00+00:00
2017-04-11,2017,XAU-USD_1Minute_BID_2017-04-11_00_00-23_59_Etc_UTC.csv,processed,1380,XAUUSD_5m_BID_2017-04-11.csv,2017-04-11 00:00:00+00:00 to 2017-04-11 23:59:00+00:00
2017-04-12,2017,XAU-USD_1Minute_BID_2017-04-12_00_00-23_59_Etc_UTC.csv,processed,1380,XAUUSD_5m_BID_2017-04-12.csv,2017-04-12 00:00:00+00:00 to 2017-04-12 23:59:00+00:00
2017-04-13,2017,XAU-USD_1Minute_BID_2017-04-13_00_00-23_59_Etc_UTC.csv,processed,1260,XAUUSD_5m_BID_2017-04-13.csv,2017-04-13 00:00:00+00:00 to 2017-04-13 20:59:00+00:00
2017-04-16,2017,XAU-USD_1Minute_BID_2017-04-16_00_00-23_59_Etc_UTC.csv,processed,120,XAUUSD_5m_BID_2017-04-16.csv,2017-04-16 22:00:00+00:00 to 2017-04-16 23:59:00+00:00
2017-04-17,2017,XAU-USD_1Minute_BID_2017-04-17_00_00-23_59_Etc_UTC.csv,processed,1380,XAUUSD_5m_BID_2017-04-17.csv,2017-04-17 00:00:00+00:00 to 2017-04-17 23:59:00+00:00
2017-04-18,2017,XAU-USD_1Minute_BID_2017-04-18_00_00-23_59_Etc_UTC.csv,processed,1380,XAUUSD_5m_BID_2017-04-18.csv,2017-04-18 00:00:00+00:00 to 2017-04-18 23:59:00+00:00
2017-04-19,2017,XAU-USD_1Minute_BID_2017-04-19_00_00-23_59_Etc_UTC.csv,processed,1380,XAUUSD_5m_BID_2017-04-19.csv,2017-04-19 00:00:00+00:00 to 2017-04-19 23:59:00+00:00
2017-04-20,2017,XAU-USD_1Minute_BID_2017-04-20_00_00-23_59_Etc_UTC.csv,processed,1380,XAUUSD_5m_BID_2017-04-20.csv,2017-04-20 00:00:00+00:00 to 2017-04-20 23:59:00+00:00
2017-04-21,2017,XAU-USD_1Minute_BID_2017-04-21_00_00-23_59_Etc_UTC.csv,processed,1258,XAUUSD_5m_BID_2017-04-21.csv,2017-04-21 00:00:00+00:00 to 2017-04-21 20:57:00+00:00
2017-04-23,2017,XAU-USD_1Minute_BID_2017-04-23_00_00-23_59_Etc_UTC.csv,processed,120,XAUUSD_5m_BID_2017-04-23.csv,2017-04-23 22:00:00+00:00 to 2017-04-23 23:59:00+00:00
2017-04-24,2017,XAU-USD_1Minute_BID_2017-04-24_00_00-23_59_Etc_UTC.csv,processed,1380,XAUUSD_5m_BID_2017-04-24.csv,2017-04-24 00:00:00+00:00 to 2017-04-24 23:59:00+00:00
2017-04-25,2017,XAU-USD_1Minute_BID_2017-04-25_00_00-23_59_Etc_UTC.csv,processed,1380,XAUUSD_5m_BID_2017-04-25.csv,2017-04-25 00:00:00+00:00 to 2017-04-25 23:59:00+00:00
2017-04-26,2017,XAU-USD_1Minute_BID_2017-04-26_00_00-23_59_Etc_UTC.csv,processed,1380,XAUUSD_5m_BID_2017-04-26.csv,2017-04-26 00:00:00+00:00 to 2017-04-26 23:59:00+00:00
2017-04-27,2017,XAU-USD_1Minute_BID_2017-04-27_00_00-23_59_Etc_UTC.csv,processed,1380,XAUUSD_5m_BID_2017-04-27.csv,2017-04-27 00:00:00+00:00 to 2017-04-27 23:59:00+00:00
2017-04-28,2017,XAU-USD_1Minute_BID_2017-04-28_00_00-23_59_Etc_UTC.csv,processed,1260,XAUUSD_5m_BID_2017-04-28.csv,2017-04-28 00:00:00+00:00 to 2017-04-28 20:59:00+00:00
2017-04-30,2017,XAU-USD_1Minute_BID_2017-04-30_00_00-23_59_Etc_UTC.csv,processed,120,XAUUSD_5m_BID_2017-04-30.csv,2017-04-30 22:00:00+00:00 to 2017-04-30 23:59:00+00:00
2017-05-01,2017,XAU-USD_1Minute_BID_2017-05-01_00_00-23_59_Etc_UTC.csv,processed,1380,XAUUSD_5m_BID_2017-05-01.csv,2017-05-01 00:00:00+00:00 to 2017-05-01 23:59:00+00:00
2017-05-02,2017,XAU-USD_1Minute_BID_2017-05-02_00_00-23_59_Etc_UTC.csv,processed,1380,XAUUSD_5m_BID_2017-05-02.csv,2017-05-02 00:00:00+00:00 to 2017-05-02 23:59:00+00:00
2017-05-03,2017,XAU-USD_1Minute_BID_2017-05-03_00_00-23_59_Etc_UTC.csv,processed,1380,XAUUSD_5m_BID_2017-05-03.csv,2017-05-03 00:00:00+00:00 to 2017-05-03 23:59:00+00:00
2017-05-04,2017,XAU-USD_1Minute_BID_2017-05-04_00_00-23_59_Etc_UTC.csv,processed,1380,XAUUSD_5m_BID_2017-05-04.csv,2017-05-04 00:00:00+00:00 to 2017-05-04 23:59:00+00:00
2017-05-05,2017,XAU-USD_1Minute_BID_2017-05-05_00_00-23_59_Etc_UTC.csv,processed,1259,XAUUSD_5m_BID_2017-05-05.csv,2017-05-05 00:00:00+00:00 to 2017-05-05 20:58:00+00:00
2017-05-07,2017,XAU-USD_1Minute_BID_2017-05-07_00_00-23_59_Etc_UTC.csv,processed,120,XAUUSD_5m_BID_2017-05-07.csv,2017-05-07 22:00:00+00:00 to 2017-05-07 23:59:00+00:00
2017-05-08,2017,XAU-USD_1Minute_BID_2017-05-08_00_00-23_59_Etc_UTC.csv,processed,1380,XAUUSD_5m_BID_2017-05-08.csv,2017-05-08 00:00:00+00:00 to 2017-05-08 23:59:00+00:00
2017-05-09,2017,XAU-USD_1Minute_BID_2017-05-09_00_00-23_59_Etc_UTC.csv,processed,1380,XAUUSD_5m_BID_2017-05-09.csv,2017-05-09 00:00:00+00:00 to 2017-05-09 23:59:00+00:00
2017-05-10,2017,XAU-USD_1Minute_BID_2017-05-10_00_00-23_59_Etc_UTC.csv,processed,1380,XAUUSD_5m_BID_2017-05-10.csv,2017-05-10 00:00:00+00:00 to 2017-05-10 23:59:00+00:00
2017-05-11,2017,XAU-USD_1Minute_BID_2017-05-11_00_00-23_59_Etc_UTC.csv,processed,1380,XAUUSD_5m_BID_2017-05-11.csv,2017-05-11 00:00:00+00:00 to 2017-05-11 23:59:00+00:00
2017-05-12,2017,XAU-USD_1Minute_BID_2017-05-12_00_00-23_59_Etc_UTC.csv,processed,1259,XAUUSD_5m_BID_2017-05-12.csv,2017-05-12 00:00:00+00:00 to 2017-05-12 20:58:00+00:00
2017-05-14,2017,XAU-USD_1Minute_BID_2017-05-14_00_00-23_59_Etc_UTC.csv,processed,120,XAUUSD_5m_BID_2017-05-14.csv,2017-05-14 22:00:00+00:00 to 2017-05-14 23:59:00+00:00
2017-05-15,2017,XAU-USD_1Minute_BID_2017-05-15_00_00-23_59_Etc_UTC.csv,processed,1380,XAUUSD_5m_BID_2017-05-15.csv,2017-05-15 00:00:00+00:00 to 2017-05-15 23:59:00+00:00
2017-05-16,2017,XAU-USD_1Minute_BID_2017-05-16_00_00-23_59_Etc_UTC.csv,processed,1380,XAUUSD_5m_BID_2017-05-16.csv,2017-05-16 00:00:00+00:00 to 2017-05-16 23:59:00+00:00
2017-05-17,2017,XAU-USD_1Minute_BID_2017-05-17_00_00-23_59_Etc_UTC.csv,processed,1380,XAUUSD_5m_BID_2017-05-17.csv,2017-05-17 00:00:00+00:00 to 2017-05-17 23:59:00+00:00
2017-05-18,2017,XAU-USD_1Minute_BID_2017-05-18_00_00-23_59_Etc_UTC.csv,processed,1380,XAUUSD_5m_BID_2017-05-18.csv,2017-05-18 00:00:00+00:00 to 2017-05-18 23:59:00+00:00
2017-05-19,2017,XAU-USD_1Minute_BID_2017-05-19_00_00-23_59_Etc_UTC.csv,processed,1260,XAUUSD_5m_BID_2017-05-19.csv,2017-05-19 00:00:00+00:00 to 2017-05-19 20:59:00+00:00
2017-05-21,2017,XAU-USD_1Minute_BID_2017-05-21_00_00-23_59_Etc_UTC.csv,processed,120,XAUUSD_5m_BID_2017-05-21.csv,2017-05-21 22:00:00+00:00 to 2017-05-21 23:59:00+00:00
2017-05-22,2017,XAU-USD_1Minute_BID_2017-05-22_00_00-23_59_Etc_UTC.csv,processed,1380,XAUUSD_5m_BID_2017-05-22.csv,2017-05-22 00:00:00+00:00 to 2017-05-22 23:59:00+00:00
2017-05-23,2017,XAU-USD_1Minute_BID_2017-05-23_00_00-23_59_Etc_UTC.csv,processed,1380,XAUUSD_5m_BID_2017-05-23.csv,2017-05-23 00:00:00+00:00 to 2017-05-23 23:59:00+00:00
2017-05-24,2017,XAU-USD_1Minute_BID_2017-05-24_00_00-23_59_Etc_UTC.csv,processed,1380,XAUUSD_5m_BID_2017-05-24.csv,2017-05-24 00:00:00+00:00 to 2017-05-24 23:59:00+00:00
2017-05-25,2017,XAU-USD_1Minute_BID_2017-05-25_00_00-23_59_Etc_UTC.csv,processed,1380,XAUUSD_5m_BID_2017-05-25.csv,2017-05-25 00:00:00+00:00 to 2017-05-25 23:59:00+00:00
2017-05-26,2017,XAU-USD_1Minute_BID_2017-05-26_00_00-23_59_Etc_UTC.csv,processed,1260,XAUUSD_5m_BID_2017-05-26.csv,2017-05-26 00:00:00+00:00 to 2017-05-26 20:59:00+00:00
2017-05-28,2017,XAU-USD_1Minute_BID_2017-05-28_00_00-23_59_Etc_UTC.csv,processed,120,XAUUSD_5m_BID_2017-05-28.csv,2017-05-28 22:00:00+00:00 to 2017-05-28 23:59:00+00:00
2017-05-29,2017,XAU-USD_1Minute_BID_2017-05-29_00_00-23_59_Etc_UTC.csv,processed,1141,XAUUSD_5m_BID_2017-05-29.csv,2017-05-29 00:00:00+00:00 to 2017-05-29 23:59:00+00:00
2017-05-30,2017,XAU-USD_1Minute_BID_2017-05-30_00_00-23_59_Etc_UTC.csv,processed,1380,XAUUSD_5m_BID_2017-05-30.csv,2017-05-30 00:00:00+00:00 to 2017-05-30 23:59:00+00:00
2017-05-31,2017,XAU-USD_1Minute_BID_2017-05-31_00_00-23_59_Etc_UTC.csv,processed,1379,XAUUSD_5m_BID_2017-05-31.csv,2017-05-31 00:00:00+00:00 to 2017-05-31 23:59:00+00:00
2017-06-01,2017,XAU-USD_1Minute_BID_2017-06-01_00_00-23_59_Etc_UTC.csv,processed,1380,XAUUSD_5m_BID_2017-06-01.csv,2017-06-01 00:00:00+00:00 to 2017-06-01 23:59:00+00:00
2017-06-02,2017,XAU-USD_1Minute_BID_2017-06-02_00_00-23_59_Etc_UTC.csv,processed,1260,XAUUSD_5m_BID_2017-06-02.csv,2017-06-02 00:00:00+00:00 to 2017-06-02 20:59:00+00:00
2017-06-04,2017,XAU-USD_1Minute_BID_2017-06-04_00_00-23_59_Etc_UTC.csv,processed,120,XAUUSD_5m_BID_2017-06-04.csv,2017-06-04 22:00:00+00:00 to 2017-06-04 23:59:00+00:00
2017-06-05,2017,XAU-USD_1Minute_BID_2017-06-05_00_00-23_59_Etc_UTC.csv,processed,1380,XAUUSD_5m_BID_2017-06-05.csv,2017-06-05 00:00:00+00:00 to 2017-06-05 23:59:00+00:00
2017-06-06,2017,XAU-USD_1Minute_BID_2017-06-06_00_00-23_59_Etc_UTC.csv,processed,1380,XAUUSD_5m_BID_2017-06-06.csv,2017-06-06 00:00:00+00:00 to 2017-06-06 23:59:00+00:00
2017-06-07,2017,XAU-USD_1Minute_BID_2017-06-07_00_00-23_59_Etc_UTC.csv,processed,1380,XAUUSD_5m_BID_2017-06-07.csv,2017-06-07 00:00:00+00:00 to 2017-06-07 23:59:00+00:00
2017-06-08,2017,XAU-USD_1Minute_BID_2017-06-08_00_00-23_59_Etc_UTC.csv,processed,1380,XAUUSD_5m_BID_2017-06-08.csv,2017-06-08 00:00:00+00:00 to 2017-06-08 23:59:00+00:00
2017-06-09,2017,XAU-USD_1Minute_BID_2017-06-09_00_00-23_59_Etc_UTC.csv,processed,1260,XAUUSD_5m_BID_2017-06-09.csv,2017-06-09 00:00:00+00:00 to 2017-06-09 20:59:00+00:00
2017-06-11,2017,XAU-USD_1Minute_BID_2017-06-11_00_00-23_59_Etc_UTC.csv,processed,120,XAUUSD_5m_BID_2017-06-11.csv,2017-06-11 22:00:00+00:00 to 2017-06-11 23:59:00+00:00
2017-06-12,2017,XAU-USD_1Minute_BID_2017-06-12_00_00-23_59_Etc_UTC.csv,processed,1380,XAUUSD_5m_BID_2017-06-12.csv,2017-06-12 00:00:00+00:00 to 2017-06-12 23:59:00+00:00
2017-06-13,2017,XAU-USD_1Minute_BID_2017-06-13_00_00-23_59_Etc_UTC.csv,processed,1380,XAUUSD_5m_BID_2017-06-13.csv,2017-06-13 00:00:00+00:00 to 2017-06-13 23:59:00+00:00
2017-06-14,2017,XAU-USD_1Minute_BID_2017-06-14_00_00-23_59_Etc_UTC.csv,processed,1380,XAUUSD_5m_BID_2017-06-14.csv,2017-06-14 00:00:00+00:00 to 2017-06-14 23:59:00+00:00
2017-06-15,2017,XAU-USD_1Minute_BID_2017-06-15_00_00-23_59_Etc_UTC.csv,processed,1380,XAUUSD_5m_BID_2017-06-15.csv,2017-06-15 00:00:00+00:00 to 2017-06-15 23:59:00+00:00
2017-06-16,2017,XAU-USD_1Minute_BID_2017-06-16_00_00-23_59_Etc_UTC.csv,processed,1260,XAUUSD_5m_BID_2017-06-16.csv,2017-06-16 00:00:00+00:00 to 2017-06-16 20:59:00+00:00
2017-06-18,2017,XAU-USD_1Minute_BID_2017-06-18_00_00-23_59_Etc_UTC.csv,processed,120,XAUUSD_5m_BID_2017-06-18.csv,2017-06-18 22:00:00+00:00 to 2017-06-18 23:59:00+00:00
2017-06-19,2017,XAU-USD_1Minute_BID_2017-06-19_00_00-23_59_Etc_UTC.csv,processed,1380,XAUUSD_5m_BID_2017-06-19.csv,2017-06-19 00:00:00+00:00 to 2017-06-19 23:59:00+00:00
2017-06-20,2017,XAU-USD_1Minute_BID_2017-06-20_00_00-23_59_Etc_UTC.csv,processed,1380,XAUUSD_5m_BID_2017-06-20.csv,2017-06-20 00:00:00+00:00 to 2017-06-20 23:59:00+00:00
2017-06-21,2017,XAU-USD_1Minute_BID_2017-06-21_00_00-23_59_Etc_UTC.csv,processed,1379,XAUUSD_5m_BID_2017-06-21.csv,2017-06-21 00:00:00+00:00 to 2017-06-21 23:59:00+00:00
2017-06-22,2017,XAU-USD_1Minute_BID_2017-06-22_00_00-23_59_Etc_UTC.csv,processed,1380,XAUUSD_5m_BID_2017-06-22.csv,2017-06-22 00:00:00+00:00 to 2017-06-22 23:59:00+00:00
2017-06-23,2017,XAU-USD_1Minute_BID_2017-06-23_00_00-23_59_Etc_UTC.csv,processed,1259,XAUUSD_5m_BID_2017-06-23.csv,2017-06-23 00:00:00+00:00 to 2017-06-23 20:58:00+00:00
2017-06-25,2017,XAU-USD_1Minute_BID_2017-06-25_00_00-23_59_Etc_UTC.csv,processed,120,XAUUSD_5m_BID_2017-06-25.csv,2017-06-25 22:00:00+00:00 to 2017-06-25 23:59:00+00:00
2017-06-26,2017,XAU-USD_1Minute_BID_2017-06-26_00_00-23_59_Etc_UTC.csv,processed,1380,XAUUSD_5m_BID_2017-06-26.csv,2017-06-26 00:00:00+00:00 to 2017-06-26 23:59:00+00:00
2017-06-27,2017,XAU-USD_1Minute_BID_2017-06-27_00_00-23_59_Etc_UTC.csv,processed,1380,XAUUSD_5m_BID_2017-06-27.csv,2017-06-27 00:00:00+00:00 to 2017-06-27 23:59:00+00:00
2017-06-28,2017,XAU-USD_1Minute_BID_2017-06-28_00_00-23_59_Etc_UTC.csv,processed,1380,XAUUSD_5m_BID_2017-06-28.csv,2017-06-28 00:00:00+00:00 to 2017-06-28 23:59:00+00:00
2017-06-29,2017,XAU-USD_1Minute_BID_2017-06-29_00_00-23_59_Etc_UTC.csv,processed,1380,XAUUSD_5m_BID_2017-06-29.csv,2017-06-29 00:00:00+00:00 to 2017-06-29 23:59:00+00:00
2017-06-30,2017,XAU-USD_1Minute_BID_2017-06-30_00_00-23_59_Etc_UTC.csv,processed,1260,XAUUSD_5m_BID_2017-06-30.csv,2017-06-30 00:00:00+00:00 to 2017-06-30 20:59:00+00:00
2017-07-02,2017,XAU-USD_1Minute_BID_2017-07-02_00_00-23_59_Etc_UTC.csv,processed,120,XAUUSD_5m_BID_2017-07-02.csv,2017-07-02 22:00:00+00:00 to 2017-07-02 23:59:00+00:00
2017-07-03,2017,XAU-USD_1Minute_BID_2017-07-03_00_00-23_59_Etc_UTC.csv,processed,1380,XAUUSD_5m_BID_2017-07-03.csv,2017-07-03 00:00:00+00:00 to 2017-07-03 23:59:00+00:00
2017-07-04,2017,XAU-USD_1Minute_BID_2017-07-04_00_00-23_59_Etc_UTC.csv,processed,1141,XAUUSD_5m_BID_2017-07-04.csv,2017-07-04 00:00:00+00:00 to 2017-07-04 23:59:00+00:00
2017-07-05,2017,XAU-USD_1Minute_BID_2017-07-05_00_00-23_59_Etc_UTC.csv,processed,1379,XAUUSD_5m_BID_2017-07-05.csv,2017-07-05 00:00:00+00:00 to 2017-07-05 23:59:00+00:00
2017-07-06,2017,XAU-USD_1Minute_BID_2017-07-06_00_00-23_59_Etc_UTC.csv,processed,1379,XAUUSD_5m_BID_2017-07-06.csv,2017-07-06 00:00:00+00:00 to 2017-07-06 23:59:00+00:00
2017-07-07,2017,XAU-USD_1Minute_BID_2017-07-07_00_00-23_59_Etc_UTC.csv,processed,1259,XAUUSD_5m_BID_2017-07-07.csv,2017-07-07 00:00:00+00:00 to 2017-07-07 20:58:00+00:00
2017-07-09,2017,XAU-USD_1Minute_BID_2017-07-09_00_00-23_59_Etc_UTC.csv,processed,120,XAUUSD_5m_BID_2017-07-09.csv,2017-07-09 22:00:00+00:00 to 2017-07-09 23:59:00+00:00
2017-07-10,2017,XAU-USD_1Minute_BID_2017-07-10_00_00-23_59_Etc_UTC.csv,processed,1379,XAUUSD_5m_BID_2017-07-10.csv,2017-07-10 00:00:00+00:00 to 2017-07-10 23:59:00+00:00
2017-07-11,2017,XAU-USD_1Minute_BID_2017-07-11_00_00-23_59_Etc_UTC.csv,processed,1380,XAUUSD_5m_BID_2017-07-11.csv,2017-07-11 00:00:00+00:00 to 2017-07-11 23:59:00+00:00
2017-07-12,2017,XAU-USD_1Minute_BID_2017-07-12_00_00-23_59_Etc_UTC.csv,processed,1377,XAUUSD_5m_BID_2017-07-12.csv,2017-07-12 00:00:00+00:00 to 2017-07-12 23:59:00+00:00
2017-07-13,2017,XAU-USD_1Minute_BID_2017-07-13_00_00-23_59_Etc_UTC.csv,processed,1380,XAUUSD_5m_BID_2017-07-13.csv,2017-07-13 00:00:00+00:00 to 2017-07-13 23:59:00+00:00
2017-07-14,2017,XAU-USD_1Minute_BID_2017-07-14_00_00-23_59_Etc_UTC.csv,processed,1260,XAUUSD_5m_BID_2017-07-14.csv,2017-07-14 00:00:00+00:00 to 2017-07-14 20:59:00+00:00
2017-07-16,2017,XAU-USD_1Minute_BID_2017-07-16_00_00-23_59_Etc_UTC.csv,processed,120,XAUUSD_5m_BID_2017-07-16.csv,2017-07-16 22:00:00+00:00 to 2017-07-16 23:59:00+00:00
2017-07-17,2017,XAU-USD_1Minute_BID_2017-07-17_00_00-23_59_Etc_UTC.csv,processed,1380,XAUUSD_5m_BID_2017-07-17.csv,2017-07-17 00:00:00+00:00 to 2017-07-17 23:59:00+00:00
2017-07-18,2017,XAU-USD_1Minute_BID_2017-07-18_00_00-23_59_Etc_UTC.csv,processed,1380,XAUUSD_5m_BID_2017-07-18.csv,2017-07-18 00:00:00+00:00 to 2017-07-18 23:59:00+00:00
2017-07-19,2017,XAU-USD_1Minute_BID_2017-07-19_00_00-23_59_Etc_UTC.csv,processed,1380,XAUUSD_5m_BID_2017-07-19.csv,2017-07-19 00:00:00+00:00 to 2017-07-19 23:59:00+00:00
2017-07-20,2017,XAU-USD_1Minute_BID_2017-07-20_00_00-23_59_Etc_UTC.csv,processed,1380,XAUUSD_5m_BID_2017-07-20.csv,2017-07-20 00:00:00+00:00 to 2017-07-20 23:59:00+00:00
2017-07-21,2017,XAU-USD_1Minute_BID_2017-07-21_00_00-23_59_Etc_UTC.csv,processed,1260,XAUUSD_5m_BID_2017-07-21.csv,2017-07-21 00:00:00+00:00 to 2017-07-21 20:59:00+00:00
2017-07-23,2017,XAU-USD_1Minute_BID_2017-07-23_00_00-23_59_Etc_UTC.csv,processed,120,XAUUSD_5m_BID_2017-07-23.csv,2017-07-23 22:00:00+00:00 to 2017-07-23 23:59:00+00:00
2017-07-24,2017,XAU-USD_1Minute_BID_2017-07-24_00_00-23_59_Etc_UTC.csv,processed,1380,XAUUSD_5m_BID_2017-07-24.csv,2017-07-24 00:00:00+00:00 to 2017-07-24 23:59:00+00:00
2017-07-25,2017,XAU-USD_1Minute_BID_2017-07-25_00_00-23_59_Etc_UTC.csv,processed,1380,XAUUSD_5m_BID_2017-07-25.csv,2017-07-25 00:00:00+00:00 to 2017-07-25 23:59:00+00:00
2017-07-26,2017,XAU-USD_1Minute_BID_2017-07-26_00_00-23_59_Etc_UTC.csv,processed,1380,XAUUSD_5m_BID_2017-07-26.csv,2017-07-26 00:00:00+00:00 to 2017-07-26 23:59:00+00:00
2017-07-27,2017,XAU-USD_1Minute_BID_2017-07-27_00_00-23_59_Etc_UTC.csv,processed,1380,XAUUSD_5m_BID_2017-07-27.csv,2017-07-27 00:00:00+00:00 to 2017-07-27 23:59:00+00:00
2017-07-28,2017,XAU-USD_1Minute_BID_2017-07-28_00_00-23_59_Etc_UTC.csv,processed,1260,XAUUSD_5m_BID_2017-07-28.csv,2017-07-28 00:00:00+00:00 to 2017-07-28 20:59:00+00:00
2017-07-30,2017,XAU-USD_1Minute_BID_2017-07-30_00_00-23_59_Etc_UTC.csv,processed,120,XAUUSD_5m_BID_2017-07-30.csv,2017-07-30 22:00:00+00:00 to 2017-07-30 23:59:00+00:00
2017-07-31,2017,XAU-USD_1Minute_BID_2017-07-31_00_00-23_59_Etc_UTC.csv,processed,1380,XAUUSD_5m_BID_2017-07-31.csv,2017-07-31 00:00:00+00:00 to 2017-07-31 23:59:00+00:00
2017-08-01,2017,XAU-USD_1Minute_BID_2017-08-01_00_00-23_59_Etc_UTC.csv,processed,1380,XAUUSD_5m_BID_2017-08-01.csv,2017-08-01 00:00:00+00:00 to 2017-08-01 23:59:00+00:00
2017-08-02,2017,XAU-USD_1Minute_BID_2017-08-02_00_00-23_59_Etc_UTC.csv,processed,1380,XAUUSD_5m_BID_2017-08-02.csv,2017-08-02 00:00:00+00:00 to 2017-08-02 23:59:00+00:00
2017-08-03,2017,XAU-USD_1Minute_BID_2017-08-03_00_00-23_59_Etc_UTC.csv,processed,1380,XAUUSD_5m_BID_2017-08-03.csv,2017-08-03 00:00:00+00:00 to 2017-08-03 23:59:00+00:00
2017-08-04,2017,XAU-USD_1Minute_BID_2017-08-04_00_00-23_59_Etc_UTC.csv,processed,1260,XAUUSD_5m_BID_2017-08-04.csv,2017-08-04 00:00:00+00:00 to 2017-08-04 20:59:00+00:00
2017-08-06,2017,XAU-USD_1Minute_BID_2017-08-06_00_00-23_59_Etc_UTC.csv,processed,120,XAUUSD_5m_BID_2017-08-06.csv,2017-08-06 22:00:00+00:00 to 2017-08-06 23:59:00+00:00
2017-08-07,2017,XAU-USD_1Minute_BID_2017-08-07_00_00-23_59_Etc_UTC.csv,processed,1380,XAUUSD_5m_BID_2017-08-07.csv,2017-08-07 00:00:00+00:00 to 2017-08-07 23:59:00+00:00
2017-08-08,2017,XAU-USD_1Minute_BID_2017-08-08_00_00-23_59_Etc_UTC.csv,processed,1379,XAUUSD_5m_BID_2017-08-08.csv,2017-08-08 00:00:00+00:00 to 2017-08-08 23:59:00+00:00
2017-08-09,2017,XAU-USD_1Minute_BID_2017-08-09_00_00-23_59_Etc_UTC.csv,processed,1380,XAUUSD_5m_BID_2017-08-09.csv,2017-08-09 00:00:00+00:00 to 2017-08-09 23:59:00+00:00
2017-08-10,2017,XAU-USD_1Minute_BID_2017-08-10_00_00-23_59_Etc_UTC.csv,processed,1379,XAUUSD_5m_BID_2017-08-10.csv,2017-08-10 00:00:00+00:00 to 2017-08-10 23:59:00+00:00
2017-08-11,2017,XAU-USD_1Minute_BID_2017-08-11_00_00-23_59_Etc_UTC.csv,processed,1260,XAUUSD_5m_BID_2017-08-11.csv,2017-08-11 00:00:00+00:00 to 2017-08-11 20:59:00+00:00
2017-08-13,2017,XAU-USD_1Minute_BID_2017-08-13_00_00-23_59_Etc_UTC.csv,processed,120,XAUUSD_5m_BID_2017-08-13.csv,2017-08-13 22:00:00+00:00 to 2017-08-13 23:59:00+00:00
2017-08-14,2017,XAU-USD_1Minute_BID_2017-08-14_00_00-23_59_Etc_UTC.csv,processed,1380,XAUUSD_5m_BID_2017-08-14.csv,2017-08-14 00:00:00+00:00 to 2017-08-14 23:59:00+00:00
2017-08-15,2017,XAU-USD_1Minute_BID_2017-08-15_00_00-23_59_Etc_UTC.csv,processed,1380,XAUUSD_5m_BID_2017-08-15.csv,2017-08-15 00:00:00+00:00 to 2017-08-15 23:59:00+00:00
2017-08-16,2017,XAU-USD_1Minute_BID_2017-08-16_00_00-23_59_Etc_UTC.csv,processed,1380,XAUUSD_5m_BID_2017-08-16.csv,2017-08-16 00:00:00+00:00 to 2017-08-16 23:59:00+00:00
2017-08-17,2017,XAU-USD_1Minute_BID_2017-08-17_00_00-23_59_Etc_UTC.csv,processed,1379,XAUUSD_5m_BID_2017-08-17.csv,2017-08-17 00:00:00+00:00 to 2017-08-17 23:59:00+00:00
2017-08-18,2017,XAU-USD_1Minute_BID_2017-08-18_00_00-23_59_Etc_UTC.csv,processed,1259,XAUUSD_5m_BID_2017-08-18.csv,2017-08-18 00:00:00+00:00 to 2017-08-18 20:58:00+00:00
2017-08-20,2017,XAU-USD_1Minute_BID_2017-08-20_00_00-23_59_Etc_UTC.csv,processed,120,XAUUSD_5m_BID_2017-08-20.csv,2017-08-20 22:00:00+00:00 to 2017-08-20 23:59:00+00:00
2017-08-21,2017,XAU-USD_1Minute_BID_2017-08-21_00_00-23_59_Etc_UTC.csv,processed,1380,XAUUSD_5m_BID_2017-08-21.csv,2017-08-21 00:00:00+00:00 to 2017-08-21 23:59:00+00:00
2017-08-22,2017,XAU-USD_1Minute_BID_2017-08-22_00_00-23_59_Etc_UTC.csv,processed,1380,XAUUSD_5m_BID_2017-08-22.csv,2017-08-22 00:00:00+00:00 to 2017-08-22 23:59:00+00:00
2017-08-23,2017,XAU-USD_1Minute_BID_2017-08-23_00_00-23_59_Etc_UTC.csv,processed,1380,XAUUSD_5m_BID_2017-08-23.csv,2017-08-23 00:00:00+00:00 to 2017-08-23 23:59:00+00:00
2017-08-24,2017,XAU-USD_1Minute_BID_2017-08-24_00_00-23_59_Etc_UTC.csv,processed,1380,XAUUSD_5m_BID_2017-08-24.csv,2017-08-24 00:00:00+00:00 to 2017-08-24 23:59:00+00:00
2017-08-25,2017,XAU-USD_1Minute_BID_2017-08-25_00_00-23_59_Etc_UTC.csv,processed,1260,XAUUSD_5m_BID_2017-08-25.csv,2017-08-25 00:00:00+00:00 to 2017-08-25 20:59:00+00:00
2017-08-27,2017,XAU-USD_1Minute_BID_2017-08-27_00_00-23_59_Etc_UTC.csv,processed,120,XAUUSD_5m_BID_2017-08-27.csv,2017-08-27 22:00:00+00:00 to 2017-08-27 23:59:00+00:00
2017-08-28,2017,XAU-USD_1Minute_BID_2017-08-28_00_00-23_59_Etc_UTC.csv,processed,1380,XAUUSD_5m_BID_2017-08-28.csv,2017-08-28 00:00:00+00:00 to 2017-08-28 23:59:00+00:00
2017-08-29,2017,XAU-USD_1Minute_BID_2017-08-29_00_00-23_59_Etc_UTC.csv,processed,1380,XAUUSD_5m_BID_2017-08-29.csv,2017-08-29 00:00:00+00:00 to 2017-08-29 23:59:00+00:00
2017-08-30,2017,XAU-USD_1Minute_BID_2017-08-30_00_00-23_59_Etc_UTC.csv,processed,1380,XAUUSD_5m_BID_2017-08-30.csv,2017-08-30 00:00:00+00:00 to 2017-08-30 23:59:00+00:00
2017-08-31,2017,XAU-USD_1Minute_BID_2017-08-31_00_00-23_59_Etc_UTC.csv,processed,1380,XAUUSD_5m_BID_2017-08-31.csv,2017-08-31 00:00:00+00:00 to 2017-08-31 23:59:00+00:00
2017-09-01,2017,XAU-USD_1Minute_BID_2017-09-01_00_00-23_59_Etc_UTC.csv,processed,1260,XAUUSD_5m_BID_2017-09-01.csv,2017-09-01 00:00:00+00:00 to 2017-09-01 20:59:00+00:00
2017-09-03,2017,XAU-USD_1Minute_BID_2017-09-03_00_00-23_59_Etc_UTC.csv,processed,120,XAUUSD_5m_BID_2017-09-03.csv,2017-09-03 22:00:00+00:00 to 2017-09-03 23:59:00+00:00
2017-09-04,2017,XAU-USD_1Minute_BID_2017-09-04_00_00-23_59_Etc_UTC.csv,processed,1140,XAUUSD_5m_BID_2017-09-04.csv,2017-09-04 00:00:00+00:00 to 2017-09-04 23:59:00+00:00
2017-09-05,2017,XAU-USD_1Minute_BID_2017-09-05_00_00-23_59_Etc_UTC.csv,processed,1380,XAUUSD_5m_BID_2017-09-05.csv,2017-09-05 00:00:00+00:00 to 2017-09-05 23:59:00+00:00
2017-09-06,2017,XAU-USD_1Minute_BID_2017-09-06_00_00-23_59_Etc_UTC.csv,processed,1380,XAUUSD_5m_BID_2017-09-06.csv,2017-09-06 00:00:00+00:00 to 2017-09-06 23:59:00+00:00
2017-09-07,2017,XAU-USD_1Minute_BID_2017-09-07_00_00-23_59_Etc_UTC.csv,processed,1380,XAUUSD_5m_BID_2017-09-07.csv,2017-09-07 00:00:00+00:00 to 2017-09-07 23:59:00+00:00
2017-09-08,2017,XAU-USD_1Minute_BID_2017-09-08_00_00-23_59_Etc_UTC.csv,processed,1259,XAUUSD_5m_BID_2017-09-08.csv,2017-09-08 00:00:00+00:00 to 2017-09-08 20:58:00+00:00
2017-09-10,2017,XAU-USD_1Minute_BID_2017-09-10_00_00-23_59_Etc_UTC.csv,processed,120,XAUUSD_5m_BID_2017-09-10.csv,2017-09-10 22:00:00+00:00 to 2017-09-10 23:59:00+00:00
2017-09-11,2017,XAU-USD_1Minute_BID_2017-09-11_00_00-23_59_Etc_UTC.csv,processed,1380,XAUUSD_5m_BID_2017-09-11.csv,2017-09-11 00:00:00+00:00 to 2017-09-11 23:59:00+00:00
2017-09-12,2017,XAU-USD_1Minute_BID_2017-09-12_00_00-23_59_Etc_UTC.csv,processed,1380,XAUUSD_5m_BID_2017-09-12.csv,2017-09-12 00:00:00+00:00 to 2017-09-12 23:59:00+00:00
2017-09-13,2017,XAU-USD_1Minute_BID_2017-09-13_00_00-23_59_Etc_UTC.csv,processed,1380,XAUUSD_5m_BID_2017-09-13.csv,2017-09-13 00:00:00+00:00 to 2017-09-13 23:59:00+00:00
2017-09-14,2017,XAU-USD_1Minute_BID_2017-09-14_00_00-23_59_Etc_UTC.csv,processed,1380,XAUUSD_5m_BID_2017-09-14.csv,2017-09-14 00:00:00+00:00 to 2017-09-14 23:59:00+00:00
2017-09-15,2017,XAU-USD_1Minute_BID_2017-09-15_00_00-23_59_Etc_UTC.csv,processed,1260,XAUUSD_5m_BID_2017-09-15.csv,2017-09-15 00:00:00+00:00 to 2017-09-15 20:59:00+00:00
2017-09-17,2017,XAU-USD_1Minute_BID_2017-09-17_00_00-23_59_Etc_UTC.csv,processed,120,XAUUSD_5m_BID_2017-09-17.csv,2017-09-17 22:00:00+00:00 to 2017-09-17 23:59:00+00:00
2017-09-18,2017,XAU-USD_1Minute_BID_2017-09-18_00_00-23_59_Etc_UTC.csv,processed,1380,XAUUSD_5m_BID_2017-09-18.csv,2017-09-18 00:00:00+00:00 to 2017-09-18 23:59:00+00:00
2017-09-19,2017,XAU-USD_1Minute_BID_2017-09-19_00_00-23_59_Etc_UTC.csv,processed,1380,XAUUSD_5m_BID_2017-09-19.csv,2017-09-19 00:00:00+00:00 to 2017-09-19 23:59:00+00:00
2017-09-20,2017,XAU-USD_1Minute_BID_2017-09-20_00_00-23_59_Etc_UTC.csv,processed,1380,XAUUSD_5m_BID_2017-09-20.csv,2017-09-20 00:00:00+00:00 to 2017-09-20 23:59:00+00:00
2017-09-21,2017,XAU-USD_1Minute_BID_2017-09-21_00_00-23_59_Etc_UTC.csv,processed,1380,XAUUSD_5m_BID_2017-09-21.csv,2017-09-21 00:00:00+00:00 to 2017-09-21 23:59:00+00:00
2017-09-22,2017,XAU-USD_1Minute_BID_2017-09-22_00_00-23_59_Etc_UTC.csv,processed,1259,XAUUSD_5m_BID_2017-09-22.csv,2017-09-22 00:00:00+00:00 to 2017-09-22 20:58:00+00:00
2017-09-24,2017,XAU-USD_1Minute_BID_2017-09-24_00_00-23_59_Etc_UTC.csv,processed,120,XAUUSD_5m_BID_2017-09-24.csv,2017-09-24 22:00:00+00:00 to 2017-09-24 23:59:00+00:00
2017-09-25,2017,XAU-USD_1Minute_BID_2017-09-25_00_00-23_59_Etc_UTC.csv,processed,1380,XAUUSD_5m_BID_2017-09-25.csv,2017-09-25 00:00:00+00:00 to 2017-09-25 23:59:00+00:00
2017-09-26,2017,XAU-USD_1Minute_BID_2017-09-26_00_00-23_59_Etc_UTC.csv,processed,1380,XAUUSD_5m_BID_2017-09-26.csv,2017-09-26 00:00:00+00:00 to 2017-09-26 23:59:00+00:00
2017-09-27,2017,XAU-USD_1Minute_BID_2017-09-27_00_00-23_59_Etc_UTC.csv,processed,1380,XAUUSD_5m_BID_2017-09-27.csv,2017-09-27 00:00:00+00:00 to 2017-09-27 23:59:00+00:00
2017-09-28,2017,XAU-USD_1Minute_BID_2017-09-28_00_00-23_59_Etc_UTC.csv,processed,1380,XAUUSD_5m_BID_2017-09-28.csv,2017-09-28 00:00:00+00:00 to 2017-09-28 23:59:00+00:00
2017-09-29,2017,XAU-USD_1Minute_BID_2017-09-29_00_00-23_59_Etc_UTC.csv,processed,1260,XAUUSD_5m_BID_2017-09-29.csv,2017-09-29 00:00:00+00:00 to 2017-09-29 20:59:00+00:00
2017-10-01,2017,XAU-USD_1Minute_BID_2017-10-01_00_00-23_59_Etc_UTC.csv,processed,120,XAUUSD_5m_BID_2017-10-01.csv,2017-10-01 22:00:00+00:00 to 2017-10-01 23:59:00+00:00
2017-10-02,2017,XAU-USD_1Minute_BID_2017-10-02_00_00-23_59_Etc_UTC.csv,processed,1380,XAUUSD_5m_BID_2017-10-02.csv,2017-10-02 00:00:00+00:00 to 2017-10-02 23:59:00+00:00
2017-10-03,2017,XAU-USD_1Minute_BID_2017-10-03_00_00-23_59_Etc_UTC.csv,processed,1380,XAUUSD_5m_BID_2017-10-03.csv,2017-10-03 00:00:00+00:00 to 2017-10-03 23:59:00+00:00
2017-10-04,2017,XAU-USD_1Minute_BID_2017-10-04_00_00-23_59_Etc_UTC.csv,processed,1379,XAUUSD_5m_BID_2017-10-04.csv,2017-10-04 00:00:00+00:00 to 2017-10-04 23:59:00+00:00
2017-10-05,2017,XAU-USD_1Minute_BID_2017-10-05_00_00-23_59_Etc_UTC.csv,processed,1380,XAUUSD_5m_BID_2017-10-05.csv,2017-10-05 00:00:00+00:00 to 2017-10-05 23:59:00+00:00
2017-10-06,2017,XAU-USD_1Minute_BID_2017-10-06_00_00-23_59_Etc_UTC.csv,processed,1259,XAUUSD_5m_BID_2017-10-06.csv,2017-10-06 00:00:00+00:00 to 2017-10-06 20:58:00+00:00
2017-10-08,2017,XAU-USD_1Minute_BID_2017-10-08_00_00-23_59_Etc_UTC.csv,processed,120,XAUUSD_5m_BID_2017-10-08.csv,2017-10-08 22:00:00+00:00 to 2017-10-08 23:59:00+00:00
2017-10-09,2017,XAU-USD_1Minute_BID_2017-10-09_00_00-23_59_Etc_UTC.csv,processed,1380,XAUUSD_5m_BID_2017-10-09.csv,2017-10-09 00:00:00+00:00 to 2017-10-09 23:59:00+00:00
2017-10-10,2017,XAU-USD_1Minute_BID_2017-10-10_00_00-23_59_Etc_UTC.csv,processed,1380,XAUUSD_5m_BID_2017-10-10.csv,2017-10-10 00:00:00+00:00 to 2017-10-10 23:59:00+00:00
2017-10-11,2017,XAU-USD_1Minute_BID_2017-10-11_00_00-23_59_Etc_UTC.csv,processed,1380,XAUUSD_5m_BID_2017-10-11.csv,2017-10-11 00:00:00+00:00 to 2017-10-11 23:59:00+00:00
2017-10-12,2017,XAU-USD_1Minute_BID_2017-10-12_00_00-23_59_Etc_UTC.csv,processed,1380,XAUUSD_5m_BID_2017-10-12.csv,2017-10-12 00:00:00+00:00 to 2017-10-12 23:59:00+00:00
2017-10-13,2017,XAU-USD_1Minute_BID_2017-10-13_00_00-23_59_Etc_UTC.csv,processed,1259,XAUUSD_5m_BID_2017-10-13.csv,2017-10-13 00:00:00+00:00 to 2017-10-13 20:58:00+00:00
2017-10-15,2017,XAU-USD_1Minute_BID_2017-10-15_00_00-23_59_Etc_UTC.csv,processed,120,XAUUSD_5m_BID_2017-10-15.csv,2017-10-15 22:00:00+00:00 to 2017-10-15 23:59:00+00:00
2017-10-16,2017,XAU-USD_1Minute_BID_2017-10-16_00_00-23_59_Etc_UTC.csv,processed,1380,XAUUSD_5m_BID_2017-10-16.csv,2017-10-16 00:00:00+00:00 to 2017-10-16 23:59:00+00:00
2017-10-17,2017,XAU-USD_1Minute_BID_2017-10-17_00_00-23_59_Etc_UTC.csv,processed,1379,XAUUSD_5m_BID_2017-10-17.csv,2017-10-17 00:00:00+00:00 to 2017-10-17 23:59:00+00:00
2017-10-18,2017,XAU-USD_1Minute_BID_2017-10-18_00_00-23_59_Etc_UTC.csv,processed,1380,XAUUSD_5m_BID_2017-10-18.csv,2017-10-18 00:00:00+00:00 to 2017-10-18 23:59:00+00:00
2017-10-19,2017,XAU-USD_1Minute_BID_2017-10-19_00_00-23_59_Etc_UTC.csv,processed,1380,XAUUSD_5m_BID_2017-10-19.csv,2017-10-19 00:00:00+00:00 to 2017-10-19 23:59:00+00:00
2017-10-20,2017,XAU-USD_1Minute_BID_2017-10-20_00_00-23_59_Etc_UTC.csv,processed,1259,XAUUSD_5m_BID_2017-10-20.csv,2017-10-20 00:00:00+00:00 to 2017-10-20 20:58:00+00:00
2017-10-22,2017,XAU-USD_1Minute_BID_2017-10-22_00_00-23_59_Etc_UTC.csv,processed,120,XAUUSD_5m_BID_2017-10-22.csv,2017-10-22 22:00:00+00:00 to 2017-10-22 23:59:00+00:00
2017-10-23,2017,XAU-USD_1Minute_BID_2017-10-23_00_00-23_59_Etc_UTC.csv,processed,1380,XAUUSD_5m_BID_2017-10-23.csv,2017-10-23 00:00:00+00:00 to 2017-10-23 23:59:00+00:00
2017-10-24,2017,XAU-USD_1Minute_BID_2017-10-24_00_00-23_59_Etc_UTC.csv,processed,1379,XAUUSD_5m_BID_2017-10-24.csv,2017-10-24 00:00:00+00:00 to 2017-10-24 23:59:00+00:00
2017-10-25,2017,XAU-USD_1Minute_BID_2017-10-25_00_00-23_59_Etc_UTC.csv,processed,1380,XAUUSD_5m_BID_2017-10-25.csv,2017-10-25 00:00:00+00:00 to 2017-10-25 23:59:00+00:00
2017-10-26,2017,XAU-USD_1Minute_BID_2017-10-26_00_00-23_59_Etc_UTC.csv,processed,1380,XAUUSD_5m_BID_2017-10-26.csv,2017-10-26 00:00:00+00:00 to 2017-10-26 23:59:00+00:00
2017-10-27,2017,XAU-USD_1Minute_BID_2017-10-27_00_00-23_59_Etc_UTC.csv,processed,1259,XAUUSD_5m_BID_2017-10-27.csv,2017-10-27 00:00:00+00:00 to 2017-10-27 20:58:00+00:00
2017-10-29,2017,XAU-USD_1Minute_BID_2017-10-29_00_00-23_59_Etc_UTC.csv,processed,120,XAUUSD_5m_BID_2017-10-29.csv,2017-10-29 22:00:00+00:00 to 2017-10-29 23:59:00+00:00
2017-10-30,2017,XAU-USD_1Minute_BID_2017-10-30_00_00-23_59_Etc_UTC.csv,processed,1380,XAUUSD_5m_BID_2017-10-30.csv,2017-10-30 00:00:00+00:00 to 2017-10-30 23:59:00+00:00
2017-10-31,2017,XAU-USD_1Minute_BID_2017-10-31_00_00-23_59_Etc_UTC.csv,processed,1380,XAUUSD_5m_BID_2017-10-31.csv,2017-10-31 00:00:00+00:00 to 2017-10-31 23:59:00+00:00
2017-11-01,2017,XAU-USD_1Minute_BID_2017-11-01_00_00-23_59_Etc_UTC.csv,processed,1380,XAUUSD_5m_BID_2017-11-01.csv,2017-11-01 00:00:00+00:00 to 2017-11-01 23:59:00+00:00
2017-11-02,2017,XAU-USD_1Minute_BID_2017-11-02_00_00-23_59_Etc_UTC.csv,processed,1380,XAUUSD_5m_BID_2017-11-02.csv,2017-11-02 00:00:00+00:00 to 2017-11-02 23:59:00+00:00
2017-11-03,2017,XAU-USD_1Minute_BID_2017-11-03_00_00-23_59_Etc_UTC.csv,processed,1260,XAUUSD_5m_BID_2017-11-03.csv,2017-11-03 00:00:00+00:00 to 2017-11-03 20:59:00+00:00
2017-11-05,2017,XAU-USD_1Minute_BID_2017-11-05_00_00-23_59_Etc_UTC.csv,processed,60,XAUUSD_5m_BID_2017-11-05.csv,2017-11-05 23:00:00+00:00 to 2017-11-05 23:59:00+00:00
2017-11-06,2017,XAU-USD_1Minute_BID_2017-11-06_00_00-23_59_Etc_UTC.csv,processed,1380,XAUUSD_5m_BID_2017-11-06.csv,2017-11-06 00:00:00+00:00 to 2017-11-06 23:59:00+00:00
2017-11-07,2017,XAU-USD_1Minute_BID_2017-11-07_00_00-23_59_Etc_UTC.csv,processed,1380,XAUUSD_5m_BID_2017-11-07.csv,2017-11-07 00:00:00+00:00 to 2017-11-07 23:59:00+00:00
2017-11-08,2017,XAU-USD_1Minute_BID_2017-11-08_00_00-23_59_Etc_UTC.csv,processed,1380,XAUUSD_5m_BID_2017-11-08.csv,2017-11-08 00:00:00+00:00 to 2017-11-08 23:59:00+00:00
2017-11-09,2017,XAU-USD_1Minute_BID_2017-11-09_00_00-23_59_Etc_UTC.csv,processed,1380,XAUUSD_5m_BID_2017-11-09.csv,2017-11-09 00:00:00+00:00 to 2017-11-09 23:59:00+00:00
2017-11-10,2017,XAU-USD_1Minute_BID_2017-11-10_00_00-23_59_Etc_UTC.csv,processed,1319,XAUUSD_5m_BID_2017-11-10.csv,2017-11-10 00:00:00+00:00 to 2017-11-10 21:58:00+00:00
2017-11-12,2017,XAU-USD_1Minute_BID_2017-11-12_00_00-23_59_Etc_UTC.csv,processed,60,XAUUSD_5m_BID_2017-11-12.csv,2017-11-12 23:00:00+00:00 to 2017-11-12 23:59:00+00:00
2017-11-13,2017,XAU-USD_1Minute_BID_2017-11-13_00_00-23_59_Etc_UTC.csv,processed,1380,XAUUSD_5m_BID_2017-11-13.csv,2017-11-13 00:00:00+00:00 to 2017-11-13 23:59:00+00:00
2017-11-14,2017,XAU-USD_1Minute_BID_2017-11-14_00_00-23_59_Etc_UTC.csv,processed,1380,XAUUSD_5m_BID_2017-11-14.csv,2017-11-14 00:00:00+00:00 to 2017-11-14 23:59:00+00:00
2017-11-15,2017,XAU-USD_1Minute_BID_2017-11-15_00_00-23_59_Etc_UTC.csv,processed,1379,XAUUSD_5m_BID_2017-11-15.csv,2017-11-15 00:00:00+00:00 to 2017-11-15 23:59:00+00:00
2017-11-16,2017,XAU-USD_1Minute_BID_2017-11-16_00_00-23_59_Etc_UTC.csv,processed,1380,XAUUSD_5m_BID_2017-11-16.csv,2017-11-16 00:00:00+00:00 to 2017-11-16 23:59:00+00:00
2017-11-17,2017,XAU-USD_1Minute_BID_2017-11-17_00_00-23_59_Etc_UTC.csv,processed,1319,XAUUSD_5m_BID_2017-11-17.csv,2017-11-17 00:00:00+00:00 to 2017-11-17 21:58:00+00:00
2017-11-19,2017,XAU-USD_1Minute_BID_2017-11-19_00_00-23_59_Etc_UTC.csv,processed,60,XAUUSD_5m_BID_2017-11-19.csv,2017-11-19 23:00:00+00:00 to 2017-11-19 23:59:00+00:00
2017-11-20,2017,XAU-USD_1Minute_BID_2017-11-20_00_00-23_59_Etc_UTC.csv,processed,1380,XAUUSD_5m_BID_2017-11-20.csv,2017-11-20 00:00:00+00:00 to 2017-11-20 23:59:00+00:00
2017-11-21,2017,XAU-USD_1Minute_BID_2017-11-21_00_00-23_59_Etc_UTC.csv,processed,1380,XAUUSD_5m_BID_2017-11-21.csv,2017-11-21 00:00:00+00:00 to 2017-11-21 23:59:00+00:00
2017-11-22,2017,XAU-USD_1Minute_BID_2017-11-22_00_00-23_59_Etc_UTC.csv,processed,1380,XAUUSD_5m_BID_2017-11-22.csv,2017-11-22 00:00:00+00:00 to 2017-11-22 23:59:00+00:00
2017-11-23,2017,XAU-USD_1Minute_BID_2017-11-23_00_00-23_59_Etc_UTC.csv,processed,1140,XAUUSD_5m_BID_2017-11-23.csv,2017-11-23 00:00:00+00:00 to 2017-11-23 23:59:00+00:00
2017-11-24,2017,XAU-USD_1Minute_BID_2017-11-24_00_00-23_59_Etc_UTC.csv,processed,1125,XAUUSD_5m_BID_2017-11-24.csv,2017-11-24 00:00:00+00:00 to 2017-11-24 18:44:00+00:00
2017-11-26,2017,XAU-USD_1Minute_BID_2017-11-26_00_00-23_59_Etc_UTC.csv,processed,60,XAUUSD_5m_BID_2017-11-26.csv,2017-11-26 23:00:00+00:00 to 2017-11-26 23:59:00+00:00
2017-11-27,2017,XAU-USD_1Minute_BID_2017-11-27_00_00-23_59_Etc_UTC.csv,processed,1379,XAUUSD_5m_BID_2017-11-27.csv,2017-11-27 00:00:00+00:00 to 2017-11-27 23:59:00+00:00
2017-11-28,2017,XAU-USD_1Minute_BID_2017-11-28_00_00-23_59_Etc_UTC.csv,processed,1380,XAUUSD_5m_BID_2017-11-28.csv,2017-11-28 00:00:00+00:00 to 2017-11-28 23:59:00+00:00
2017-11-29,2017,XAU-USD_1Minute_BID_2017-11-29_00_00-23_59_Etc_UTC.csv,processed,1379,XAUUSD_5m_BID_2017-11-29.csv,2017-11-29 00:00:00+00:00 to 2017-11-29 23:59:00+00:00
2017-11-30,2017,XAU-USD_1Minute_BID_2017-11-30_00_00-23_59_Etc_UTC.csv,processed,1380,XAUUSD_5m_BID_2017-11-30.csv,2017-11-30 00:00:00+00:00 to 2017-11-30 23:59:00+00:00
2017-12-01,2017,XAU-USD_1Minute_BID_2017-12-01_00_00-23_59_Etc_UTC.csv,processed,1319,XAUUSD_5m_BID_2017-12-01.csv,2017-12-01 00:00:00+00:00 to 2017-12-01 21:58:00+00:00
2017-12-03,2017,XAU-USD_1Minute_BID_2017-12-03_00_00-23_59_Etc_UTC.csv,processed,60,XAUUSD_5m_BID_2017-12-03.csv,2017-12-03 23:00:00+00:00 to 2017-12-03 23:59:00+00:00
2017-12-04,2017,XAU-USD_1Minute_BID_2017-12-04_00_00-23_59_Etc_UTC.csv,processed,1380,XAUUSD_5m_BID_2017-12-04.csv,2017-12-04 00:00:00+00:00 to 2017-12-04 23:59:00+00:00
2017-12-05,2017,XAU-USD_1Minute_BID_2017-12-05_00_00-23_59_Etc_UTC.csv,processed,1380,XAUUSD_5m_BID_2017-12-05.csv,2017-12-05 00:00:00+00:00 to 2017-12-05 23:59:00+00:00
2017-12-06,2017,XAU-USD_1Minute_BID_2017-12-06_00_00-23_59_Etc_UTC.csv,processed,1380,XAUUSD_5m_BID_2017-12-06.csv,2017-12-06 00:00:00+00:00 to 2017-12-06 23:59:00+00:00
2017-12-07,2017,XAU-USD_1Minute_BID_2017-12-07_00_00-23_59_Etc_UTC.csv,processed,1380,XAUUSD_5m_BID_2017-12-07.csv,2017-12-07 00:00:00+00:00 to 2017-12-07 23:59:00+00:00
2017-12-08,2017,XAU-USD_1Minute_BID_2017-12-08_00_00-23_59_Etc_UTC.csv,processed,1319,XAUUSD_5m_BID_2017-12-08.csv,2017-12-08 00:00:00+00:00 to 2017-12-08 21:58:00+00:00
2017-12-10,2017,XAU-USD_1Minute_BID_2017-12-10_00_00-23_59_Etc_UTC.csv,processed,60,XAUUSD_5m_BID_2017-12-10.csv,2017-12-10 23:00:00+00:00 to 2017-12-10 23:59:00+00:00
2017-12-11,2017,XAU-USD_1Minute_BID_2017-12-11_00_00-23_59_Etc_UTC.csv,processed,1380,XAUUSD_5m_BID_2017-12-11.csv,2017-12-11 00:00:00+00:00 to 2017-12-11 23:59:00+00:00
2017-12-12,2017,XAU-USD_1Minute_BID_2017-12-12_00_00-23_59_Etc_UTC.csv,processed,1379,XAUUSD_5m_BID_2017-12-12.csv,2017-12-12 00:00:00+00:00 to 2017-12-12 23:59:00+00:00
2017-12-13,2017,XAU-USD_1Minute_BID_2017-12-13_00_00-23_59_Etc_UTC.csv,processed,1379,XAUUSD_5m_BID_2017-12-13.csv,2017-12-13 00:00:00+00:00 to 2017-12-13 23:59:00+00:00
2017-12-14,2017,XAU-USD_1Minute_BID_2017-12-14_00_00-23_59_Etc_UTC.csv,processed,1380,XAUUSD_5m_BID_2017-12-14.csv,2017-12-14 00:00:00+00:00 to 2017-12-14 23:59:00+00:00
2017-12-15,2017,XAU-USD_1Minute_BID_2017-12-15_00_00-23_59_Etc_UTC.csv,processed,1319,XAUUSD_5m_BID_2017-12-15.csv,2017-12-15 00:00:00+00:00 to 2017-12-15 21:58:00+00:00
2017-12-17,2017,XAU-USD_1Minute_BID_2017-12-17_00_00-23_59_Etc_UTC.csv,processed,60,XAUUSD_5m_BID_2017-12-17.csv,2017-12-17 23:00:00+00:00 to 2017-12-17 23:59:00+00:00
2017-12-18,2017,XAU-USD_1Minute_BID_2017-12-18_00_00-23_59_Etc_UTC.csv,processed,1380,XAUUSD_5m_BID_2017-12-18.csv,2017-12-18 00:00:00+00:00 to 2017-12-18 23:59:00+00:00
2017-12-19,2017,XAU-USD_1Minute_BID_2017-12-19_00_00-23_59_Etc_UTC.csv,processed,1380,XAUUSD_5m_BID_2017-12-19.csv,2017-12-19 00:00:00+00:00 to 2017-12-19 23:59:00+00:00
2017-12-20,2017,XAU-USD_1Minute_BID_2017-12-20_00_00-23_59_Etc_UTC.csv,processed,1380,XAUUSD_5m_BID_2017-12-20.csv,2017-12-20 00:00:00+00:00 to 2017-12-20 23:59:00+00:00
2017-12-21,2017,XAU-USD_1Minute_BID_2017-12-21_00_00-23_59_Etc_UTC.csv,processed,1380,XAUUSD_5m_BID_2017-12-21.csv,2017-12-21 00:00:00+00:00 to 2017-12-21 23:59:00+00:00
2017-12-22,2017,XAU-USD_1Minute_BID_2017-12-22_00_00-23_59_Etc_UTC.csv,processed,1319,XAUUSD_5m_BID_2017-12-22.csv,2017-12-22 00:00:00+00:00 to 2017-12-22 21:58:00+00:00
2017-12-25,2017,XAU-USD_1Minute_BID_2017-12-25_00_00-23_59_Etc_UTC.csv,processed,60,XAUUSD_5m_BID_2017-12-25.csv,2017-12-25 23:00:00+00:00 to 2017-12-25 23:59:00+00:00
2017-12-26,2017,XAU-USD_1Minute_BID_2017-12-26_00_00-23_59_Etc_UTC.csv,processed,1379,XAUUSD_5m_BID_2017-12-26.csv,2017-12-26 00:00:00+00:00 to 2017-12-26 23:59:00+00:00
2017-12-27,2017,XAU-USD_1Minute_BID_2017-12-27_00_00-23_59_Etc_UTC.csv,processed,1379,XAUUSD_5m_BID_2017-12-27.csv,2017-12-27 00:00:00+00:00 to 2017-12-27 23:59:00+00:00
2017-12-28,2017,XAU-USD_1Minute_BID_2017-12-28_00_00-23_59_Etc_UTC.csv,processed,1380,XAUUSD_5m_BID_2017-12-28.csv,2017-12-28 00:00:00+00:00 to 2017-12-28 23:59:00+00:00
2017-12-29,2017,XAU-USD_1Minute_BID_2017-12-29_00_00-23_59_Etc_UTC.csv,processed,1319,XAUUSD_5m_BID_2017-12-29.csv,2017-12-29 00:00:00+00:00 to 2017-12-29 21:58:00+00:00
2018-01-01,2018,XAU-USD_1Minute_BID_2018-01-01_00_00-23_59_Etc_UTC.csv,processed,60,XAUUSD_5m_BID_2018-01-01.csv,2018-01-01 23:00:00+00:00 to 2018-01-01 23:59:00+00:00
2018-01-02,2018,XAU-USD_1Minute_BID_2018-01-02_00_00-23_59_Etc_UTC.csv,processed,1380,XAUUSD_5m_BID_2018-01-02.csv,2018-01-02 00:00:00+00:00 to 2018-01-02 23:59:00+00:00
2018-01-03,2018,XAU-USD_1Minute_BID_2018-01-03_00_00-23_59_Etc_UTC.csv,processed,1380,XAUUSD_5m_BID_2018-01-03.csv,2018-01-03 00:00:00+00:00 to 2018-01-03 23:59:00+00:00
2018-01-04,2018,XAU-USD_1Minute_BID_2018-01-04_00_00-23_59_Etc_UTC.csv,processed,1380,XAUUSD_5m_BID_2018-01-04.csv,2018-01-04 00:00:00+00:00 to 2018-01-04 23:59:00+00:00
2018-01-05,2018,XAU-USD_1Minute_BID_2018-01-05_00_00-23_59_Etc_UTC.csv,processed,1319,XAUUSD_5m_BID_2018-01-05.csv,2018-01-05 00:00:00+00:00 to 2018-01-05 21:58:00+00:00
2018-01-07,2018,XAU-USD_1Minute_BID_2018-01-07_00_00-23_59_Etc_UTC.csv,processed,60,XAUUSD_5m_BID_2018-01-07.csv,2018-01-07 23:00:00+00:00 to 2018-01-07 23:59:00+00:00
2018-01-08,2018,XAU-USD_1Minute_BID_2018-01-08_00_00-23_59_Etc_UTC.csv,processed,1380,XAUUSD_5m_BID_2018-01-08.csv,2018-01-08 00:00:00+00:00 to 2018-01-08 23:59:00+00:00
2018-01-09,2018,XAU-USD_1Minute_BID_2018-01-09_00_00-23_59_Etc_UTC.csv,processed,1380,XAUUSD_5m_BID_2018-01-09.csv,2018-01-09 00:00:00+00:00 to 2018-01-09 23:59:00+00:00
2018-01-10,2018,XAU-USD_1Minute_BID_2018-01-10_00_00-23_59_Etc_UTC.csv,processed,1380,XAUUSD_5m_BID_2018-01-10.csv,2018-01-10 00:00:00+00:00 to 2018-01-10 23:59:00+00:00
2018-01-11,2018,XAU-USD_1Minute_BID_2018-01-11_00_00-23_59_Etc_UTC.csv,processed,1380,XAUUSD_5m_BID_2018-01-11.csv,2018-01-11 00:00:00+00:00 to 2018-01-11 23:59:00+00:00
2018-01-12,2018,XAU-USD_1Minute_BID_2018-01-12_00_00-23_59_Etc_UTC.csv,processed,1319,XAUUSD_5m_BID_2018-01-12.csv,2018-01-12 00:00:00+00:00 to 2018-01-12 21:58:00+00:00
2018-01-14,2018,XAU-USD_1Minute_BID_2018-01-14_00_00-23_59_Etc_UTC.csv,processed,60,XAUUSD_5m_BID_2018-01-14.csv,2018-01-14 23:00:00+00:00 to 2018-01-14 23:59:00+00:00
2018-01-15,2018,XAU-USD_1Minute_BID_2018-01-15_00_00-23_59_Etc_UTC.csv,processed,1141,XAUUSD_5m_BID_2018-01-15.csv,2018-01-15 00:00:00+00:00 to 2018-01-15 23:59:00+00:00
2018-01-16,2018,XAU-USD_1Minute_BID_2018-01-16_00_00-23_59_Etc_UTC.csv,processed,1380,XAUUSD_5m_BID_2018-01-16.csv,2018-01-16 00:00:00+00:00 to 2018-01-16 23:59:00+00:00
2018-01-17,2018,XAU-USD_1Minute_BID_2018-01-17_00_00-23_59_Etc_UTC.csv,processed,1380,XAUUSD_5m_BID_2018-01-17.csv,2018-01-17 00:00:00+00:00 to 2018-01-17 23:59:00+00:00
2018-01-18,2018,XAU-USD_1Minute_BID_2018-01-18_00_00-23_59_Etc_UTC.csv,processed,1379,XAUUSD_5m_BID_2018-01-18.csv,2018-01-18 00:00:00+00:00 to 2018-01-18 23:59:00+00:00
2018-01-19,2018,XAU-USD_1Minute_BID_2018-01-19_00_00-23_59_Etc_UTC.csv,processed,1319,XAUUSD_5m_BID_2018-01-19.csv,2018-01-19 00:00:00+00:00 to 2018-01-19 21:58:00+00:00
2018-01-21,2018,XAU-USD_1Minute_BID_2018-01-21_00_00-23_59_Etc_UTC.csv,processed,60,XAUUSD_5m_BID_2018-01-21.csv,2018-01-21 23:00:00+00:00 to 2018-01-21 23:59:00+00:00
2018-01-22,2018,XAU-USD_1Minute_BID_2018-01-22_00_00-23_59_Etc_UTC.csv,processed,1380,XAUUSD_5m_BID_2018-01-22.csv,2018-01-22 00:00:00+00:00 to 2018-01-22 23:59:00+00:00
2018-01-23,2018,XAU-USD_1Minute_BID_2018-01-23_00_00-23_59_Etc_UTC.csv,processed,1380,XAUUSD_5m_BID_2018-01-23.csv,2018-01-23 00:00:00+00:00 to 2018-01-23 23:59:00+00:00
2018-01-24,2018,XAU-USD_1Minute_BID_2018-01-24_00_00-23_59_Etc_UTC.csv,processed,1380,XAUUSD_5m_BID_2018-01-24.csv,2018-01-24 00:00:00+00:00 to 2018-01-24 23:59:00+00:00
2018-01-25,2018,XAU-USD_1Minute_BID_2018-01-25_00_00-23_59_Etc_UTC.csv,processed,1380,XAUUSD_5m_BID_2018-01-25.csv,2018-01-25 00:00:00+00:00 to 2018-01-25 23:59:00+00:00
2018-01-26,2018,XAU-USD_1Minute_BID_2018-01-26_00_00-23_59_Etc_UTC.csv,processed,1320,XAUUSD_5m_BID_2018-01-26.csv,2018-01-26 00:00:00+00:00 to 2018-01-26 21:59:00+00:00
2018-01-28,2018,XAU-USD_1Minute_BID_2018-01-28_00_00-23_59_Etc_UTC.csv,processed,60,XAUUSD_5m_BID_2018-01-28.csv,2018-01-28 23:00:00+00:00 to 2018-01-28 23:59:00+00:00
2018-01-29,2018,XAU-USD_1Minute_BID_2018-01-29_00_00-23_59_Etc_UTC.csv,processed,1380,XAUUSD_5m_BID_2018-01-29.csv,2018-01-29 00:00:00+00:00 to 2018-01-29 23:59:00+00:00
2018-01-30,2018,XAU-USD_1Minute_BID_2018-01-30_00_00-23_59_Etc_UTC.csv,processed,1380,XAUUSD_5m_BID_2018-01-30.csv,2018-01-30 00:00:00+00:00 to 2018-01-30 23:59:00+00:00
2018-01-31,2018,XAU-USD_1Minute_BID_2018-01-31_00_00-23_59_Etc_UTC.csv,processed,1380,XAUUSD_5m_BID_2018-01-31.csv,2018-01-31 00:00:00+00:00 to 2018-01-31 23:59:00+00:00
2018-02-01,2018,XAU-USD_1Minute_BID_2018-02-01_00_00-23_59_Etc_UTC.csv,processed,1380,XAUUSD_5m_BID_2018-02-01.csv,2018-02-01 00:00:00+00:00 to 2018-02-01 23:59:00+00:00
2018-02-02,2018,XAU-USD_1Minute_BID_2018-02-02_00_00-23_59_Etc_UTC.csv,processed,1320,XAUUSD_5m_BID_2018-02-02.csv,2018-02-02 00:00:00+00:00 to 2018-02-02 21:59:00+00:00
2018-02-04,2018,XAU-USD_1Minute_BID_2018-02-04_00_00-23_59_Etc_UTC.csv,processed,60,XAUUSD_5m_BID_2018-02-04.csv,2018-02-04 23:00:00+00:00 to 2018-02-04 23:59:00+00:00
2018-02-05,2018,XAU-USD_1Minute_BID_2018-02-05_00_00-23_59_Etc_UTC.csv,processed,1380,XAUUSD_5m_BID_2018-02-05.csv,2018-02-05 00:00:00+00:00 to 2018-02-05 23:59:00+00:00
2018-02-06,2018,XAU-USD_1Minute_BID_2018-02-06_00_00-23_59_Etc_UTC.csv,processed,1380,XAUUSD_5m_BID_2018-02-06.csv,2018-02-06 00:00:00+00:00 to 2018-02-06 23:59:00+00:00
2018-02-07,2018,XAU-USD_1Minute_BID_2018-02-07_00_00-23_59_Etc_UTC.csv,processed,1380,XAUUSD_5m_BID_2018-02-07.csv,2018-02-07 00:00:00+00:00 to 2018-02-07 23:59:00+00:00
2018-02-08,2018,XAU-USD_1Minute_BID_2018-02-08_00_00-23_59_Etc_UTC.csv,processed,1380,XAUUSD_5m_BID_2018-02-08.csv,2018-02-08 00:00:00+00:00 to 2018-02-08 23:59:00+00:00
2018-02-09,2018,XAU-USD_1Minute_BID_2018-02-09_00_00-23_59_Etc_UTC.csv,processed,1320,XAUUSD_5m_BID_2018-02-09.csv,2018-02-09 00:00:00+00:00 to 2018-02-09 21:59:00+00:00
2018-02-11,2018,XAU-USD_1Minute_BID_2018-02-11_00_00-23_59_Etc_UTC.csv,processed,60,XAUUSD_5m_BID_2018-02-11.csv,2018-02-11 23:00:00+00:00 to 2018-02-11 23:59:00+00:00
2018-02-12,2018,XAU-USD_1Minute_BID_2018-02-12_00_00-23_59_Etc_UTC.csv,processed,1380,XAUUSD_5m_BID_2018-02-12.csv,2018-02-12 00:00:00+00:00 to 2018-02-12 23:59:00+00:00
2018-02-13,2018,XAU-USD_1Minute_BID_2018-02-13_00_00-23_59_Etc_UTC.csv,processed,1380,XAUUSD_5m_BID_2018-02-13.csv,2018-02-13 00:00:00+00:00 to 2018-02-13 23:59:00+00:00
2018-02-14,2018,XAU-USD_1Minute_BID_2018-02-14_00_00-23_59_Etc_UTC.csv,processed,1380,XAUUSD_5m_BID_2018-02-14.csv,2018-02-14 00:00:00+00:00 to 2018-02-14 23:59:00+00:00
2018-02-15,2018,XAU-USD_1Minute_BID_2018-02-15_00_00-23_59_Etc_UTC.csv,processed,1380,XAUUSD_5m_BID_2018-02-15.csv,2018-02-15 00:00:00+00:00 to 2018-02-15 23:59:00+00:00
2018-02-16,2018,XAU-USD_1Minute_BID_2018-02-16_00_00-23_59_Etc_UTC.csv,processed,1320,XAUUSD_5m_BID_2018-02-16.csv,2018-02-16 00:00:00+00:00 to 2018-02-16 21:59:00+00:00
2018-02-18,2018,XAU-USD_1Minute_BID_2018-02-18_00_00-23_59_Etc_UTC.csv,processed,60,XAUUSD_5m_BID_2018-02-18.csv,2018-02-18 23:00:00+00:00 to 2018-02-18 23:59:00+00:00
2018-02-19,2018,XAU-USD_1Minute_BID_2018-02-19_00_00-23_59_Etc_UTC.csv,processed,1150,XAUUSD_5m_BID_2018-02-19.csv,2018-02-19 00:00:00+00:00 to 2018-02-19 23:59:00+00:00
2018-02-20,2018,XAU-USD_1Minute_BID_2018-02-20_00_00-23_59_Etc_UTC.csv,processed,1380,XAUUSD_5m_BID_2018-02-20.csv,2018-02-20 00:00:00+00:00 to 2018-02-20 23:59:00+00:00
2018-02-21,2018,XAU-USD_1Minute_BID_2018-02-21_00_00-23_59_Etc_UTC.csv,processed,1380,XAUUSD_5m_BID_2018-02-21.csv,2018-02-21 00:00:00+00:00 to 2018-02-21 23:59:00+00:00
2018-02-22,2018,XAU-USD_1Minute_BID_2018-02-22_00_00-23_59_Etc_UTC.csv,processed,1380,XAUUSD_5m_BID_2018-02-22.csv,2018-02-22 00:00:00+00:00 to 2018-02-22 23:59:00+00:00
2018-02-23,2018,XAU-USD_1Minute_BID_2018-02-23_00_00-23_59_Etc_UTC.csv,processed,1320,XAUUSD_5m_BID_2018-02-23.csv,2018-02-23 00:00:00+00:00 to 2018-02-23 21:59:00+00:00
2018-02-25,2018,XAU-USD_1Minute_BID_2018-02-25_00_00-23_59_Etc_UTC.csv,processed,60,XAUUSD_5m_BID_2018-02-25.csv,2018-02-25 23:00:00+00:00 to 2018-02-25 23:59:00+00:00
2018-02-26,2018,XAU-USD_1Minute_BID_2018-02-26_00_00-23_59_Etc_UTC.csv,processed,1380,XAUUSD_5m_BID_2018-02-26.csv,2018-02-26 00:00:00+00:00 to 2018-02-26 23:59:00+00:00
2018-02-27,2018,XAU-USD_1Minute_BID_2018-02-27_00_00-23_59_Etc_UTC.csv,processed,1380,XAUUSD_5m_BID_2018-02-27.csv,2018-02-27 00:00:00+00:00 to 2018-02-27 23:59:00+00:00
2018-02-28,2018,XAU-USD_1Minute_BID_2018-02-28_00_00-23_59_Etc_UTC.csv,processed,1380,XAUUSD_5m_BID_2018-02-28.csv,2018-02-28 00:00:00+00:00 to 2018-02-28 23:59:00+00:00
2018-03-01,2018,XAU-USD_1Minute_BID_2018-03-01_00_00-23_59_Etc_UTC.csv,processed,1380,XAUUSD_5m_BID_2018-03-01.csv,2018-03-01 00:00:00+00:00 to 2018-03-01 23:59:00+00:00
2018-03-02,2018,XAU-USD_1Minute_BID_2018-03-02_00_00-23_59_Etc_UTC.csv,processed,1320,XAUUSD_5m_BID_2018-03-02.csv,2018-03-02 00:00:00+00:00 to 2018-03-02 21:59:00+00:00
2018-03-04,2018,XAU-USD_1Minute_BID_2018-03-04_00_00-23_59_Etc_UTC.csv,processed,60,XAUUSD_5m_BID_2018-03-04.csv,2018-03-04 23:00:00+00:00 to 2018-03-04 23:59:00+00:00
2018-03-05,2018,XAU-USD_1Minute_BID_2018-03-05_00_00-23_59_Etc_UTC.csv,processed,1380,XAUUSD_5m_BID_2018-03-05.csv,2018-03-05 00:00:00+00:00 to 2018-03-05 23:59:00+00:00
2018-03-06,2018,XAU-USD_1Minute_BID_2018-03-06_00_00-23_59_Etc_UTC.csv,processed,1380,XAUUSD_5m_BID_2018-03-06.csv,2018-03-06 00:00:00+00:00 to 2018-03-06 23:59:00+00:00
2018-03-07,2018,XAU-USD_1Minute_BID_2018-03-07_00_00-23_59_Etc_UTC.csv,processed,1380,XAUUSD_5m_BID_2018-03-07.csv,2018-03-07 00:00:00+00:00 to 2018-03-07 23:59:00+00:00
2018-03-08,2018,XAU-USD_1Minute_BID_2018-03-08_00_00-23_59_Etc_UTC.csv,processed,1380,XAUUSD_5m_BID_2018-03-08.csv,2018-03-08 00:00:00+00:00 to 2018-03-08 23:59:00+00:00
2018-03-09,2018,XAU-USD_1Minute_BID_2018-03-09_00_00-23_59_Etc_UTC.csv,processed,1320,XAUUSD_5m_BID_2018-03-09.csv,2018-03-09 00:00:00+00:00 to 2018-03-09 21:59:00+00:00
2018-03-11,2018,XAU-USD_1Minute_BID_2018-03-11_00_00-23_59_Etc_UTC.csv,processed,120,XAUUSD_5m_BID_2018-03-11.csv,2018-03-11 22:00:00+00:00 to 2018-03-11 23:59:00+00:00
2018-03-12,2018,XAU-USD_1Minute_BID_2018-03-12_00_00-23_59_Etc_UTC.csv,processed,1380,XAUUSD_5m_BID_2018-03-12.csv,2018-03-12 00:00:00+00:00 to 2018-03-12 23:59:00+00:00
2018-03-13,2018,XAU-USD_1Minute_BID_2018-03-13_00_00-23_59_Etc_UTC.csv,processed,1380,XAUUSD_5m_BID_2018-03-13.csv,2018-03-13 00:00:00+00:00 to 2018-03-13 23:59:00+00:00
2018-03-14,2018,XAU-USD_1Minute_BID_2018-03-14_00_00-23_59_Etc_UTC.csv,processed,1380,XAUUSD_5m_BID_2018-03-14.csv,2018-03-14 00:00:00+00:00 to 2018-03-14 23:59:00+00:00
2018-03-15,2018,XAU-USD_1Minute_BID_2018-03-15_00_00-23_59_Etc_UTC.csv,processed,1380,XAUUSD_5m_BID_2018-03-15.csv,2018-03-15 00:00:00+00:00 to 2018-03-15 23:59:00+00:00
2018-03-16,2018,XAU-USD_1Minute_BID_2018-03-16_00_00-23_59_Etc_UTC.csv,processed,1260,XAUUSD_5m_BID_2018-03-16.csv,2018-03-16 00:00:00+00:00 to 2018-03-16 20:59:00+00:00
2018-03-18,2018,XAU-USD_1Minute_BID_2018-03-18_00_00-23_59_Etc_UTC.csv,processed,120,XAUUSD_5m_BID_2018-03-18.csv,2018-03-18 22:00:00+00:00 to 2018-03-18 23:59:00+00:00
2018-03-19,2018,XAU-USD_1Minute_BID_2018-03-19_00_00-23_59_Etc_UTC.csv,processed,1380,XAUUSD_5m_BID_2018-03-19.csv,2018-03-19 00:00:00+00:00 to 2018-03-19 23:59:00+00:00
2018-03-20,2018,XAU-USD_1Minute_BID_2018-03-20_00_00-23_59_Etc_UTC.csv,processed,1380,XAUUSD_5m_BID_2018-03-20.csv,2018-03-20 00:00:00+00:00 to 2018-03-20 23:59:00+00:00
2018-03-21,2018,XAU-USD_1Minute_BID_2018-03-21_00_00-23_59_Etc_UTC.csv,processed,1380,XAUUSD_5m_BID_2018-03-21.csv,2018-03-21 00:00:00+00:00 to 2018-03-21 23:59:00+00:00
2018-03-22,2018,XAU-USD_1Minute_BID_2018-03-22_00_00-23_59_Etc_UTC.csv,processed,1380,XAUUSD_5m_BID_2018-03-22.csv,2018-03-22 00:00:00+00:00 to 2018-03-22 23:59:00+00:00
2018-03-23,2018,XAU-USD_1Minute_BID_2018-03-23_00_00-23_59_Etc_UTC.csv,processed,1260,XAUUSD_5m_BID_2018-03-23.csv,2018-03-23 00:00:00+00:00 to 2018-03-23 20:59:00+00:00
2018-03-25,2018,XAU-USD_1Minute_BID_2018-03-25_00_00-23_59_Etc_UTC.csv,processed,120,XAUUSD_5m_BID_2018-03-25.csv,2018-03-25 22:00:00+00:00 to 2018-03-25 23:59:00+00:00
2018-03-26,2018,XAU-USD_1Minute_BID_2018-03-26_00_00-23_59_Etc_UTC.csv,processed,1380,XAUUSD_5m_BID_2018-03-26.csv,2018-03-26 00:00:00+00:00 to 2018-03-26 23:59:00+00:00
2018-03-27,2018,XAU-USD_1Minute_BID_2018-03-27_00_00-23_59_Etc_UTC.csv,processed,1379,XAUUSD_5m_BID_2018-03-27.csv,2018-03-27 00:00:00+00:00 to 2018-03-27 23:59:00+00:00
2018-03-28,2018,XAU-USD_1Minute_BID_2018-03-28_00_00-23_59_Etc_UTC.csv,processed,1380,XAUUSD_5m_BID_2018-03-28.csv,2018-03-28 00:00:00+00:00 to 2018-03-28 23:59:00+00:00
2018-03-29,2018,XAU-USD_1Minute_BID_2018-03-29_00_00-23_59_Etc_UTC.csv,processed,1259,XAUUSD_5m_BID_2018-03-29.csv,2018-03-29 00:00:00+00:00 to 2018-03-29 20:58:00+00:00
2018-04-01,2018,XAU-USD_1Minute_BID_2018-04-01_00_00-23_59_Etc_UTC.csv,processed,120,XAUUSD_5m_BID_2018-04-01.csv,2018-04-01 22:00:00+00:00 to 2018-04-01 23:59:00+00:00
2018-04-02,2018,XAU-USD_1Minute_BID_2018-04-02_00_00-23_59_Etc_UTC.csv,processed,1380,XAUUSD_5m_BID_2018-04-02.csv,2018-04-02 00:00:00+00:00 to 2018-04-02 23:59:00+00:00
2018-04-03,2018,XAU-USD_1Minute_BID_2018-04-03_00_00-23_59_Etc_UTC.csv,processed,1380,XAUUSD_5m_BID_2018-04-03.csv,2018-04-03 00:00:00+00:00 to 2018-04-03 23:59:00+00:00
2018-04-04,2018,XAU-USD_1Minute_BID_2018-04-04_00_00-23_59_Etc_UTC.csv,processed,1380,XAUUSD_5m_BID_2018-04-04.csv,2018-04-04 00:00:00+00:00 to 2018-04-04 23:59:00+00:00
2018-04-05,2018,XAU-USD_1Minute_BID_2018-04-05_00_00-23_59_Etc_UTC.csv,processed,1380,XAUUSD_5m_BID_2018-04-05.csv,2018-04-05 00:00:00+00:00 to 2018-04-05 23:59:00+00:00
2018-04-06,2018,XAU-USD_1Minute_BID_2018-04-06_00_00-23_59_Etc_UTC.csv,processed,1260,XAUUSD_5m_BID_2018-04-06.csv,2018-04-06 00:00:00+00:00 to 2018-04-06 20:59:00+00:00
2018-04-08,2018,XAU-USD_1Minute_BID_2018-04-08_00_00-23_59_Etc_UTC.csv,processed,120,XAUUSD_5m_BID_2018-04-08.csv,2018-04-08 22:00:00+00:00 to 2018-04-08 23:59:00+00:00
2018-04-09,2018,XAU-USD_1Minute_BID_2018-04-09_00_00-23_59_Etc_UTC.csv,processed,1380,XAUUSD_5m_BID_2018-04-09.csv,2018-04-09 00:00:00+00:00 to 2018-04-09 23:59:00+00:00
2018-04-10,2018,XAU-USD_1Minute_BID_2018-04-10_00_00-23_59_Etc_UTC.csv,processed,1380,XAUUSD_5m_BID_2018-04-10.csv,2018-04-10 00:00:00+00:00 to 2018-04-10 23:59:00+00:00
2018-04-11,2018,XAU-USD_1Minute_BID_2018-04-11_00_00-23_59_Etc_UTC.csv,processed,1380,XAUUSD_5m_BID_2018-04-11.csv,2018-04-11 00:00:00+00:00 to 2018-04-11 23:59:00+00:00
2018-04-12,2018,XAU-USD_1Minute_BID_2018-04-12_00_00-23_59_Etc_UTC.csv,processed,1380,XAUUSD_5m_BID_2018-04-12.csv,2018-04-12 00:00:00+00:00 to 2018-04-12 23:59:00+00:00
2018-04-13,2018,XAU-USD_1Minute_BID_2018-04-13_00_00-23_59_Etc_UTC.csv,processed,1259,XAUUSD_5m_BID_2018-04-13.csv,2018-04-13 00:00:00+00:00 to 2018-04-13 20:58:00+00:00
2018-04-15,2018,XAU-USD_1Minute_BID_2018-04-15_00_00-23_59_Etc_UTC.csv,processed,120,XAUUSD_5m_BID_2018-04-15.csv,2018-04-15 22:00:00+00:00 to 2018-04-15 23:59:00+00:00
2018-04-16,2018,XAU-USD_1Minute_BID_2018-04-16_00_00-23_59_Etc_UTC.csv,processed,1380,XAUUSD_5m_BID_2018-04-16.csv,2018-04-16 00:00:00+00:00 to 2018-04-16 23:59:00+00:00
2018-04-17,2018,XAU-USD_1Minute_BID_2018-04-17_00_00-23_59_Etc_UTC.csv,processed,1380,XAUUSD_5m_BID_2018-04-17.csv,2018-04-17 00:00:00+00:00 to 2018-04-17 23:59:00+00:00
2018-04-18,2018,XAU-USD_1Minute_BID_2018-04-18_00_00-23_59_Etc_UTC.csv,processed,1380,XAUUSD_5m_BID_2018-04-18.csv,2018-04-18 00:00:00+00:00 to 2018-04-18 23:59:00+00:00
2018-04-19,2018,XAU-USD_1Minute_BID_2018-04-19_00_00-23_59_Etc_UTC.csv,processed,1380,XAUUSD_5m_BID_2018-04-19.csv,2018-04-19 00:00:00+00:00 to 2018-04-19 23:59:00+00:00
2018-04-20,2018,XAU-USD_1Minute_BID_2018-04-20_00_00-23_59_Etc_UTC.csv,processed,1259,XAUUSD_5m_BID_2018-04-20.csv,2018-04-20 00:00:00+00:00 to 2018-04-20 20:58:00+00:00
2018-04-22,2018,XAU-USD_1Minute_BID_2018-04-22_00_00-23_59_Etc_UTC.csv,processed,120,XAUUSD_5m_BID_2018-04-22.csv,2018-04-22 22:00:00+00:00 to 2018-04-22 23:59:00+00:00
2018-04-23,2018,XAU-USD_1Minute_BID_2018-04-23_00_00-23_59_Etc_UTC.csv,processed,1379,XAUUSD_5m_BID_2018-04-23.csv,2018-04-23 00:00:00+00:00 to 2018-04-23 23:59:00+00:00
2018-04-24,2018,XAU-USD_1Minute_BID_2018-04-24_00_00-23_59_Etc_UTC.csv,processed,1379,XAUUSD_5m_BID_2018-04-24.csv,2018-04-24 00:00:00+00:00 to 2018-04-24 23:59:00+00:00
2018-04-25,2018,XAU-USD_1Minute_BID_2018-04-25_00_00-23_59_Etc_UTC.csv,processed,1380,XAUUSD_5m_BID_2018-04-25.csv,2018-04-25 00:00:00+00:00 to 2018-04-25 23:59:00+00:00
2018-04-26,2018,XAU-USD_1Minute_BID_2018-04-26_00_00-23_59_Etc_UTC.csv,processed,1379,XAUUSD_5m_BID_2018-04-26.csv,2018-04-26 00:00:00+00:00 to 2018-04-26 23:59:00+00:00
2018-04-27,2018,XAU-USD_1Minute_BID_2018-04-27_00_00-23_59_Etc_UTC.csv,processed,1259,XAUUSD_5m_BID_2018-04-27.csv,2018-04-27 00:00:00+00:00 to 2018-04-27 20:58:00+00:00
2018-04-29,2018,XAU-USD_1Minute_BID_2018-04-29_00_00-23_59_Etc_UTC.csv,processed,108,XAUUSD_5m_BID_2018-04-29.csv,2018-04-29 22:00:00+00:00 to 2018-04-29 23:59:00+00:00
2018-04-30,2018,XAU-USD_1Minute_BID_2018-04-30_00_00-23_59_Etc_UTC.csv,processed,1379,XAUUSD_5m_BID_2018-04-30.csv,2018-04-30 00:00:00+00:00 to 2018-04-30 23:59:00+00:00
2018-05-01,2018,XAU-USD_1Minute_BID_2018-05-01_00_00-23_59_Etc_UTC.csv,processed,1380,XAUUSD_5m_BID_2018-05-01.csv,2018-05-01 00:00:00+00:00 to 2018-05-01 23:59:00+00:00
2018-05-02,2018,XAU-USD_1Minute_BID_2018-05-02_00_00-23_59_Etc_UTC.csv,processed,1380,XAUUSD_5m_BID_2018-05-02.csv,2018-05-02 00:00:00+00:00 to 2018-05-02 23:59:00+00:00
2018-05-03,2018,XAU-USD_1Minute_BID_2018-05-03_00_00-23_59_Etc_UTC.csv,processed,1380,XAUUSD_5m_BID_2018-05-03.csv,2018-05-03 00:00:00+00:00 to 2018-05-03 23:59:00+00:00
2018-05-04,2018,XAU-USD_1Minute_BID_2018-05-04_00_00-23_59_Etc_UTC.csv,processed,1259,XAUUSD_5m_BID_2018-05-04.csv,2018-05-04 00:00:00+00:00 to 2018-05-04 20:58:00+00:00
2018-05-06,2018,XAU-USD_1Minute_BID_2018-05-06_00_00-23_59_Etc_UTC.csv,processed,120,XAUUSD_5m_BID_2018-05-06.csv,2018-05-06 22:00:00+00:00 to 2018-05-06 23:59:00+00:00
2018-05-07,2018,XAU-USD_1Minute_BID_2018-05-07_00_00-23_59_Etc_UTC.csv,processed,1380,XAUUSD_5m_BID_2018-05-07.csv,2018-05-07 00:00:00+00:00 to 2018-05-07 23:59:00+00:00
2018-05-08,2018,XAU-USD_1Minute_BID_2018-05-08_00_00-23_59_Etc_UTC.csv,processed,1380,XAUUSD_5m_BID_2018-05-08.csv,2018-05-08 00:00:00+00:00 to 2018-05-08 23:59:00+00:00
2018-05-09,2018,XAU-USD_1Minute_BID_2018-05-09_00_00-23_59_Etc_UTC.csv,processed,1380,XAUUSD_5m_BID_2018-05-09.csv,2018-05-09 00:00:00+00:00 to 2018-05-09 23:59:00+00:00
2018-05-10,2018,XAU-USD_1Minute_BID_2018-05-10_00_00-23_59_Etc_UTC.csv,processed,1380,XAUUSD_5m_BID_2018-05-10.csv,2018-05-10 00:00:00+00:00 to 2018-05-10 23:59:00+00:00
2018-05-11,2018,XAU-USD_1Minute_BID_2018-05-11_00_00-23_59_Etc_UTC.csv,processed,1259,XAUUSD_5m_BID_2018-05-11.csv,2018-05-11 00:00:00+00:00 to 2018-05-11 20:58:00+00:00
2018-05-13,2018,XAU-USD_1Minute_BID_2018-05-13_00_00-23_59_Etc_UTC.csv,processed,120,XAUUSD_5m_BID_2018-05-13.csv,2018-05-13 22:00:00+00:00 to 2018-05-13 23:59:00+00:00
2018-05-14,2018,XAU-USD_1Minute_BID_2018-05-14_00_00-23_59_Etc_UTC.csv,processed,1378,XAUUSD_5m_BID_2018-05-14.csv,2018-05-14 00:00:00+00:00 to 2018-05-14 23:59:00+00:00
2018-05-15,2018,XAU-USD_1Minute_BID_2018-05-15_00_00-23_59_Etc_UTC.csv,processed,1380,XAUUSD_5m_BID_2018-05-15.csv,2018-05-15 00:00:00+00:00 to 2018-05-15 23:59:00+00:00
2018-05-16,2018,XAU-USD_1Minute_BID_2018-05-16_00_00-23_59_Etc_UTC.csv,processed,1380,XAUUSD_5m_BID_2018-05-16.csv,2018-05-16 00:00:00+00:00 to 2018-05-16 23:59:00+00:00
2018-05-17,2018,XAU-USD_1Minute_BID_2018-05-17_00_00-23_59_Etc_UTC.csv,processed,1380,XAUUSD_5m_BID_2018-05-17.csv,2018-05-17 00:00:00+00:00 to 2018-05-17 23:59:00+00:00
2018-05-18,2018,XAU-USD_1Minute_BID_2018-05-18_00_00-23_59_Etc_UTC.csv,processed,1259,XAUUSD_5m_BID_2018-05-18.csv,2018-05-18 00:00:00+00:00 to 2018-05-18 20:58:00+00:00
2018-05-20,2018,XAU-USD_1Minute_BID_2018-05-20_00_00-23_59_Etc_UTC.csv,processed,120,XAUUSD_5m_BID_2018-05-20.csv,2018-05-20 22:00:00+00:00 to 2018-05-20 23:59:00+00:00
2018-05-21,2018,XAU-USD_1Minute_BID_2018-05-21_00_00-23_59_Etc_UTC.csv,processed,1379,XAUUSD_5m_BID_2018-05-21.csv,2018-05-21 00:00:00+00:00 to 2018-05-21 23:59:00+00:00
2018-05-22,2018,XAU-USD_1Minute_BID_2018-05-22_00_00-23_59_Etc_UTC.csv,processed,1380,XAUUSD_5m_BID_2018-05-22.csv,2018-05-22 00:00:00+00:00 to 2018-05-22 23:59:00+00:00
2018-05-23,2018,XAU-USD_1Minute_BID_2018-05-23_00_00-23_59_Etc_UTC.csv,processed,1380,XAUUSD_5m_BID_2018-05-23.csv,2018-05-23 00:00:00+00:00 to 2018-05-23 23:59:00+00:00
2018-05-24,2018,XAU-USD_1Minute_BID_2018-05-24_00_00-23_59_Etc_UTC.csv,processed,1379,XAUUSD_5m_BID_2018-05-24.csv,2018-05-24 00:00:00+00:00 to 2018-05-24 23:59:00+00:00
2018-05-25,2018,XAU-USD_1Minute_BID_2018-05-25_00_00-23_59_Etc_UTC.csv,processed,1259,XAUUSD_5m_BID_2018-05-25.csv,2018-05-25 00:00:00+00:00 to 2018-05-25 20:58:00+00:00
2018-05-27,2018,XAU-USD_1Minute_BID_2018-05-27_00_00-23_59_Etc_UTC.csv,processed,120,XAUUSD_5m_BID_2018-05-27.csv,2018-05-27 22:00:00+00:00 to 2018-05-27 23:59:00+00:00
2018-05-28,2018,XAU-USD_1Minute_BID_2018-05-28_00_00-23_59_Etc_UTC.csv,processed,1140,XAUUSD_5m_BID_2018-05-28.csv,2018-05-28 00:00:00+00:00 to 2018-05-28 23:59:00+00:00
2018-05-29,2018,XAU-USD_1Minute_BID_2018-05-29_00_00-23_59_Etc_UTC.csv,processed,1379,XAUUSD_5m_BID_2018-05-29.csv,2018-05-29 00:00:00+00:00 to 2018-05-29 23:59:00+00:00
2018-05-30,2018,XAU-USD_1Minute_BID_2018-05-30_00_00-23_59_Etc_UTC.csv,processed,1380,XAUUSD_5m_BID_2018-05-30.csv,2018-05-30 00:00:00+00:00 to 2018-05-30 23:59:00+00:00
2018-05-31,2018,XAU-USD_1Minute_BID_2018-05-31_00_00-23_59_Etc_UTC.csv,processed,1380,XAUUSD_5m_BID_2018-05-31.csv,2018-05-31 00:00:00+00:00 to 2018-05-31 23:59:00+00:00
2018-06-01,2018,XAU-USD_1Minute_BID_2018-06-01_00_00-23_59_Etc_UTC.csv,processed,1260,XAUUSD_5m_BID_2018-06-01.csv,2018-06-01 00:00:00+00:00 to 2018-06-01 20:59:00+00:00
2018-06-03,2018,XAU-USD_1Minute_BID_2018-06-03_00_00-23_59_Etc_UTC.csv,processed,120,XAUUSD_5m_BID_2018-06-03.csv,2018-06-03 22:00:00+00:00 to 2018-06-03 23:59:00+00:00
2018-06-04,2018,XAU-USD_1Minute_BID_2018-06-04_00_00-23_59_Etc_UTC.csv,processed,1380,XAUUSD_5m_BID_2018-06-04.csv,2018-06-04 00:00:00+00:00 to 2018-06-04 23:59:00+00:00
2018-06-05,2018,XAU-USD_1Minute_BID_2018-06-05_00_00-23_59_Etc_UTC.csv,processed,1380,XAUUSD_5m_BID_2018-06-05.csv,2018-06-05 00:00:00+00:00 to 2018-06-05 23:59:00+00:00
2018-06-06,2018,XAU-USD_1Minute_BID_2018-06-06_00_00-23_59_Etc_UTC.csv,processed,1379,XAUUSD_5m_BID_2018-06-06.csv,2018-06-06 00:00:00+00:00 to 2018-06-06 23:59:00+00:00
2018-06-07,2018,XAU-USD_1Minute_BID_2018-06-07_00_00-23_59_Etc_UTC.csv,processed,1380,XAUUSD_5m_BID_2018-06-07.csv,2018-06-07 00:00:00+00:00 to 2018-06-07 23:59:00+00:00
2018-06-08,2018,XAU-USD_1Minute_BID_2018-06-08_00_00-23_59_Etc_UTC.csv,processed,1259,XAUUSD_5m_BID_2018-06-08.csv,2018-06-08 00:00:00+00:00 to 2018-06-08 20:58:00+00:00
2018-06-10,2018,XAU-USD_1Minute_BID_2018-06-10_00_00-23_59_Etc_UTC.csv,processed,120,XAUUSD_5m_BID_2018-06-10.csv,2018-06-10 22:00:00+00:00 to 2018-06-10 23:59:00+00:00
2018-06-11,2018,XAU-USD_1Minute_BID_2018-06-11_00_00-23_59_Etc_UTC.csv,processed,1379,XAUUSD_5m_BID_2018-06-11.csv,2018-06-11 00:00:00+00:00 to 2018-06-11 23:59:00+00:00
2018-06-12,2018,XAU-USD_1Minute_BID_2018-06-12_00_00-23_59_Etc_UTC.csv,processed,1380,XAUUSD_5m_BID_2018-06-12.csv,2018-06-12 00:00:00+00:00 to 2018-06-12 23:59:00+00:00
2018-06-13,2018,XAU-USD_1Minute_BID_2018-06-13_00_00-23_59_Etc_UTC.csv,processed,1380,XAUUSD_5m_BID_2018-06-13.csv,2018-06-13 00:00:00+00:00 to 2018-06-13 23:59:00+00:00
2018-06-14,2018,XAU-USD_1Minute_BID_2018-06-14_00_00-23_59_Etc_UTC.csv,processed,1379,XAUUSD_5m_BID_2018-06-14.csv,2018-06-14 00:00:00+00:00 to 2018-06-14 23:59:00+00:00
2018-06-15,2018,XAU-USD_1Minute_BID_2018-06-15_00_00-23_59_Etc_UTC.csv,processed,1259,XAUUSD_5m_BID_2018-06-15.csv,2018-06-15 00:00:00+00:00 to 2018-06-15 20:58:00+00:00
2018-06-17,2018,XAU-USD_1Minute_BID_2018-06-17_00_00-23_59_Etc_UTC.csv,processed,120,XAUUSD_5m_BID_2018-06-17.csv,2018-06-17 22:00:00+00:00 to 2018-06-17 23:59:00+00:00
2018-06-18,2018,XAU-USD_1Minute_BID_2018-06-18_00_00-23_59_Etc_UTC.csv,processed,1379,XAUUSD_5m_BID_2018-06-18.csv,2018-06-18 00:00:00+00:00 to 2018-06-18 23:59:00+00:00
2018-06-19,2018,XAU-USD_1Minute_BID_2018-06-19_00_00-23_59_Etc_UTC.csv,processed,1379,XAUUSD_5m_BID_2018-06-19.csv,2018-06-19 00:00:00+00:00 to 2018-06-19 23:59:00+00:00
2018-06-20,2018,XAU-USD_1Minute_BID_2018-06-20_00_00-23_59_Etc_UTC.csv,processed,1380,XAUUSD_5m_BID_2018-06-20.csv,2018-06-20 00:00:00+00:00 to 2018-06-20 23:59:00+00:00
2018-06-21,2018,XAU-USD_1Minute_BID_2018-06-21_00_00-23_59_Etc_UTC.csv,processed,1380,XAUUSD_5m_BID_2018-06-21.csv,2018-06-21 00:00:00+00:00 to 2018-06-21 23:59:00+00:00
2018-06-22,2018,XAU-USD_1Minute_BID_2018-06-22_00_00-23_59_Etc_UTC.csv,processed,1259,XAUUSD_5m_BID_2018-06-22.csv,2018-06-22 00:00:00+00:00 to 2018-06-22 20:58:00+00:00
2018-06-24,2018,XAU-USD_1Minute_BID_2018-06-24_00_00-23_59_Etc_UTC.csv,processed,120,XAUUSD_5m_BID_2018-06-24.csv,2018-06-24 22:00:00+00:00 to 2018-06-24 23:59:00+00:00
2018-06-25,2018,XAU-USD_1Minute_BID_2018-06-25_00_00-23_59_Etc_UTC.csv,processed,1380,XAUUSD_5m_BID_2018-06-25.csv,2018-06-25 00:00:00+00:00 to 2018-06-25 23:59:00+00:00
2018-06-26,2018,XAU-USD_1Minute_BID_2018-06-26_00_00-23_59_Etc_UTC.csv,processed,1380,XAUUSD_5m_BID_2018-06-26.csv,2018-06-26 00:00:00+00:00 to 2018-06-26 23:59:00+00:00
2018-06-27,2018,XAU-USD_1Minute_BID_2018-06-27_00_00-23_59_Etc_UTC.csv,processed,1379,XAUUSD_5m_BID_2018-06-27.csv,2018-06-27 00:00:00+00:00 to 2018-06-27 23:59:00+00:00
2018-06-28,2018,XAU-USD_1Minute_BID_2018-06-28_00_00-23_59_Etc_UTC.csv,processed,1379,XAUUSD_5m_BID_2018-06-28.csv,2018-06-28 00:00:00+00:00 to 2018-06-28 23:59:00+00:00
2018-06-29,2018,XAU-USD_1Minute_BID_2018-06-29_00_00-23_59_Etc_UTC.csv,processed,1259,XAUUSD_5m_BID_2018-06-29.csv,2018-06-29 00:00:00+00:00 to 2018-06-29 20:58:00+00:00
2018-07-01,2018,XAU-USD_1Minute_BID_2018-07-01_00_00-23_59_Etc_UTC.csv,processed,120,XAUUSD_5m_BID_2018-07-01.csv,2018-07-01 22:00:00+00:00 to 2018-07-01 23:59:00+00:00
2018-07-02,2018,XAU-USD_1Minute_BID_2018-07-02_00_00-23_59_Etc_UTC.csv,processed,1379,XAUUSD_5m_BID_2018-07-02.csv,2018-07-02 00:00:00+00:00 to 2018-07-02 23:59:00+00:00
2018-07-03,2018,XAU-USD_1Minute_BID_2018-07-03_00_00-23_59_Etc_UTC.csv,processed,1380,XAUUSD_5m_BID_2018-07-03.csv,2018-07-03 00:00:00+00:00 to 2018-07-03 23:59:00+00:00
2018-07-04,2018,XAU-USD_1Minute_BID_2018-07-04_00_00-23_59_Etc_UTC.csv,processed,1140,XAUUSD_5m_BID_2018-07-04.csv,2018-07-04 00:00:00+00:00 to 2018-07-04 23:59:00+00:00
2018-07-05,2018,XAU-USD_1Minute_BID_2018-07-05_00_00-23_59_Etc_UTC.csv,processed,1379,XAUUSD_5m_BID_2018-07-05.csv,2018-07-05 00:00:00+00:00 to 2018-07-05 23:59:00+00:00
2018-07-06,2018,XAU-USD_1Minute_BID_2018-07-06_00_00-23_59_Etc_UTC.csv,processed,1259,XAUUSD_5m_BID_2018-07-06.csv,2018-07-06 00:00:00+00:00 to 2018-07-06 20:58:00+00:00
2018-07-08,2018,XAU-USD_1Minute_BID_2018-07-08_00_00-23_59_Etc_UTC.csv,processed,120,XAUUSD_5m_BID_2018-07-08.csv,2018-07-08 22:00:00+00:00 to 2018-07-08 23:59:00+00:00
2018-07-09,2018,XAU-USD_1Minute_BID_2018-07-09_00_00-23_59_Etc_UTC.csv,processed,1380,XAUUSD_5m_BID_2018-07-09.csv,2018-07-09 00:00:00+00:00 to 2018-07-09 23:59:00+00:00
2018-07-10,2018,XAU-USD_1Minute_BID_2018-07-10_00_00-23_59_Etc_UTC.csv,processed,1378,XAUUSD_5m_BID_2018-07-10.csv,2018-07-10 00:00:00+00:00 to 2018-07-10 23:59:00+00:00
2018-07-11,2018,XAU-USD_1Minute_BID_2018-07-11_00_00-23_59_Etc_UTC.csv,processed,1379,XAUUSD_5m_BID_2018-07-11.csv,2018-07-11 00:00:00+00:00 to 2018-07-11 23:59:00+00:00
2018-07-12,2018,XAU-USD_1Minute_BID_2018-07-12_00_00-23_59_Etc_UTC.csv,processed,1380,XAUUSD_5m_BID_2018-07-12.csv,2018-07-12 00:00:00+00:00 to 2018-07-12 23:59:00+00:00
2018-07-13,2018,XAU-USD_1Minute_BID_2018-07-13_00_00-23_59_Etc_UTC.csv,processed,1259,XAUUSD_5m_BID_2018-07-13.csv,2018-07-13 00:00:00+00:00 to 2018-07-13 20:58:00+00:00
2018-07-15,2018,XAU-USD_1Minute_BID_2018-07-15_00_00-23_59_Etc_UTC.csv,processed,120,XAUUSD_5m_BID_2018-07-15.csv,2018-07-15 22:00:00+00:00 to 2018-07-15 23:59:00+00:00
2018-07-16,2018,XAU-USD_1Minute_BID_2018-07-16_00_00-23_59_Etc_UTC.csv,processed,1380,XAUUSD_5m_BID_2018-07-16.csv,2018-07-16 00:00:00+00:00 to 2018-07-16 23:59:00+00:00
2018-07-17,2018,XAU-USD_1Minute_BID_2018-07-17_00_00-23_59_Etc_UTC.csv,processed,1380,XAUUSD_5m_BID_2018-07-17.csv,2018-07-17 00:00:00+00:00 to 2018-07-17 23:59:00+00:00
2018-07-18,2018,XAU-USD_1Minute_BID_2018-07-18_00_00-23_59_Etc_UTC.csv,processed,1380,XAUUSD_5m_BID_2018-07-18.csv,2018-07-18 00:00:00+00:00 to 2018-07-18 23:59:00+00:00
2018-07-19,2018,XAU-USD_1Minute_BID_2018-07-19_00_00-23_59_Etc_UTC.csv,processed,1380,XAUUSD_5m_BID_2018-07-19.csv,2018-07-19 00:00:00+00:00 to 2018-07-19 23:59:00+00:00
2018-07-20,2018,XAU-USD_1Minute_BID_2018-07-20_00_00-23_59_Etc_UTC.csv,processed,1259,XAUUSD_5m_BID_2018-07-20.csv,2018-07-20 00:00:00+00:00 to 2018-07-20 20:58:00+00:00
2018-07-22,2018,XAU-USD_1Minute_BID_2018-07-22_00_00-23_59_Etc_UTC.csv,processed,120,XAUUSD_5m_BID_2018-07-22.csv,2018-07-22 22:00:00+00:00 to 2018-07-22 23:59:00+00:00
2018-07-23,2018,XAU-USD_1Minute_BID_2018-07-23_00_00-23_59_Etc_UTC.csv,processed,1380,XAUUSD_5m_BID_2018-07-23.csv,2018-07-23 00:00:00+00:00 to 2018-07-23 23:59:00+00:00
2018-07-25,2018,XAU-USD_1Minute_BID_2018-07-25_00_00-23_59_Etc_UTC.csv,processed,1380,XAUUSD_5m_BID_2018-07-25.csv,2018-07-25 00:00:00+00:00 to 2018-07-25 23:59:00+00:00
2018-07-26,2018,XAU-USD_1Minute_BID_2018-07-26_00_00-23_59_Etc_UTC.csv,processed,1379,XAUUSD_5m_BID_2018-07-26.csv,2018-07-26 00:00:00+00:00 to 2018-07-26 23:59:00+00:00
2018-07-27,2018,XAU-USD_1Minute_BID_2018-07-27_00_00-23_59_Etc_UTC.csv,processed,1259,XAUUSD_5m_BID_2018-07-27.csv,2018-07-27 00:00:00+00:00 to 2018-07-27 20:58:00+00:00
2018-07-29,2018,XAU-USD_1Minute_BID_2018-07-29_00_00-23_59_Etc_UTC.csv,processed,118,XAUUSD_5m_BID_2018-07-29.csv,2018-07-29 22:00:00+00:00 to 2018-07-29 23:59:00+00:00
2018-07-30,2018,XAU-USD_1Minute_BID_2018-07-30_00_00-23_59_Etc_UTC.csv,processed,1380,XAUUSD_5m_BID_2018-07-30.csv,2018-07-30 00:00:00+00:00 to 2018-07-30 23:59:00+00:00
2018-07-31,2018,XAU-USD_1Minute_BID_2018-07-31_00_00-23_59_Etc_UTC.csv,processed,1380,XAUUSD_5m_BID_2018-07-31.csv,2018-07-31 00:00:00+00:00 to 2018-07-31 23:59:00+00:00
2018-08-01,2018,XAU-USD_1Minute_BID_2018-08-01_00_00-23_59_Etc_UTC.csv,processed,1379,XAUUSD_5m_BID_2018-08-01.csv,2018-08-01 00:00:00+00:00 to 2018-08-01 23:59:00+00:00
2018-08-02,2018,XAU-USD_1Minute_BID_2018-08-02_00_00-23_59_Etc_UTC.csv,processed,1379,XAUUSD_5m_BID_2018-08-02.csv,2018-08-02 00:00:00+00:00 to 2018-08-02 23:59:00+00:00
2018-08-03,2018,XAU-USD_1Minute_BID_2018-08-03_00_00-23_59_Etc_UTC.csv,processed,1259,XAUUSD_5m_BID_2018-08-03.csv,2018-08-03 00:00:00+00:00 to 2018-08-03 20:58:00+00:00
2018-08-05,2018,XAU-USD_1Minute_BID_2018-08-05_00_00-23_59_Etc_UTC.csv,processed,120,XAUUSD_5m_BID_2018-08-05.csv,2018-08-05 22:00:00+00:00 to 2018-08-05 23:59:00+00:00
2018-08-06,2018,XAU-USD_1Minute_BID_2018-08-06_00_00-23_59_Etc_UTC.csv,processed,1379,XAUUSD_5m_BID_2018-08-06.csv,2018-08-06 00:00:00+00:00 to 2018-08-06 23:59:00+00:00
2018-08-07,2018,XAU-USD_1Minute_BID_2018-08-07_00_00-23_59_Etc_UTC.csv,processed,1379,XAUUSD_5m_BID_2018-08-07.csv,2018-08-07 00:00:00+00:00 to 2018-08-07 23:59:00+00:00
2018-08-08,2018,XAU-USD_1Minute_BID_2018-08-08_00_00-23_59_Etc_UTC.csv,processed,1380,XAUUSD_5m_BID_2018-08-08.csv,2018-08-08 00:00:00+00:00 to 2018-08-08 23:59:00+00:00
2018-08-09,2018,XAU-USD_1Minute_BID_2018-08-09_00_00-23_59_Etc_UTC.csv,processed,1379,XAUUSD_5m_BID_2018-08-09.csv,2018-08-09 00:00:00+00:00 to 2018-08-09 23:59:00+00:00
2018-08-10,2018,XAU-USD_1Minute_BID_2018-08-10_00_00-23_59_Etc_UTC.csv,processed,1259,XAUUSD_5m_BID_2018-08-10.csv,2018-08-10 00:00:00+00:00 to 2018-08-10 20:58:00+00:00
2018-08-12,2018,XAU-USD_1Minute_BID_2018-08-12_00_00-23_59_Etc_UTC.csv,processed,119,XAUUSD_5m_BID_2018-08-12.csv,2018-08-12 22:00:00+00:00 to 2018-08-12 23:59:00+00:00
2018-08-13,2018,XAU-USD_1Minute_BID_2018-08-13_00_00-23_59_Etc_UTC.csv,processed,1380,XAUUSD_5m_BID_2018-08-13.csv,2018-08-13 00:00:00+00:00 to 2018-08-13 23:59:00+00:00
2018-08-14,2018,XAU-USD_1Minute_BID_2018-08-14_00_00-23_59_Etc_UTC.csv,processed,1380,XAUUSD_5m_BID_2018-08-14.csv,2018-08-14 00:00:00+00:00 to 2018-08-14 23:59:00+00:00
2018-08-15,2018,XAU-USD_1Minute_BID_2018-08-15_00_00-23_59_Etc_UTC.csv,processed,1380,XAUUSD_5m_BID_2018-08-15.csv,2018-08-15 00:00:00+00:00 to 2018-08-15 23:59:00+00:00
2018-08-16,2018,XAU-USD_1Minute_BID_2018-08-16_00_00-23_59_Etc_UTC.csv,processed,1380,XAUUSD_5m_BID_2018-08-16.csv,2018-08-16 00:00:00+00:00 to 2018-08-16 23:59:00+00:00
2018-08-17,2018,XAU-USD_1Minute_BID_2018-08-17_00_00-23_59_Etc_UTC.csv,processed,1259,XAUUSD_5m_BID_2018-08-17.csv,2018-08-17 00:00:00+00:00 to 2018-08-17 20:58:00+00:00
2018-08-19,2018,XAU-USD_1Minute_BID_2018-08-19_00_00-23_59_Etc_UTC.csv,processed,120,XAUUSD_5m_BID_2018-08-19.csv,2018-08-19 22:00:00+00:00 to 2018-08-19 23:59:00+00:00
2018-08-20,2018,XAU-USD_1Minute_BID_2018-08-20_00_00-23_59_Etc_UTC.csv,processed,1374,XAUUSD_5m_BID_2018-08-20.csv,2018-08-20 00:00:00+00:00 to 2018-08-20 23:59:00+00:00
2018-08-21,2018,XAU-USD_1Minute_BID_2018-08-21_00_00-23_59_Etc_UTC.csv,processed,1380,XAUUSD_5m_BID_2018-08-21.csv,2018-08-21 00:00:00+00:00 to 2018-08-21 23:59:00+00:00
2018-08-22,2018,XAU-USD_1Minute_BID_2018-08-22_00_00-23_59_Etc_UTC.csv,processed,1380,XAUUSD_5m_BID_2018-08-22.csv,2018-08-22 00:00:00+00:00 to 2018-08-22 23:59:00+00:00
2018-08-23,2018,XAU-USD_1Minute_BID_2018-08-23_00_00-23_59_Etc_UTC.csv,processed,1380,XAUUSD_5m_BID_2018-08-23.csv,2018-08-23 00:00:00+00:00 to 2018-08-23 23:59:00+00:00
2018-08-24,2018,XAU-USD_1Minute_BID_2018-08-24_00_00-23_59_Etc_UTC.csv,processed,1259,XAUUSD_5m_BID_2018-08-24.csv,2018-08-24 00:00:00+00:00 to 2018-08-24 20:58:00+00:00
2018-08-26,2018,XAU-USD_1Minute_BID_2018-08-26_00_00-23_59_Etc_UTC.csv,processed,120,XAUUSD_5m_BID_2018-08-26.csv,2018-08-26 22:00:00+00:00 to 2018-08-26 23:59:00+00:00
2018-08-27,2018,XAU-USD_1Minute_BID_2018-08-27_00_00-23_59_Etc_UTC.csv,processed,1379,XAUUSD_5m_BID_2018-08-27.csv,2018-08-27 00:00:00+00:00 to 2018-08-27 23:59:00+00:00
2018-08-28,2018,XAU-USD_1Minute_BID_2018-08-28_00_00-23_59_Etc_UTC.csv,processed,1380,XAUUSD_5m_BID_2018-08-28.csv,2018-08-28 00:00:00+00:00 to 2018-08-28 23:59:00+00:00
2018-08-29,2018,XAU-USD_1Minute_BID_2018-08-29_00_00-23_59_Etc_UTC.csv,processed,1379,XAUUSD_5m_BID_2018-08-29.csv,2018-08-29 00:00:00+00:00 to 2018-08-29 23:59:00+00:00
2018-08-30,2018,XAU-USD_1Minute_BID_2018-08-30_00_00-23_59_Etc_UTC.csv,processed,1377,XAUUSD_5m_BID_2018-08-30.csv,2018-08-30 00:00:00+00:00 to 2018-08-30 23:59:00+00:00
2018-08-31,2018,XAU-USD_1Minute_BID_2018-08-31_00_00-23_59_Etc_UTC.csv,processed,1259,XAUUSD_5m_BID_2018-08-31.csv,2018-08-31 00:00:00+00:00 to 2018-08-31 20:58:00+00:00
2018-09-02,2018,XAU-USD_1Minute_BID_2018-09-02_00_00-23_59_Etc_UTC.csv,processed,120,XAUUSD_5m_BID_2018-09-02.csv,2018-09-02 22:00:00+00:00 to 2018-09-02 23:59:00+00:00
2018-09-03,2018,XAU-USD_1Minute_BID_2018-09-03_00_00-23_59_Etc_UTC.csv,processed,1140,XAUUSD_5m_BID_2018-09-03.csv,2018-09-03 00:00:00+00:00 to 2018-09-03 23:59:00+00:00
2018-09-04,2018,XAU-USD_1Minute_BID_2018-09-04_00_00-23_59_Etc_UTC.csv,processed,1380,XAUUSD_5m_BID_2018-09-04.csv,2018-09-04 00:00:00+00:00 to 2018-09-04 23:59:00+00:00
2018-09-05,2018,XAU-USD_1Minute_BID_2018-09-05_00_00-23_59_Etc_UTC.csv,processed,1380,XAUUSD_5m_BID_2018-09-05.csv,2018-09-05 00:00:00+00:00 to 2018-09-05 23:59:00+00:00
2018-09-06,2018,XAU-USD_1Minute_BID_2018-09-06_00_00-23_59_Etc_UTC.csv,processed,1379,XAUUSD_5m_BID_2018-09-06.csv,2018-09-06 00:00:00+00:00 to 2018-09-06 23:59:00+00:00
2018-09-07,2018,XAU-USD_1Minute_BID_2018-09-07_00_00-23_59_Etc_UTC.csv,processed,1259,XAUUSD_5m_BID_2018-09-07.csv,2018-09-07 00:00:00+00:00 to 2018-09-07 20:58:00+00:00
2018-09-09,2018,XAU-USD_1Minute_BID_2018-09-09_00_00-23_59_Etc_UTC.csv,processed,120,XAUUSD_5m_BID_2018-09-09.csv,2018-09-09 22:00:00+00:00 to 2018-09-09 23:59:00+00:00
2018-09-10,2018,XAU-USD_1Minute_BID_2018-09-10_00_00-23_59_Etc_UTC.csv,processed,1380,XAUUSD_5m_BID_2018-09-10.csv,2018-09-10 00:00:00+00:00 to 2018-09-10 23:59:00+00:00
2018-09-11,2018,XAU-USD_1Minute_BID_2018-09-11_00_00-23_59_Etc_UTC.csv,processed,1379,XAUUSD_5m_BID_2018-09-11.csv,2018-09-11 00:00:00+00:00 to 2018-09-11 23:59:00+00:00
2018-09-12,2018,XAU-USD_1Minute_BID_2018-09-12_00_00-23_59_Etc_UTC.csv,processed,1379,XAUUSD_5m_BID_2018-09-12.csv,2018-09-12 00:00:00+00:00 to 2018-09-12 23:59:00+00:00
2018-09-13,2018,XAU-USD_1Minute_BID_2018-09-13_00_00-23_59_Etc_UTC.csv,processed,1379,XAUUSD_5m_BID_2018-09-13.csv,2018-09-13 00:00:00+00:00 to 2018-09-13 23:59:00+00:00
2018-09-14,2018,XAU-USD_1Minute_BID_2018-09-14_00_00-23_59_Etc_UTC.csv,processed,1259,XAUUSD_5m_BID_2018-09-14.csv,2018-09-14 00:00:00+00:00 to 2018-09-14 20:58:00+00:00
2018-09-16,2018,XAU-USD_1Minute_BID_2018-09-16_00_00-23_59_Etc_UTC.csv,processed,119,XAUUSD_5m_BID_2018-09-16.csv,2018-09-16 22:00:00+00:00 to 2018-09-16 23:59:00+00:00
2018-09-17,2018,XAU-USD_1Minute_BID_2018-09-17_00_00-23_59_Etc_UTC.csv,processed,1380,XAUUSD_5m_BID_2018-09-17.csv,2018-09-17 00:00:00+00:00 to 2018-09-17 23:59:00+00:00
2018-09-18,2018,XAU-USD_1Minute_BID_2018-09-18_00_00-23_59_Etc_UTC.csv,processed,1380,XAUUSD_5m_BID_2018-09-18.csv,2018-09-18 00:00:00+00:00 to 2018-09-18 23:59:00+00:00
2018-09-19,2018,XAU-USD_1Minute_BID_2018-09-19_00_00-23_59_Etc_UTC.csv,processed,1380,XAUUSD_5m_BID_2018-09-19.csv,2018-09-19 00:00:00+00:00 to 2018-09-19 23:59:00+00:00
2018-09-20,2018,XAU-USD_1Minute_BID_2018-09-20_00_00-23_59_Etc_UTC.csv,processed,1380,XAUUSD_5m_BID_2018-09-20.csv,2018-09-20 00:00:00+00:00 to 2018-09-20 23:59:00+00:00
2018-09-21,2018,XAU-USD_1Minute_BID_2018-09-21_00_00-23_59_Etc_UTC.csv,processed,1259,XAUUSD_5m_BID_2018-09-21.csv,2018-09-21 00:00:00+00:00 to 2018-09-21 20:58:00+00:00
2018-09-23,2018,XAU-USD_1Minute_BID_2018-09-23_00_00-23_59_Etc_UTC.csv,processed,120,XAUUSD_5m_BID_2018-09-23.csv,2018-09-23 22:00:00+00:00 to 2018-09-23 23:59:00+00:00
2018-09-24,2018,XAU-USD_1Minute_BID_2018-09-24_00_00-23_59_Etc_UTC.csv,processed,1379,XAUUSD_5m_BID_2018-09-24.csv,2018-09-24 00:00:00+00:00 to 2018-09-24 23:59:00+00:00
2018-09-25,2018,XAU-USD_1Minute_BID_2018-09-25_00_00-23_59_Etc_UTC.csv,processed,1379,XAUUSD_5m_BID_2018-09-25.csv,2018-09-25 00:00:00+00:00 to 2018-09-25 23:59:00+00:00
2018-09-26,2018,XAU-USD_1Minute_BID_2018-09-26_00_00-23_59_Etc_UTC.csv,processed,1367,XAUUSD_5m_BID_2018-09-26.csv,2018-09-26 00:00:00+00:00 to 2018-09-26 23:59:00+00:00
2018-09-27,2018,XAU-USD_1Minute_BID_2018-09-27_00_00-23_59_Etc_UTC.csv,processed,1379,XAUUSD_5m_BID_2018-09-27.csv,2018-09-27 00:00:00+00:00 to 2018-09-27 23:59:00+00:00
2018-09-28,2018,XAU-USD_1Minute_BID_2018-09-28_00_00-23_59_Etc_UTC.csv,processed,1259,XAUUSD_5m_BID_2018-09-28.csv,2018-09-28 00:00:00+00:00 to 2018-09-28 20:58:00+00:00
2018-09-30,2018,XAU-USD_1Minute_BID_2018-09-30_00_00-23_59_Etc_UTC.csv,processed,120,XAUUSD_5m_BID_2018-09-30.csv,2018-09-30 22:00:00+00:00 to 2018-09-30 23:59:00+00:00
2018-10-01,2018,XAU-USD_1Minute_BID_2018-10-01_00_00-23_59_Etc_UTC.csv,processed,1380,XAUUSD_5m_BID_2018-10-01.csv,2018-10-01 00:00:00+00:00 to 2018-10-01 23:59:00+00:00
2018-10-02,2018,XAU-USD_1Minute_BID_2018-10-02_00_00-23_59_Etc_UTC.csv,processed,1380,XAUUSD_5m_BID_2018-10-02.csv,2018-10-02 00:00:00+00:00 to 2018-10-02 23:59:00+00:00
2018-10-03,2018,XAU-USD_1Minute_BID_2018-10-03_00_00-23_59_Etc_UTC.csv,processed,1380,XAUUSD_5m_BID_2018-10-03.csv,2018-10-03 00:00:00+00:00 to 2018-10-03 23:59:00+00:00
2018-10-04,2018,XAU-USD_1Minute_BID_2018-10-04_00_00-23_59_Etc_UTC.csv,processed,1379,XAUUSD_5m_BID_2018-10-04.csv,2018-10-04 00:00:00+00:00 to 2018-10-04 23:59:00+00:00
2018-10-05,2018,XAU-USD_1Minute_BID_2018-10-05_00_00-23_59_Etc_UTC.csv,processed,1259,XAUUSD_5m_BID_2018-10-05.csv,2018-10-05 00:00:00+00:00 to 2018-10-05 20:58:00+00:00
2018-10-07,2018,XAU-USD_1Minute_BID_2018-10-07_00_00-23_59_Etc_UTC.csv,processed,120,XAUUSD_5m_BID_2018-10-07.csv,2018-10-07 22:00:00+00:00 to 2018-10-07 23:59:00+00:00
2018-10-08,2018,XAU-USD_1Minute_BID_2018-10-08_00_00-23_59_Etc_UTC.csv,processed,1379,XAUUSD_5m_BID_2018-10-08.csv,2018-10-08 00:00:00+00:00 to 2018-10-08 23:59:00+00:00
2018-10-09,2018,XAU-USD_1Minute_BID_2018-10-09_00_00-23_59_Etc_UTC.csv,processed,1380,XAUUSD_5m_BID_2018-10-09.csv,2018-10-09 00:00:00+00:00 to 2018-10-09 23:59:00+00:00
2018-10-10,2018,XAU-USD_1Minute_BID_2018-10-10_00_00-23_59_Etc_UTC.csv,processed,1380,XAUUSD_5m_BID_2018-10-10.csv,2018-10-10 00:00:00+00:00 to 2018-10-10 23:59:00+00:00
2018-10-11,2018,XAU-USD_1Minute_BID_2018-10-11_00_00-23_59_Etc_UTC.csv,processed,1380,XAUUSD_5m_BID_2018-10-11.csv,2018-10-11 00:00:00+00:00 to 2018-10-11 23:59:00+00:00
2018-10-12,2018,XAU-USD_1Minute_BID_2018-10-12_00_00-23_59_Etc_UTC.csv,processed,1259,XAUUSD_5m_BID_2018-10-12.csv,2018-10-12 00:00:00+00:00 to 2018-10-12 20:58:00+00:00
2018-10-14,2018,XAU-USD_1Minute_BID_2018-10-14_00_00-23_59_Etc_UTC.csv,processed,120,XAUUSD_5m_BID_2018-10-14.csv,2018-10-14 22:00:00+00:00 to 2018-10-14 23:59:00+00:00
2018-10-15,2018,XAU-USD_1Minute_BID_2018-10-15_00_00-23_59_Etc_UTC.csv,processed,1379,XAUUSD_5m_BID_2018-10-15.csv,2018-10-15 00:00:00+00:00 to 2018-10-15 23:59:00+00:00
2018-10-16,2018,XAU-USD_1Minute_BID_2018-10-16_00_00-23_59_Etc_UTC.csv,processed,1380,XAUUSD_5m_BID_2018-10-16.csv,2018-10-16 00:00:00+00:00 to 2018-10-16 23:59:00+00:00
2018-10-17,2018,XAU-USD_1Minute_BID_2018-10-17_00_00-23_59_Etc_UTC.csv,processed,1380,XAUUSD_5m_BID_2018-10-17.csv,2018-10-17 00:00:00+00:00 to 2018-10-17 23:59:00+00:00
2018-10-18,2018,XAU-USD_1Minute_BID_2018-10-18_00_00-23_59_Etc_UTC.csv,processed,1380,XAUUSD_5m_BID_2018-10-18.csv,2018-10-18 00:00:00+00:00 to 2018-10-18 23:59:00+00:00
2018-10-19,2018,XAU-USD_1Minute_BID_2018-10-19_00_00-23_59_Etc_UTC.csv,processed,1259,XAUUSD_5m_BID_2018-10-19.csv,2018-10-19 00:00:00+00:00 to 2018-10-19 20:58:00+00:00
2018-10-21,2018,XAU-USD_1Minute_BID_2018-10-21_00_00-23_59_Etc_UTC.csv,processed,120,XAUUSD_5m_BID_2018-10-21.csv,2018-10-21 22:00:00+00:00 to 2018-10-21 23:59:00+00:00
2018-10-22,2018,XAU-USD_1Minute_BID_2018-10-22_00_00-23_59_Etc_UTC.csv,processed,1378,XAUUSD_5m_BID_2018-10-22.csv,2018-10-22 00:00:00+00:00 to 2018-10-22 23:59:00+00:00
2018-10-23,2018,XAU-USD_1Minute_BID_2018-10-23_00_00-23_59_Etc_UTC.csv,processed,1379,XAUUSD_5m_BID_2018-10-23.csv,2018-10-23 00:00:00+00:00 to 2018-10-23 23:59:00+00:00
2018-10-24,2018,XAU-USD_1Minute_BID_2018-10-24_00_00-23_59_Etc_UTC.csv,processed,1379,XAUUSD_5m_BID_2018-10-24.csv,2018-10-24 00:00:00+00:00 to 2018-10-24 23:59:00+00:00
2018-10-25,2018,XAU-USD_1Minute_BID_2018-10-25_00_00-23_59_Etc_UTC.csv,processed,1379,XAUUSD_5m_BID_2018-10-25.csv,2018-10-25 00:00:00+00:00 to 2018-10-25 23:59:00+00:00
2018-10-26,2018,XAU-USD_1Minute_BID_2018-10-26_00_00-23_59_Etc_UTC.csv,processed,1259,XAUUSD_5m_BID_2018-10-26.csv,2018-10-26 00:00:00+00:00 to 2018-10-26 20:58:00+00:00
2018-10-28,2018,XAU-USD_1Minute_BID_2018-10-28_00_00-23_59_Etc_UTC.csv,processed,120,XAUUSD_5m_BID_2018-10-28.csv,2018-10-28 22:00:00+00:00 to 2018-10-28 23:59:00+00:00
2018-10-29,2018,XAU-USD_1Minute_BID_2018-10-29_00_00-23_59_Etc_UTC.csv,processed,1380,XAUUSD_5m_BID_2018-10-29.csv,2018-10-29 00:00:00+00:00 to 2018-10-29 23:59:00+00:00
2018-10-30,2018,XAU-USD_1Minute_BID_2018-10-30_00_00-23_59_Etc_UTC.csv,processed,1373,XAUUSD_5m_BID_2018-10-30.csv,2018-10-30 00:00:00+00:00 to 2018-10-30 23:59:00+00:00
2018-10-31,2018,XAU-USD_1Minute_BID_2018-10-31_00_00-23_59_Etc_UTC.csv,processed,1370,XAUUSD_5m_BID_2018-10-31.csv,2018-10-31 00:00:00+00:00 to 2018-10-31 23:59:00+00:00
2018-11-01,2018,XAU-USD_1Minute_BID_2018-11-01_00_00-23_59_Etc_UTC.csv,processed,1374,XAUUSD_5m_BID_2018-11-01.csv,2018-11-01 00:00:00+00:00 to 2018-11-01 23:59:00+00:00
2018-11-02,2018,XAU-USD_1Minute_BID_2018-11-02_00_00-23_59_Etc_UTC.csv,processed,1258,XAUUSD_5m_BID_2018-11-02.csv,2018-11-02 00:00:00+00:00 to 2018-11-02 20:58:00+00:00
2018-11-04,2018,XAU-USD_1Minute_BID_2018-11-04_00_00-23_59_Etc_UTC.csv,processed,60,XAUUSD_5m_BID_2018-11-04.csv,2018-11-04 23:00:00+00:00 to 2018-11-04 23:59:00+00:00
2018-11-05,2018,XAU-USD_1Minute_BID_2018-11-05_00_00-23_59_Etc_UTC.csv,processed,1375,XAUUSD_5m_BID_2018-11-05.csv,2018-11-05 00:00:00+00:00 to 2018-11-05 23:59:00+00:00
2018-11-06,2018,XAU-USD_1Minute_BID_2018-11-06_00_00-23_59_Etc_UTC.csv,processed,1378,XAUUSD_5m_BID_2018-11-06.csv,2018-11-06 00:00:00+00:00 to 2018-11-06 23:59:00+00:00
2018-11-07,2018,XAU-USD_1Minute_BID_2018-11-07_00_00-23_59_Etc_UTC.csv,processed,1378,XAUUSD_5m_BID_2018-11-07.csv,2018-11-07 00:00:00+00:00 to 2018-11-07 23:59:00+00:00
2018-11-08,2018,XAU-USD_1Minute_BID_2018-11-08_00_00-23_59_Etc_UTC.csv,processed,1379,XAUUSD_5m_BID_2018-11-08.csv,2018-11-08 00:00:00+00:00 to 2018-11-08 23:59:00+00:00
2018-11-09,2018,XAU-USD_1Minute_BID_2018-11-09_00_00-23_59_Etc_UTC.csv,processed,1316,XAUUSD_5m_BID_2018-11-09.csv,2018-11-09 00:00:00+00:00 to 2018-11-09 21:59:00+00:00
2018-11-11,2018,XAU-USD_1Minute_BID_2018-11-11_00_00-23_59_Etc_UTC.csv,processed,60,XAUUSD_5m_BID_2018-11-11.csv,2018-11-11 23:00:00+00:00 to 2018-11-11 23:59:00+00:00
2018-11-12,2018,XAU-USD_1Minute_BID_2018-11-12_00_00-23_59_Etc_UTC.csv,processed,1379,XAUUSD_5m_BID_2018-11-12.csv,2018-11-12 00:00:00+00:00 to 2018-11-12 23:59:00+00:00
2018-11-13,2018,XAU-USD_1Minute_BID_2018-11-13_00_00-23_59_Etc_UTC.csv,processed,1378,XAUUSD_5m_BID_2018-11-13.csv,2018-11-13 00:00:00+00:00 to 2018-11-13 23:59:00+00:00
2018-11-14,2018,XAU-USD_1Minute_BID_2018-11-14_00_00-23_59_Etc_UTC.csv,processed,1376,XAUUSD_5m_BID_2018-11-14.csv,2018-11-14 00:00:00+00:00 to 2018-11-14 23:59:00+00:00
2018-11-15,2018,XAU-USD_1Minute_BID_2018-11-15_00_00-23_59_Etc_UTC.csv,processed,1373,XAUUSD_5m_BID_2018-11-15.csv,2018-11-15 00:00:00+00:00 to 2018-11-15 23:59:00+00:00
2018-11-16,2018,XAU-USD_1Minute_BID_2018-11-16_00_00-23_59_Etc_UTC.csv,processed,1317,XAUUSD_5m_BID_2018-11-16.csv,2018-11-16 00:00:00+00:00 to 2018-11-16 21:59:00+00:00
2018-11-18,2018,XAU-USD_1Minute_BID_2018-11-18_00_00-23_59_Etc_UTC.csv,processed,59,XAUUSD_5m_BID_2018-11-18.csv,2018-11-18 23:00:00+00:00 to 2018-11-18 23:59:00+00:00
2018-11-19,2018,XAU-USD_1Minute_BID_2018-11-19_00_00-23_59_Etc_UTC.csv,processed,1378,XAUUSD_5m_BID_2018-11-19.csv,2018-11-19 00:00:00+00:00 to 2018-11-19 23:59:00+00:00
2018-11-20,2018,XAU-USD_1Minute_BID_2018-11-20_00_00-23_59_Etc_UTC.csv,processed,1373,XAUUSD_5m_BID_2018-11-20.csv,2018-11-20 00:00:00+00:00 to 2018-11-20 23:59:00+00:00
2018-11-21,2018,XAU-USD_1Minute_BID_2018-11-21_00_00-23_59_Etc_UTC.csv,processed,1366,XAUUSD_5m_BID_2018-11-21.csv,2018-11-21 00:00:00+00:00 to 2018-11-21 23:59:00+00:00
2018-11-22,2018,XAU-USD_1Minute_BID_2018-11-22_00_00-23_59_Etc_UTC.csv,processed,1136,XAUUSD_5m_BID_2018-11-22.csv,2018-11-22 00:00:00+00:00 to 2018-11-22 23:59:00+00:00
2018-11-23,2018,XAU-USD_1Minute_BID_2018-11-23_00_00-23_59_Etc_UTC.csv,processed,1125,XAUUSD_5m_BID_2018-11-23.csv,2018-11-23 00:00:00+00:00 to 2018-11-23 18:44:00+00:00
2018-11-25,2018,XAU-USD_1Minute_BID_2018-11-25_00_00-23_59_Etc_UTC.csv,processed,60,XAUUSD_5m_BID_2018-11-25.csv,2018-11-25 23:00:00+00:00 to 2018-11-25 23:59:00+00:00
2018-11-26,2018,XAU-USD_1Minute_BID_2018-11-26_00_00-23_59_Etc_UTC.csv,processed,1375,XAUUSD_5m_BID_2018-11-26.csv,2018-11-26 00:00:00+00:00 to 2018-11-26 23:59:00+00:00
2018-11-27,2018,XAU-USD_1Minute_BID_2018-11-27_00_00-23_59_Etc_UTC.csv,processed,1377,XAUUSD_5m_BID_2018-11-27.csv,2018-11-27 00:00:00+00:00 to 2018-11-27 23:59:00+00:00
2018-11-28,2018,XAU-USD_1Minute_BID_2018-11-28_00_00-23_59_Etc_UTC.csv,processed,1374,XAUUSD_5m_BID_2018-11-28.csv,2018-11-28 00:00:00+00:00 to 2018-11-28 23:59:00+00:00
2018-11-29,2018,XAU-USD_1Minute_BID_2018-11-29_00_00-23_59_Etc_UTC.csv,processed,1376,XAUUSD_5m_BID_2018-11-29.csv,2018-11-29 00:00:00+00:00 to 2018-11-29 23:59:00+00:00
2018-11-30,2018,XAU-USD_1Minute_BID_2018-11-30_00_00-23_59_Etc_UTC.csv,processed,1317,XAUUSD_5m_BID_2018-11-30.csv,2018-11-30 00:00:00+00:00 to 2018-11-30 21:59:00+00:00
2018-12-02,2018,XAU-USD_1Minute_BID_2018-12-02_00_00-23_59_Etc_UTC.csv,processed,60,XAUUSD_5m_BID_2018-12-02.csv,2018-12-02 23:00:00+00:00 to 2018-12-02 23:59:00+00:00
2018-12-03,2018,XAU-USD_1Minute_BID_2018-12-03_00_00-23_59_Etc_UTC.csv,processed,1376,XAUUSD_5m_BID_2018-12-03.csv,2018-12-03 00:00:00+00:00 to 2018-12-03 23:59:00+00:00
2018-12-04,2018,XAU-USD_1Minute_BID_2018-12-04_00_00-23_59_Etc_UTC.csv,processed,1372,XAUUSD_5m_BID_2018-12-04.csv,2018-12-04 00:00:00+00:00 to 2018-12-04 23:59:00+00:00
2018-12-05,2018,XAU-USD_1Minute_BID_2018-12-05_00_00-23_59_Etc_UTC.csv,processed,1378,XAUUSD_5m_BID_2018-12-05.csv,2018-12-05 00:00:00+00:00 to 2018-12-05 23:59:00+00:00
2018-12-06,2018,XAU-USD_1Minute_BID_2018-12-06_00_00-23_59_Etc_UTC.csv,processed,1369,XAUUSD_5m_BID_2018-12-06.csv,2018-12-06 00:00:00+00:00 to 2018-12-06 23:59:00+00:00
2018-12-07,2018,XAU-USD_1Minute_BID_2018-12-07_00_00-23_59_Etc_UTC.csv,processed,1320,XAUUSD_5m_BID_2018-12-07.csv,2018-12-07 00:00:00+00:00 to 2018-12-07 21:59:00+00:00
2018-12-09,2018,XAU-USD_1Minute_BID_2018-12-09_00_00-23_59_Etc_UTC.csv,processed,60,XAUUSD_5m_BID_2018-12-09.csv,2018-12-09 23:00:00+00:00 to 2018-12-09 23:59:00+00:00
2018-12-10,2018,XAU-USD_1Minute_BID_2018-12-10_00_00-23_59_Etc_UTC.csv,processed,1376,XAUUSD_5m_BID_2018-12-10.csv,2018-12-10 00:00:00+00:00 to 2018-12-10 23:59:00+00:00
2018-12-11,2018,XAU-USD_1Minute_BID_2018-12-11_00_00-23_59_Etc_UTC.csv,processed,1376,XAUUSD_5m_BID_2018-12-11.csv,2018-12-11 00:00:00+00:00 to 2018-12-11 23:59:00+00:00
2018-12-12,2018,XAU-USD_1Minute_BID_2018-12-12_00_00-23_59_Etc_UTC.csv,processed,1377,XAUUSD_5m_BID_2018-12-12.csv,2018-12-12 00:00:00+00:00 to 2018-12-12 23:59:00+00:00
2018-12-13,2018,XAU-USD_1Minute_BID_2018-12-13_00_00-23_59_Etc_UTC.csv,processed,1376,XAUUSD_5m_BID_2018-12-13.csv,2018-12-13 00:00:00+00:00 to 2018-12-13 23:59:00+00:00
2018-12-14,2018,XAU-USD_1Minute_BID_2018-12-14_00_00-23_59_Etc_UTC.csv,processed,1319,XAUUSD_5m_BID_2018-12-14.csv,2018-12-14 00:00:00+00:00 to 2018-12-14 21:59:00+00:00
2018-12-16,2018,XAU-USD_1Minute_BID_2018-12-16_00_00-23_59_Etc_UTC.csv,processed,59,XAUUSD_5m_BID_2018-12-16.csv,2018-12-16 23:00:00+00:00 to 2018-12-16 23:59:00+00:00
2018-12-17,2018,XAU-USD_1Minute_BID_2018-12-17_00_00-23_59_Etc_UTC.csv,processed,1373,XAUUSD_5m_BID_2018-12-17.csv,2018-12-17 00:00:00+00:00 to 2018-12-17 23:59:00+00:00
2018-12-18,2018,XAU-USD_1Minute_BID_2018-12-18_00_00-23_59_Etc_UTC.csv,processed,1373,XAUUSD_5m_BID_2018-12-18.csv,2018-12-18 00:00:00+00:00 to 2018-12-18 23:59:00+00:00
2018-12-19,2018,XAU-USD_1Minute_BID_2018-12-19_00_00-23_59_Etc_UTC.csv,processed,1378,XAUUSD_5m_BID_2018-12-19.csv,2018-12-19 00:00:00+00:00 to 2018-12-19 23:59:00+00:00
2018-12-20,2018,XAU-USD_1Minute_BID_2018-12-20_00_00-23_59_Etc_UTC.csv,processed,1379,XAUUSD_5m_BID_2018-12-20.csv,2018-12-20 00:00:00+00:00 to 2018-12-20 23:59:00+00:00
2018-12-21,2018,XAU-USD_1Minute_BID_2018-12-21_00_00-23_59_Etc_UTC.csv,processed,1318,XAUUSD_5m_BID_2018-12-21.csv,2018-12-21 00:00:00+00:00 to 2018-12-21 21:59:00+00:00
2018-12-23,2018,XAU-USD_1Minute_BID_2018-12-23_00_00-23_59_Etc_UTC.csv,processed,59,XAUUSD_5m_BID_2018-12-23.csv,2018-12-23 23:00:00+00:00 to 2018-12-23 23:59:00+00:00
2018-12-24,2018,XAU-USD_1Minute_BID_2018-12-24_00_00-23_59_Etc_UTC.csv,processed,1125,XAUUSD_5m_BID_2018-12-24.csv,2018-12-24 00:00:00+00:00 to 2018-12-24 18:44:00+00:00
2018-12-25,2018,XAU-USD_1Minute_BID_2018-12-25_00_00-23_59_Etc_UTC.csv,processed,60,XAUUSD_5m_BID_2018-12-25.csv,2018-12-25 23:00:00+00:00 to 2018-12-25 23:59:00+00:00
2018-12-26,2018,XAU-USD_1Minute_BID_2018-12-26_00_00-23_59_Etc_UTC.csv,processed,1376,XAUUSD_5m_BID_2018-12-26.csv,2018-12-26 00:00:00+00:00 to 2018-12-26 23:59:00+00:00
2018-12-27,2018,XAU-USD_1Minute_BID_2018-12-27_00_00-23_59_Etc_UTC.csv,processed,1374,XAUUSD_5m_BID_2018-12-27.csv,2018-12-27 00:00:00+00:00 to 2018-12-27 23:59:00+00:00
2018-12-28,2018,XAU-USD_1Minute_BID_2018-12-28_00_00-23_59_Etc_UTC.csv,processed,1319,XAUUSD_5m_BID_2018-12-28.csv,2018-12-28 00:00:00+00:00 to 2018-12-28 21:59:00+00:00
2018-12-30,2018,XAU-USD_1Minute_BID_2018-12-30_00_00-23_59_Etc_UTC.csv,processed,60,XAUUSD_5m_BID_2018-12-30.csv,2018-12-30 23:00:00+00:00 to 2018-12-30 23:59:00+00:00
2018-12-31,2018,XAU-USD_1Minute_BID_2018-12-31_00_00-23_59_Etc_UTC.csv,processed,1316,XAUUSD_5m_BID_2018-12-31.csv,2018-12-31 00:00:00+00:00 to 2018-12-31 21:59:00+00:00
2019-01-01,2019,XAU-USD_1Minute_BID_2019-01-01_00_00-23_59_Etc_UTC.csv,processed,60,XAUUSD_5m_BID_2019-01-01.csv,2019-01-01 23:00:00+00:00 to 2019-01-01 23:59:00+00:00
2019-01-02,2019,XAU-USD_1Minute_BID_2019-01-02_00_00-23_59_Etc_UTC.csv,processed,1379,XAUUSD_5m_BID_2019-01-02.csv,2019-01-02 00:00:00+00:00 to 2019-01-02 23:59:00+00:00
2019-01-03,2019,XAU-USD_1Minute_BID_2019-01-03_00_00-23_59_Etc_UTC.csv,processed,1377,XAUUSD_5m_BID_2019-01-03.csv,2019-01-03 00:00:00+00:00 to 2019-01-03 23:59:00+00:00
2019-01-04,2019,XAU-USD_1Minute_BID_2019-01-04_00_00-23_59_Etc_UTC.csv,processed,1317,XAUUSD_5m_BID_2019-01-04.csv,2019-01-04 00:00:00+00:00 to 2019-01-04 21:59:00+00:00
2019-01-06,2019,XAU-USD_1Minute_BID_2019-01-06_00_00-23_59_Etc_UTC.csv,processed,59,XAUUSD_5m_BID_2019-01-06.csv,2019-01-06 23:00:00+00:00 to 2019-01-06 23:59:00+00:00
2019-01-07,2019,XAU-USD_1Minute_BID_2019-01-07_00_00-23_59_Etc_UTC.csv,processed,1371,XAUUSD_5m_BID_2019-01-07.csv,2019-01-07 00:00:00+00:00 to 2019-01-07 23:59:00+00:00
2019-01-08,2019,XAU-USD_1Minute_BID_2019-01-08_00_00-23_59_Etc_UTC.csv,processed,1374,XAUUSD_5m_BID_2019-01-08.csv,2019-01-08 00:00:00+00:00 to 2019-01-08 23:59:00+00:00
2019-01-09,2019,XAU-USD_1Minute_BID_2019-01-09_00_00-23_59_Etc_UTC.csv,processed,1377,XAUUSD_5m_BID_2019-01-09.csv,2019-01-09 00:00:00+00:00 to 2019-01-09 23:59:00+00:00
2019-01-10,2019,XAU-USD_1Minute_BID_2019-01-10_00_00-23_59_Etc_UTC.csv,processed,1380,XAUUSD_5m_BID_2019-01-10.csv,2019-01-10 00:00:00+00:00 to 2019-01-10 23:59:00+00:00
2019-01-11,2019,XAU-USD_1Minute_BID_2019-01-11_00_00-23_59_Etc_UTC.csv,processed,1316,XAUUSD_5m_BID_2019-01-11.csv,2019-01-11 00:00:00+00:00 to 2019-01-11 21:59:00+00:00
2019-01-13,2019,XAU-USD_1Minute_BID_2019-01-13_00_00-23_59_Etc_UTC.csv,processed,60,XAUUSD_5m_BID_2019-01-13.csv,2019-01-13 23:00:00+00:00 to 2019-01-13 23:59:00+00:00
2019-01-14,2019,XAU-USD_1Minute_BID_2019-01-14_00_00-23_59_Etc_UTC.csv,processed,1377,XAUUSD_5m_BID_2019-01-14.csv,2019-01-14 00:00:00+00:00 to 2019-01-14 23:59:00+00:00
2019-01-15,2019,XAU-USD_1Minute_BID_2019-01-15_00_00-23_59_Etc_UTC.csv,processed,1372,XAUUSD_5m_BID_2019-01-15.csv,2019-01-15 00:00:00+00:00 to 2019-01-15 23:59:00+00:00
2019-01-16,2019,XAU-USD_1Minute_BID_2019-01-16_00_00-23_59_Etc_UTC.csv,processed,1380,XAUUSD_5m_BID_2019-01-16.csv,2019-01-16 00:00:00+00:00 to 2019-01-16 23:59:00+00:00
2019-01-17,2019,XAU-USD_1Minute_BID_2019-01-17_00_00-23_59_Etc_UTC.csv,processed,1373,XAUUSD_5m_BID_2019-01-17.csv,2019-01-17 00:00:00+00:00 to 2019-01-17 23:59:00+00:00
2019-01-18,2019,XAU-USD_1Minute_BID_2019-01-18_00_00-23_59_Etc_UTC.csv,processed,1317,XAUUSD_5m_BID_2019-01-18.csv,2019-01-18 00:00:00+00:00 to 2019-01-18 21:59:00+00:00
2019-01-20,2019,XAU-USD_1Minute_BID_2019-01-20_00_00-23_59_Etc_UTC.csv,processed,60,XAUUSD_5m_BID_2019-01-20.csv,2019-01-20 23:00:00+00:00 to 2019-01-20 23:59:00+00:00
2019-01-21,2019,XAU-USD_1Minute_BID_2019-01-21_00_00-23_59_Etc_UTC.csv,processed,1135,XAUUSD_5m_BID_2019-01-21.csv,2019-01-21 00:00:00+00:00 to 2019-01-21 23:59:00+00:00
2019-01-22,2019,XAU-USD_1Minute_BID_2019-01-22_00_00-23_59_Etc_UTC.csv,processed,1378,XAUUSD_5m_BID_2019-01-22.csv,2019-01-22 00:00:00+00:00 to 2019-01-22 23:59:00+00:00
2019-01-23,2019,XAU-USD_1Minute_BID_2019-01-23_00_00-23_59_Etc_UTC.csv,processed,1374,XAUUSD_5m_BID_2019-01-23.csv,2019-01-23 00:00:00+00:00 to 2019-01-23 23:59:00+00:00
2019-01-24,2019,XAU-USD_1Minute_BID_2019-01-24_00_00-23_59_Etc_UTC.csv,processed,1367,XAUUSD_5m_BID_2019-01-24.csv,2019-01-24 00:00:00+00:00 to 2019-01-24 23:59:00+00:00
2019-01-25,2019,XAU-USD_1Minute_BID_2019-01-25_00_00-23_59_Etc_UTC.csv,processed,1309,XAUUSD_5m_BID_2019-01-25.csv,2019-01-25 00:00:00+00:00 to 2019-01-25 21:59:00+00:00
2019-01-27,2019,XAU-USD_1Minute_BID_2019-01-27_00_00-23_59_Etc_UTC.csv,processed,60,XAUUSD_5m_BID_2019-01-27.csv,2019-01-27 23:00:00+00:00 to 2019-01-27 23:59:00+00:00
2019-01-28,2019,XAU-USD_1Minute_BID_2019-01-28_00_00-23_59_Etc_UTC.csv,processed,1375,XAUUSD_5m_BID_2019-01-28.csv,2019-01-28 00:00:00+00:00 to 2019-01-28 23:59:00+00:00
2019-01-29,2019,XAU-USD_1Minute_BID_2019-01-29_00_00-23_59_Etc_UTC.csv,processed,1378,XAUUSD_5m_BID_2019-01-29.csv,2019-01-29 00:00:00+00:00 to 2019-01-29 23:59:00+00:00
2019-01-30,2019,XAU-USD_1Minute_BID_2019-01-30_00_00-23_59_Etc_UTC.csv,processed,1379,XAUUSD_5m_BID_2019-01-30.csv,2019-01-30 00:00:00+00:00 to 2019-01-30 23:59:00+00:00
2019-01-31,2019,XAU-USD_1Minute_BID_2019-01-31_00_00-23_59_Etc_UTC.csv,processed,1375,XAUUSD_5m_BID_2019-01-31.csv,2019-01-31 00:00:00+00:00 to 2019-01-31 23:59:00+00:00
2019-02-01,2019,XAU-USD_1Minute_BID_2019-02-01_00_00-23_59_Etc_UTC.csv,processed,1320,XAUUSD_5m_BID_2019-02-01.csv,2019-02-01 00:00:00+00:00 to 2019-02-01 21:59:00+00:00
2019-02-03,2019,XAU-USD_1Minute_BID_2019-02-03_00_00-23_59_Etc_UTC.csv,processed,59,XAUUSD_5m_BID_2019-02-03.csv,2019-02-03 23:00:00+00:00 to 2019-02-03 23:59:00+00:00
2019-02-04,2019,XAU-USD_1Minute_BID_2019-02-04_00_00-23_59_Etc_UTC.csv,processed,1371,XAUUSD_5m_BID_2019-02-04.csv,2019-02-04 00:00:00+00:00 to 2019-02-04 23:59:00+00:00
2019-02-05,2019,XAU-USD_1Minute_BID_2019-02-05_00_00-23_59_Etc_UTC.csv,processed,1375,XAUUSD_5m_BID_2019-02-05.csv,2019-02-05 00:00:00+00:00 to 2019-02-05 23:59:00+00:00
2019-02-06,2019,XAU-USD_1Minute_BID_2019-02-06_00_00-23_59_Etc_UTC.csv,processed,1377,XAUUSD_5m_BID_2019-02-06.csv,2019-02-06 00:00:00+00:00 to 2019-02-06 23:59:00+00:00
2019-02-07,2019,XAU-USD_1Minute_BID_2019-02-07_00_00-23_59_Etc_UTC.csv,processed,1371,XAUUSD_5m_BID_2019-02-07.csv,2019-02-07 00:00:00+00:00 to 2019-02-07 23:59:00+00:00
2019-02-08,2019,XAU-USD_1Minute_BID_2019-02-08_00_00-23_59_Etc_UTC.csv,processed,1320,XAUUSD_5m_BID_2019-02-08.csv,2019-02-08 00:00:00+00:00 to 2019-02-08 21:59:00+00:00
2019-02-10,2019,XAU-USD_1Minute_BID_2019-02-10_00_00-23_59_Etc_UTC.csv,processed,58,XAUUSD_5m_BID_2019-02-10.csv,2019-02-10 23:00:00+00:00 to 2019-02-10 23:59:00+00:00
2019-02-11,2019,XAU-USD_1Minute_BID_2019-02-11_00_00-23_59_Etc_UTC.csv,processed,1379,XAUUSD_5m_BID_2019-02-11.csv,2019-02-11 00:00:00+00:00 to 2019-02-11 23:59:00+00:00
2019-02-12,2019,XAU-USD_1Minute_BID_2019-02-12_00_00-23_59_Etc_UTC.csv,processed,1377,XAUUSD_5m_BID_2019-02-12.csv,2019-02-12 00:00:00+00:00 to 2019-02-12 23:59:00+00:00
2019-02-13,2019,XAU-USD_1Minute_BID_2019-02-13_00_00-23_59_Etc_UTC.csv,processed,1377,XAUUSD_5m_BID_2019-02-13.csv,2019-02-13 00:00:00+00:00 to 2019-02-13 23:59:00+00:00
2019-02-14,2019,XAU-USD_1Minute_BID_2019-02-14_00_00-23_59_Etc_UTC.csv,processed,1377,XAUUSD_5m_BID_2019-02-14.csv,2019-02-14 00:00:00+00:00 to 2019-02-14 23:59:00+00:00
2019-02-15,2019,XAU-USD_1Minute_BID_2019-02-15_00_00-23_59_Etc_UTC.csv,processed,1315,XAUUSD_5m_BID_2019-02-15.csv,2019-02-15 00:00:00+00:00 to 2019-02-15 21:59:00+00:00
2019-02-17,2019,XAU-USD_1Minute_BID_2019-02-17_00_00-23_59_Etc_UTC.csv,processed,58,XAUUSD_5m_BID_2019-02-17.csv,2019-02-17 23:00:00+00:00 to 2019-02-17 23:59:00+00:00
2019-02-18,2019,XAU-USD_1Minute_BID_2019-02-18_00_00-23_59_Etc_UTC.csv,processed,1135,XAUUSD_5m_BID_2019-02-18.csv,2019-02-18 00:00:00+00:00 to 2019-02-18 23:59:00+00:00
2019-02-19,2019,XAU-USD_1Minute_BID_2019-02-19_00_00-23_59_Etc_UTC.csv,processed,1378,XAUUSD_5m_BID_2019-02-19.csv,2019-02-19 00:00:00+00:00 to 2019-02-19 23:59:00+00:00
2019-02-20,2019,XAU-USD_1Minute_BID_2019-02-20_00_00-23_59_Etc_UTC.csv,processed,1377,XAUUSD_5m_BID_2019-02-20.csv,2019-02-20 00:00:00+00:00 to 2019-02-20 23:59:00+00:00
2019-02-21,2019,XAU-USD_1Minute_BID_2019-02-21_00_00-23_59_Etc_UTC.csv,processed,1380,XAUUSD_5m_BID_2019-02-21.csv,2019-02-21 00:00:00+00:00 to 2019-02-21 23:59:00+00:00
2019-02-22,2019,XAU-USD_1Minute_BID_2019-02-22_00_00-23_59_Etc_UTC.csv,processed,1320,XAUUSD_5m_BID_2019-02-22.csv,2019-02-22 00:00:00+00:00 to 2019-02-22 21:59:00+00:00
2019-02-24,2019,XAU-USD_1Minute_BID_2019-02-24_00_00-23_59_Etc_UTC.csv,processed,60,XAUUSD_5m_BID_2019-02-24.csv,2019-02-24 23:00:00+00:00 to 2019-02-24 23:59:00+00:00
2019-02-25,2019,XAU-USD_1Minute_BID_2019-02-25_00_00-23_59_Etc_UTC.csv,processed,1379,XAUUSD_5m_BID_2019-02-25.csv,2019-02-25 00:00:00+00:00 to 2019-02-25 23:59:00+00:00
2019-02-26,2019,XAU-USD_1Minute_BID_2019-02-26_00_00-23_59_Etc_UTC.csv,processed,1364,XAUUSD_5m_BID_2019-02-26.csv,2019-02-26 00:00:00+00:00 to 2019-02-26 23:59:00+00:00
2019-02-27,2019,XAU-USD_1Minute_BID_2019-02-27_00_00-23_59_Etc_UTC.csv,processed,1332,XAUUSD_5m_BID_2019-02-27.csv,2019-02-27 00:00:00+00:00 to 2019-02-27 23:59:00+00:00
2019-02-28,2019,XAU-USD_1Minute_BID_2019-02-28_00_00-23_59_Etc_UTC.csv,processed,1377,XAUUSD_5m_BID_2019-02-28.csv,2019-02-28 00:00:00+00:00 to 2019-02-28 23:59:00+00:00
2019-03-01,2019,XAU-USD_1Minute_BID_2019-03-01_00_00-23_59_Etc_UTC.csv,processed,1320,XAUUSD_5m_BID_2019-03-01.csv,2019-03-01 00:00:00+00:00 to 2019-03-01 21:59:00+00:00
2019-03-03,2019,XAU-USD_1Minute_BID_2019-03-03_00_00-23_59_Etc_UTC.csv,processed,60,XAUUSD_5m_BID_2019-03-03.csv,2019-03-03 23:00:00+00:00 to 2019-03-03 23:59:00+00:00
2019-03-04,2019,XAU-USD_1Minute_BID_2019-03-04_00_00-23_59_Etc_UTC.csv,processed,1376,XAUUSD_5m_BID_2019-03-04.csv,2019-03-04 00:00:00+00:00 to 2019-03-04 23:59:00+00:00
2019-03-05,2019,XAU-USD_1Minute_BID_2019-03-05_00_00-23_59_Etc_UTC.csv,processed,1370,XAUUSD_5m_BID_2019-03-05.csv,2019-03-05 00:00:00+00:00 to 2019-03-05 23:59:00+00:00
2019-03-06,2019,XAU-USD_1Minute_BID_2019-03-06_00_00-23_59_Etc_UTC.csv,processed,1377,XAUUSD_5m_BID_2019-03-06.csv,2019-03-06 00:00:00+00:00 to 2019-03-06 23:59:00+00:00
2019-03-07,2019,XAU-USD_1Minute_BID_2019-03-07_00_00-23_59_Etc_UTC.csv,processed,1371,XAUUSD_5m_BID_2019-03-07.csv,2019-03-07 00:00:00+00:00 to 2019-03-07 23:59:00+00:00
2019-03-08,2019,XAU-USD_1Minute_BID_2019-03-08_00_00-23_59_Etc_UTC.csv,processed,1318,XAUUSD_5m_BID_2019-03-08.csv,2019-03-08 00:00:00+00:00 to 2019-03-08 21:59:00+00:00
2019-03-10,2019,XAU-USD_1Minute_BID_2019-03-10_00_00-23_59_Etc_UTC.csv,processed,59,XAUUSD_5m_BID_2019-03-10.csv,2019-03-10 22:00:00+00:00 to 2019-03-10 22:59:00+00:00
2019-03-11,2019,XAU-USD_1Minute_BID_2019-03-11_00_00-23_59_Etc_UTC.csv,processed,1371,XAUUSD_5m_BID_2019-03-11.csv,2019-03-11 00:00:00+00:00 to 2019-03-11 23:59:00+00:00
2019-03-12,2019,XAU-USD_1Minute_BID_2019-03-12_00_00-23_59_Etc_UTC.csv,processed,1367,XAUUSD_5m_BID_2019-03-12.csv,2019-03-12 00:00:00+00:00 to 2019-03-12 23:59:00+00:00
2019-03-13,2019,XAU-USD_1Minute_BID_2019-03-13_00_00-23_59_Etc_UTC.csv,processed,1373,XAUUSD_5m_BID_2019-03-13.csv,2019-03-13 00:00:00+00:00 to 2019-03-13 23:59:00+00:00
2019-03-14,2019,XAU-USD_1Minute_BID_2019-03-14_00_00-23_59_Etc_UTC.csv,processed,1370,XAUUSD_5m_BID_2019-03-14.csv,2019-03-14 00:00:00+00:00 to 2019-03-14 23:59:00+00:00
2019-03-15,2019,XAU-USD_1Minute_BID_2019-03-15_00_00-23_59_Etc_UTC.csv,processed,1254,XAUUSD_5m_BID_2019-03-15.csv,2019-03-15 00:00:00+00:00 to 2019-03-15 20:58:00+00:00
2019-03-17,2019,XAU-USD_1Minute_BID_2019-03-17_00_00-23_59_Etc_UTC.csv,processed,118,XAUUSD_5m_BID_2019-03-17.csv,2019-03-17 22:00:00+00:00 to 2019-03-17 23:59:00+00:00
2019-03-18,2019,XAU-USD_1Minute_BID_2019-03-18_00_00-23_59_Etc_UTC.csv,processed,1373,XAUUSD_5m_BID_2019-03-18.csv,2019-03-18 00:00:00+00:00 to 2019-03-18 23:59:00+00:00
2019-03-19,2019,XAU-USD_1Minute_BID_2019-03-19_00_00-23_59_Etc_UTC.csv,processed,1373,XAUUSD_5m_BID_2019-03-19.csv,2019-03-19 00:00:00+00:00 to 2019-03-19 23:59:00+00:00
2019-03-20,2019,XAU-USD_1Minute_BID_2019-03-20_00_00-23_59_Etc_UTC.csv,processed,1364,XAUUSD_5m_BID_2019-03-20.csv,2019-03-20 00:00:00+00:00 to 2019-03-20 23:59:00+00:00
2019-03-21,2019,XAU-USD_1Minute_BID_2019-03-21_00_00-23_59_Etc_UTC.csv,processed,1374,XAUUSD_5m_BID_2019-03-21.csv,2019-03-21 00:00:00+00:00 to 2019-03-21 23:59:00+00:00
2019-03-22,2019,XAU-USD_1Minute_BID_2019-03-22_00_00-23_59_Etc_UTC.csv,processed,1258,XAUUSD_5m_BID_2019-03-22.csv,2019-03-22 00:00:00+00:00 to 2019-03-22 20:58:00+00:00
2019-03-24,2019,XAU-USD_1Minute_BID_2019-03-24_00_00-23_59_Etc_UTC.csv,processed,116,XAUUSD_5m_BID_2019-03-24.csv,2019-03-24 22:00:00+00:00 to 2019-03-24 23:59:00+00:00
2019-03-25,2019,XAU-USD_1Minute_BID_2019-03-25_00_00-23_59_Etc_UTC.csv,processed,1375,XAUUSD_5m_BID_2019-03-25.csv,2019-03-25 00:00:00+00:00 to 2019-03-25 23:59:00+00:00
2019-03-26,2019,XAU-USD_1Minute_BID_2019-03-26_00_00-23_59_Etc_UTC.csv,processed,1377,XAUUSD_5m_BID_2019-03-26.csv,2019-03-26 00:00:00+00:00 to 2019-03-26 23:59:00+00:00
2019-03-27,2019,XAU-USD_1Minute_BID_2019-03-27_00_00-23_59_Etc_UTC.csv,processed,1375,XAUUSD_5m_BID_2019-03-27.csv,2019-03-27 00:00:00+00:00 to 2019-03-27 23:59:00+00:00
2019-03-28,2019,XAU-USD_1Minute_BID_2019-03-28_00_00-23_59_Etc_UTC.csv,processed,1374,XAUUSD_5m_BID_2019-03-28.csv,2019-03-28 00:00:00+00:00 to 2019-03-28 23:59:00+00:00
2019-03-29,2019,XAU-USD_1Minute_BID_2019-03-29_00_00-23_59_Etc_UTC.csv,processed,1259,XAUUSD_5m_BID_2019-03-29.csv,2019-03-29 00:00:00+00:00 to 2019-03-29 20:58:00+00:00
2019-03-31,2019,XAU-USD_1Minute_BID_2019-03-31_00_00-23_59_Etc_UTC.csv,processed,119,XAUUSD_5m_BID_2019-03-31.csv,2019-03-31 22:00:00+00:00 to 2019-03-31 23:59:00+00:00
2019-04-01,2019,XAU-USD_1Minute_BID_2019-04-01_00_00-23_59_Etc_UTC.csv,processed,1372,XAUUSD_5m_BID_2019-04-01.csv,2019-04-01 00:00:00+00:00 to 2019-04-01 23:59:00+00:00
2019-04-02,2019,XAU-USD_1Minute_BID_2019-04-02_00_00-23_59_Etc_UTC.csv,processed,1373,XAUUSD_5m_BID_2019-04-02.csv,2019-04-02 00:00:00+00:00 to 2019-04-02 23:59:00+00:00
2019-04-03,2019,XAU-USD_1Minute_BID_2019-04-03_00_00-23_59_Etc_UTC.csv,processed,1368,XAUUSD_5m_BID_2019-04-03.csv,2019-04-03 00:00:00+00:00 to 2019-04-03 23:59:00+00:00
2019-04-04,2019,XAU-USD_1Minute_BID_2019-04-04_00_00-23_59_Etc_UTC.csv,processed,1374,XAUUSD_5m_BID_2019-04-04.csv,2019-04-04 00:00:00+00:00 to 2019-04-04 23:59:00+00:00
2019-04-05,2019,XAU-USD_1Minute_BID_2019-04-05_00_00-23_59_Etc_UTC.csv,processed,1257,XAUUSD_5m_BID_2019-04-05.csv,2019-04-05 00:00:00+00:00 to 2019-04-05 20:58:00+00:00
2019-04-07,2019,XAU-USD_1Minute_BID_2019-04-07_00_00-23_59_Etc_UTC.csv,processed,117,XAUUSD_5m_BID_2019-04-07.csv,2019-04-07 22:00:00+00:00 to 2019-04-07 23:59:00+00:00
2019-04-08,2019,XAU-USD_1Minute_BID_2019-04-08_00_00-23_59_Etc_UTC.csv,processed,1371,XAUUSD_5m_BID_2019-04-08.csv,2019-04-08 00:00:00+00:00 to 2019-04-08 23:59:00+00:00
2019-04-09,2019,XAU-USD_1Minute_BID_2019-04-09_00_00-23_59_Etc_UTC.csv,processed,1376,XAUUSD_5m_BID_2019-04-09.csv,2019-04-09 00:00:00+00:00 to 2019-04-09 23:59:00+00:00
2019-04-10,2019,XAU-USD_1Minute_BID_2019-04-10_00_00-23_59_Etc_UTC.csv,processed,1377,XAUUSD_5m_BID_2019-04-10.csv,2019-04-10 00:00:00+00:00 to 2019-04-10 23:59:00+00:00
2019-04-11,2019,XAU-USD_1Minute_BID_2019-04-11_00_00-23_59_Etc_UTC.csv,processed,1377,XAUUSD_5m_BID_2019-04-11.csv,2019-04-11 00:00:00+00:00 to 2019-04-11 23:59:00+00:00
2019-04-12,2019,XAU-USD_1Minute_BID_2019-04-12_00_00-23_59_Etc_UTC.csv,processed,1257,XAUUSD_5m_BID_2019-04-12.csv,2019-04-12 00:00:00+00:00 to 2019-04-12 20:58:00+00:00
2019-04-14,2019,XAU-USD_1Minute_BID_2019-04-14_00_00-23_59_Etc_UTC.csv,processed,120,XAUUSD_5m_BID_2019-04-14.csv,2019-04-14 22:00:00+00:00 to 2019-04-14 23:59:00+00:00
2019-04-15,2019,XAU-USD_1Minute_BID_2019-04-15_00_00-23_59_Etc_UTC.csv,processed,1377,XAUUSD_5m_BID_2019-04-15.csv,2019-04-15 00:00:00+00:00 to 2019-04-15 23:59:00+00:00
2019-04-16,2019,XAU-USD_1Minute_BID_2019-04-16_00_00-23_59_Etc_UTC.csv,processed,1377,XAUUSD_5m_BID_2019-04-16.csv,2019-04-16 00:00:00+00:00 to 2019-04-16 23:59:00+00:00
2019-04-17,2019,XAU-USD_1Minute_BID_2019-04-17_00_00-23_59_Etc_UTC.csv,processed,1373,XAUUSD_5m_BID_2019-04-17.csv,2019-04-17 00:00:00+00:00 to 2019-04-17 23:59:00+00:00
2019-04-18,2019,XAU-USD_1Minute_BID_2019-04-18_00_00-23_59_Etc_UTC.csv,processed,1257,XAUUSD_5m_BID_2019-04-18.csv,2019-04-18 00:00:00+00:00 to 2019-04-18 20:58:00+00:00
2019-04-21,2019,XAU-USD_1Minute_BID_2019-04-21_00_00-23_59_Etc_UTC.csv,processed,119,XAUUSD_5m_BID_2019-04-21.csv,2019-04-21 22:00:00+00:00 to 2019-04-21 23:59:00+00:00
2019-04-22,2019,XAU-USD_1Minute_BID_2019-04-22_00_00-23_59_Etc_UTC.csv,processed,1367,XAUUSD_5m_BID_2019-04-22.csv,2019-04-22 00:00:00+00:00 to 2019-04-22 23:58:00+00:00
2019-04-23,2019,XAU-USD_1Minute_BID_2019-04-23_00_00-23_59_Etc_UTC.csv,processed,1377,XAUUSD_5m_BID_2019-04-23.csv,2019-04-23 00:00:00+00:00 to 2019-04-23 23:59:00+00:00
2019-04-24,2019,XAU-USD_1Minute_BID_2019-04-24_00_00-23_59_Etc_UTC.csv,processed,1375,XAUUSD_5m_BID_2019-04-24.csv,2019-04-24 00:00:00+00:00 to 2019-04-24 23:59:00+00:00
2019-04-26,2019,XAU-USD_1Minute_BID_2019-04-26_00_00-23_59_Etc_UTC.csv,processed,1258,XAUUSD_5m_BID_2019-04-26.csv,2019-04-26 00:00:00+00:00 to 2019-04-26 20:58:00+00:00
2019-04-28,2019,XAU-USD_1Minute_BID_2019-04-28_00_00-23_59_Etc_UTC.csv,processed,111,XAUUSD_5m_BID_2019-04-28.csv,2019-04-28 22:00:00+00:00 to 2019-04-28 23:59:00+00:00
2019-04-29,2019,XAU-USD_1Minute_BID_2019-04-29_00_00-23_59_Etc_UTC.csv,processed,1371,XAUUSD_5m_BID_2019-04-29.csv,2019-04-29 00:00:00+00:00 to 2019-04-29 23:59:00+00:00
2019-04-30,2019,XAU-USD_1Minute_BID_2019-04-30_00_00-23_59_Etc_UTC.csv,processed,1375,XAUUSD_5m_BID_2019-04-30.csv,2019-04-30 00:00:00+00:00 to 2019-04-30 23:59:00+00:00
2019-05-01,2019,XAU-USD_1Minute_BID_2019-05-01_00_00-23_59_Etc_UTC.csv,processed,1375,XAUUSD_5m_BID_2019-05-01.csv,2019-05-01 00:00:00+00:00 to 2019-05-01 23:59:00+00:00
2019-05-03,2019,XAU-USD_1Minute_BID_2019-05-03_00_00-23_59_Etc_UTC.csv,processed,1253,XAUUSD_5m_BID_2019-05-03.csv,2019-05-03 00:00:00+00:00 to 2019-05-03 20:58:00+00:00
2019-05-05,2019,XAU-USD_1Minute_BID_2019-05-05_00_00-23_59_Etc_UTC.csv,processed,120,XAUUSD_5m_BID_2019-05-05.csv,2019-05-05 22:00:00+00:00 to 2019-05-05 23:59:00+00:00
2019-05-06,2019,XAU-USD_1Minute_BID_2019-05-06_00_00-23_59_Etc_UTC.csv,processed,1374,XAUUSD_5m_BID_2019-05-06.csv,2019-05-06 00:00:00+00:00 to 2019-05-06 23:59:00+00:00
2019-05-07,2019,XAU-USD_1Minute_BID_2019-05-07_00_00-23_59_Etc_UTC.csv,processed,1368,XAUUSD_5m_BID_2019-05-07.csv,2019-05-07 00:00:00+00:00 to 2019-05-07 23:59:00+00:00
2019-05-08,2019,XAU-USD_1Minute_BID_2019-05-08_00_00-23_59_Etc_UTC.csv,processed,1375,XAUUSD_5m_BID_2019-05-08.csv,2019-05-08 00:00:00+00:00 to 2019-05-08 23:59:00+00:00
2019-05-09,2019,XAU-USD_1Minute_BID_2019-05-09_00_00-23_59_Etc_UTC.csv,processed,1375,XAUUSD_5m_BID_2019-05-09.csv,2019-05-09 00:00:00+00:00 to 2019-05-09 23:59:00+00:00
2019-05-10,2019,XAU-USD_1Minute_BID_2019-05-10_00_00-23_59_Etc_UTC.csv,processed,1259,XAUUSD_5m_BID_2019-05-10.csv,2019-05-10 00:00:00+00:00 to 2019-05-10 20:58:00+00:00
2019-05-12,2019,XAU-USD_1Minute_BID_2019-05-12_00_00-23_59_Etc_UTC.csv,processed,120,XAUUSD_5m_BID_2019-05-12.csv,2019-05-12 22:00:00+00:00 to 2019-05-12 23:59:00+00:00
2019-05-13,2019,XAU-USD_1Minute_BID_2019-05-13_00_00-23_59_Etc_UTC.csv,processed,1373,XAUUSD_5m_BID_2019-05-13.csv,2019-05-13 00:00:00+00:00 to 2019-05-13 23:59:00+00:00
2019-05-14,2019,XAU-USD_1Minute_BID_2019-05-14_00_00-23_59_Etc_UTC.csv,processed,1376,XAUUSD_5m_BID_2019-05-14.csv,2019-05-14 00:00:00+00:00 to 2019-05-14 23:59:00+00:00
2019-05-15,2019,XAU-USD_1Minute_BID_2019-05-15_00_00-23_59_Etc_UTC.csv,processed,1376,XAUUSD_5m_BID_2019-05-15.csv,2019-05-15 00:00:00+00:00 to 2019-05-15 23:59:00+00:00
2019-05-16,2019,XAU-USD_1Minute_BID_2019-05-16_00_00-23_59_Etc_UTC.csv,processed,1375,XAUUSD_5m_BID_2019-05-16.csv,2019-05-16 00:00:00+00:00 to 2019-05-16 23:59:00+00:00
2019-05-17,2019,XAU-USD_1Minute_BID_2019-05-17_00_00-23_59_Etc_UTC.csv,processed,1259,XAUUSD_5m_BID_2019-05-17.csv,2019-05-17 00:00:00+00:00 to 2019-05-17 20:58:00+00:00
2019-05-19,2019,XAU-USD_1Minute_BID_2019-05-19_00_00-23_59_Etc_UTC.csv,processed,120,XAUUSD_5m_BID_2019-05-19.csv,2019-05-19 22:00:00+00:00 to 2019-05-19 23:59:00+00:00
2019-05-20,2019,XAU-USD_1Minute_BID_2019-05-20_00_00-23_59_Etc_UTC.csv,processed,1370,XAUUSD_5m_BID_2019-05-20.csv,2019-05-20 00:00:00+00:00 to 2019-05-20 23:59:00+00:00
2019-05-21,2019,XAU-USD_1Minute_BID_2019-05-21_00_00-23_59_Etc_UTC.csv,processed,1371,XAUUSD_5m_BID_2019-05-21.csv,2019-05-21 00:00:00+00:00 to 2019-05-21 23:59:00+00:00
2019-05-22,2019,XAU-USD_1Minute_BID_2019-05-22_00_00-23_59_Etc_UTC.csv,processed,1378,XAUUSD_5m_BID_2019-05-22.csv,2019-05-22 00:00:00+00:00 to 2019-05-22 23:59:00+00:00
2019-05-23,2019,XAU-USD_1Minute_BID_2019-05-23_00_00-23_59_Etc_UTC.csv,processed,1377,XAUUSD_5m_BID_2019-05-23.csv,2019-05-23 00:00:00+00:00 to 2019-05-23 23:59:00+00:00
2019-05-24,2019,XAU-USD_1Minute_BID_2019-05-24_00_00-23_59_Etc_UTC.csv,processed,1252,XAUUSD_5m_BID_2019-05-24.csv,2019-05-24 00:00:00+00:00 to 2019-05-24 20:58:00+00:00
2019-05-26,2019,XAU-USD_1Minute_BID_2019-05-26_00_00-23_59_Etc_UTC.csv,processed,120,XAUUSD_5m_BID_2019-05-26.csv,2019-05-26 22:00:00+00:00 to 2019-05-26 23:59:00+00:00
2019-05-27,2019,XAU-USD_1Minute_BID_2019-05-27_00_00-23_59_Etc_UTC.csv,processed,1136,XAUUSD_5m_BID_2019-05-27.csv,2019-05-27 00:00:00+00:00 to 2019-05-27 23:59:00+00:00
2019-05-28,2019,XAU-USD_1Minute_BID_2019-05-28_00_00-23_59_Etc_UTC.csv,processed,1372,XAUUSD_5m_BID_2019-05-28.csv,2019-05-28 00:00:00+00:00 to 2019-05-28 23:59:00+00:00
2019-05-29,2019,XAU-USD_1Minute_BID_2019-05-29_00_00-23_59_Etc_UTC.csv,processed,1378,XAUUSD_5m_BID_2019-05-29.csv,2019-05-29 00:00:00+00:00 to 2019-05-29 23:59:00+00:00
2019-05-30,2019,XAU-USD_1Minute_BID_2019-05-30_00_00-23_59_Etc_UTC.csv,processed,1372,XAUUSD_5m_BID_2019-05-30.csv,2019-05-30 00:00:00+00:00 to 2019-05-30 23:59:00+00:00
2019-05-31,2019,XAU-USD_1Minute_BID_2019-05-31_00_00-23_59_Etc_UTC.csv,processed,1259,XAUUSD_5m_BID_2019-05-31.csv,2019-05-31 00:00:00+00:00 to 2019-05-31 20:58:00+00:00
2019-06-02,2019,XAU-USD_1Minute_BID_2019-06-02_00_00-23_59_Etc_UTC.csv,processed,120,XAUUSD_5m_BID_2019-06-02.csv,2019-06-02 22:00:00+00:00 to 2019-06-02 23:59:00+00:00
2019-06-03,2019,XAU-USD_1Minute_BID_2019-06-03_00_00-23_59_Etc_UTC.csv,processed,1379,XAUUSD_5m_BID_2019-06-03.csv,2019-06-03 00:00:00+00:00 to 2019-06-03 23:59:00+00:00
2019-06-04,2019,XAU-USD_1Minute_BID_2019-06-04_00_00-23_59_Etc_UTC.csv,processed,1377,XAUUSD_5m_BID_2019-06-04.csv,2019-06-04 00:00:00+00:00 to 2019-06-04 23:59:00+00:00
2019-06-05,2019,XAU-USD_1Minute_BID_2019-06-05_00_00-23_59_Etc_UTC.csv,processed,1376,XAUUSD_5m_BID_2019-06-05.csv,2019-06-05 00:00:00+00:00 to 2019-06-05 23:59:00+00:00
2019-06-06,2019,XAU-USD_1Minute_BID_2019-06-06_00_00-23_59_Etc_UTC.csv,processed,1375,XAUUSD_5m_BID_2019-06-06.csv,2019-06-06 00:00:00+00:00 to 2019-06-06 23:59:00+00:00
2019-06-07,2019,XAU-USD_1Minute_BID_2019-06-07_00_00-23_59_Etc_UTC.csv,processed,1258,XAUUSD_5m_BID_2019-06-07.csv,2019-06-07 00:00:00+00:00 to 2019-06-07 20:58:00+00:00
2019-06-09,2019,XAU-USD_1Minute_BID_2019-06-09_00_00-23_59_Etc_UTC.csv,processed,120,XAUUSD_5m_BID_2019-06-09.csv,2019-06-09 22:00:00+00:00 to 2019-06-09 23:59:00+00:00
2019-06-10,2019,XAU-USD_1Minute_BID_2019-06-10_00_00-23_59_Etc_UTC.csv,processed,1374,XAUUSD_5m_BID_2019-06-10.csv,2019-06-10 00:00:00+00:00 to 2019-06-10 23:59:00+00:00
2019-06-11,2019,XAU-USD_1Minute_BID_2019-06-11_00_00-23_59_Etc_UTC.csv,processed,1373,XAUUSD_5m_BID_2019-06-11.csv,2019-06-11 00:00:00+00:00 to 2019-06-11 23:59:00+00:00
2019-06-12,2019,XAU-USD_1Minute_BID_2019-06-12_00_00-23_59_Etc_UTC.csv,processed,1376,XAUUSD_5m_BID_2019-06-12.csv,2019-06-12 00:00:00+00:00 to 2019-06-12 23:59:00+00:00
2019-06-13,2019,XAU-USD_1Minute_BID_2019-06-13_00_00-23_59_Etc_UTC.csv,processed,1380,XAUUSD_5m_BID_2019-06-13.csv,2019-06-13 00:00:00+00:00 to 2019-06-13 23:59:00+00:00
2019-06-14,2019,XAU-USD_1Minute_BID_2019-06-14_00_00-23_59_Etc_UTC.csv,processed,1259,XAUUSD_5m_BID_2019-06-14.csv,2019-06-14 00:00:00+00:00 to 2019-06-14 20:58:00+00:00
2019-06-16,2019,XAU-USD_1Minute_BID_2019-06-16_00_00-23_59_Etc_UTC.csv,processed,117,XAUUSD_5m_BID_2019-06-16.csv,2019-06-16 22:00:00+00:00 to 2019-06-16 23:59:00+00:00
2019-06-17,2019,XAU-USD_1Minute_BID_2019-06-17_00_00-23_59_Etc_UTC.csv,processed,1378,XAUUSD_5m_BID_2019-06-17.csv,2019-06-17 00:00:00+00:00 to 2019-06-17 23:59:00+00:00
2019-06-18,2019,XAU-USD_1Minute_BID_2019-06-18_00_00-23_59_Etc_UTC.csv,processed,1375,XAUUSD_5m_BID_2019-06-18.csv,2019-06-18 00:00:00+00:00 to 2019-06-18 23:59:00+00:00
2019-06-19,2019,XAU-USD_1Minute_BID_2019-06-19_00_00-23_59_Etc_UTC.csv,processed,1379,XAUUSD_5m_BID_2019-06-19.csv,2019-06-19 00:00:00+00:00 to 2019-06-19 23:59:00+00:00
2019-06-20,2019,XAU-USD_1Minute_BID_2019-06-20_00_00-23_59_Etc_UTC.csv,processed,1379,XAUUSD_5m_BID_2019-06-20.csv,2019-06-20 00:00:00+00:00 to 2019-06-20 23:59:00+00:00
2019-06-21,2019,XAU-USD_1Minute_BID_2019-06-21_00_00-23_59_Etc_UTC.csv,processed,1260,XAUUSD_5m_BID_2019-06-21.csv,2019-06-21 00:00:00+00:00 to 2019-06-21 20:59:00+00:00
2019-06-23,2019,XAU-USD_1Minute_BID_2019-06-23_00_00-23_59_Etc_UTC.csv,processed,120,XAUUSD_5m_BID_2019-06-23.csv,2019-06-23 22:00:00+00:00 to 2019-06-23 23:59:00+00:00
2019-06-24,2019,XAU-USD_1Minute_BID_2019-06-24_00_00-23_59_Etc_UTC.csv,processed,1379,XAUUSD_5m_BID_2019-06-24.csv,2019-06-24 00:00:00+00:00 to 2019-06-24 23:59:00+00:00
2019-06-25,2019,XAU-USD_1Minute_BID_2019-06-25_00_00-23_59_Etc_UTC.csv,processed,1379,XAUUSD_5m_BID_2019-06-25.csv,2019-06-25 00:00:00+00:00 to 2019-06-25 23:59:00+00:00
2019-06-26,2019,XAU-USD_1Minute_BID_2019-06-26_00_00-23_59_Etc_UTC.csv,processed,1379,XAUUSD_5m_BID_2019-06-26.csv,2019-06-26 00:00:00+00:00 to 2019-06-26 23:59:00+00:00
2019-06-27,2019,XAU-USD_1Minute_BID_2019-06-27_00_00-23_59_Etc_UTC.csv,processed,1377,XAUUSD_5m_BID_2019-06-27.csv,2019-06-27 00:00:00+00:00 to 2019-06-27 23:59:00+00:00
2019-06-28,2019,XAU-USD_1Minute_BID_2019-06-28_00_00-23_59_Etc_UTC.csv,processed,1259,XAUUSD_5m_BID_2019-06-28.csv,2019-06-28 00:00:00+00:00 to 2019-06-28 20:58:00+00:00
2019-06-30,2019,XAU-USD_1Minute_BID_2019-06-30_00_00-23_59_Etc_UTC.csv,processed,120,XAUUSD_5m_BID_2019-06-30.csv,2019-06-30 22:00:00+00:00 to 2019-06-30 23:59:00+00:00
2019-07-01,2019,XAU-USD_1Minute_BID_2019-07-01_00_00-23_59_Etc_UTC.csv,processed,1380,XAUUSD_5m_BID_2019-07-01.csv,2019-07-01 00:00:00+00:00 to 2019-07-01 23:59:00+00:00
2019-07-02,2019,XAU-USD_1Minute_BID_2019-07-02_00_00-23_59_Etc_UTC.csv,processed,1379,XAUUSD_5m_BID_2019-07-02.csv,2019-07-02 00:00:00+00:00 to 2019-07-02 23:59:00+00:00
2019-07-03,2019,XAU-USD_1Minute_BID_2019-07-03_00_00-23_59_Etc_UTC.csv,processed,1378,XAUUSD_5m_BID_2019-07-03.csv,2019-07-03 00:00:00+00:00 to 2019-07-03 23:59:00+00:00
2019-07-04,2019,XAU-USD_1Minute_BID_2019-07-04_00_00-23_59_Etc_UTC.csv,processed,1153,XAUUSD_5m_BID_2019-07-04.csv,2019-07-04 00:00:00+00:00 to 2019-07-04 23:59:00+00:00
2019-07-05,2019,XAU-USD_1Minute_BID_2019-07-05_00_00-23_59_Etc_UTC.csv,processed,1259,XAUUSD_5m_BID_2019-07-05.csv,2019-07-05 00:00:00+00:00 to 2019-07-05 20:58:00+00:00
2019-07-07,2019,XAU-USD_1Minute_BID_2019-07-07_00_00-23_59_Etc_UTC.csv,processed,120,XAUUSD_5m_BID_2019-07-07.csv,2019-07-07 22:00:00+00:00 to 2019-07-07 23:59:00+00:00
2019-07-08,2019,XAU-USD_1Minute_BID_2019-07-08_00_00-23_59_Etc_UTC.csv,processed,1379,XAUUSD_5m_BID_2019-07-08.csv,2019-07-08 00:00:00+00:00 to 2019-07-08 23:59:00+00:00
2019-07-09,2019,XAU-USD_1Minute_BID_2019-07-09_00_00-23_59_Etc_UTC.csv,processed,1380,XAUUSD_5m_BID_2019-07-09.csv,2019-07-09 00:00:00+00:00 to 2019-07-09 23:59:00+00:00
2019-07-10,2019,XAU-USD_1Minute_BID_2019-07-10_00_00-23_59_Etc_UTC.csv,processed,1380,XAUUSD_5m_BID_2019-07-10.csv,2019-07-10 00:00:00+00:00 to 2019-07-10 23:59:00+00:00
2019-07-11,2019,XAU-USD_1Minute_BID_2019-07-11_00_00-23_59_Etc_UTC.csv,processed,1380,XAUUSD_5m_BID_2019-07-11.csv,2019-07-11 00:00:00+00:00 to 2019-07-11 23:59:00+00:00
2019-07-12,2019,XAU-USD_1Minute_BID_2019-07-12_00_00-23_59_Etc_UTC.csv,processed,1259,XAUUSD_5m_BID_2019-07-12.csv,2019-07-12 00:00:00+00:00 to 2019-07-12 20:58:00+00:00
2019-07-14,2019,XAU-USD_1Minute_BID_2019-07-14_00_00-23_59_Etc_UTC.csv,processed,120,XAUUSD_5m_BID_2019-07-14.csv,2019-07-14 22:00:00+00:00 to 2019-07-14 23:59:00+00:00
2019-07-15,2019,XAU-USD_1Minute_BID_2019-07-15_00_00-23_59_Etc_UTC.csv,processed,1379,XAUUSD_5m_BID_2019-07-15.csv,2019-07-15 00:00:00+00:00 to 2019-07-15 23:59:00+00:00
2019-07-16,2019,XAU-USD_1Minute_BID_2019-07-16_00_00-23_59_Etc_UTC.csv,processed,1377,XAUUSD_5m_BID_2019-07-16.csv,2019-07-16 00:00:00+00:00 to 2019-07-16 23:59:00+00:00
2019-07-17,2019,XAU-USD_1Minute_BID_2019-07-17_00_00-23_59_Etc_UTC.csv,processed,1380,XAUUSD_5m_BID_2019-07-17.csv,2019-07-17 00:00:00+00:00 to 2019-07-17 23:59:00+00:00
2019-07-18,2019,XAU-USD_1Minute_BID_2019-07-18_00_00-23_59_Etc_UTC.csv,processed,1380,XAUUSD_5m_BID_2019-07-18.csv,2019-07-18 00:00:00+00:00 to 2019-07-18 23:59:00+00:00
2019-07-19,2019,XAU-USD_1Minute_BID_2019-07-19_00_00-23_59_Etc_UTC.csv,processed,1259,XAUUSD_5m_BID_2019-07-19.csv,2019-07-19 00:00:00+00:00 to 2019-07-19 20:58:00+00:00
2019-07-21,2019,XAU-USD_1Minute_BID_2019-07-21_00_00-23_59_Etc_UTC.csv,processed,120,XAUUSD_5m_BID_2019-07-21.csv,2019-07-21 22:00:00+00:00 to 2019-07-21 23:59:00+00:00
2019-07-22,2019,XAU-USD_1Minute_BID_2019-07-22_00_00-23_59_Etc_UTC.csv,processed,1377,XAUUSD_5m_BID_2019-07-22.csv,2019-07-22 00:00:00+00:00 to 2019-07-22 23:59:00+00:00
2019-07-23,2019,XAU-USD_1Minute_BID_2019-07-23_00_00-23_59_Etc_UTC.csv,processed,1380,XAUUSD_5m_BID_2019-07-23.csv,2019-07-23 00:00:00+00:00 to 2019-07-23 23:59:00+00:00
2019-07-24,2019,XAU-USD_1Minute_BID_2019-07-24_00_00-23_59_Etc_UTC.csv,processed,1378,XAUUSD_5m_BID_2019-07-24.csv,2019-07-24 00:00:00+00:00 to 2019-07-24 23:59:00+00:00
2019-07-25,2019,XAU-USD_1Minute_BID_2019-07-25_00_00-23_59_Etc_UTC.csv,processed,1376,XAUUSD_5m_BID_2019-07-25.csv,2019-07-25 00:00:00+00:00 to 2019-07-25 23:59:00+00:00
2019-07-26,2019,XAU-USD_1Minute_BID_2019-07-26_00_00-23_59_Etc_UTC.csv,processed,1259,XAUUSD_5m_BID_2019-07-26.csv,2019-07-26 00:00:00+00:00 to 2019-07-26 20:58:00+00:00
2019-07-28,2019,XAU-USD_1Minute_BID_2019-07-28_00_00-23_59_Etc_UTC.csv,processed,120,XAUUSD_5m_BID_2019-07-28.csv,2019-07-28 22:00:00+00:00 to 2019-07-28 23:59:00+00:00
2019-07-29,2019,XAU-USD_1Minute_BID_2019-07-29_00_00-23_59_Etc_UTC.csv,processed,1378,XAUUSD_5m_BID_2019-07-29.csv,2019-07-29 00:00:00+00:00 to 2019-07-29 23:59:00+00:00
2019-07-30,2019,XAU-USD_1Minute_BID_2019-07-30_00_00-23_59_Etc_UTC.csv,processed,1380,XAUUSD_5m_BID_2019-07-30.csv,2019-07-30 00:00:00+00:00 to 2019-07-30 23:59:00+00:00
2019-07-31,2019,XAU-USD_1Minute_BID_2019-07-31_00_00-23_59_Etc_UTC.csv,processed,1379,XAUUSD_5m_BID_2019-07-31.csv,2019-07-31 00:00:00+00:00 to 2019-07-31 23:59:00+00:00
2019-08-01,2019,XAU-USD_1Minute_BID_2019-08-01_00_00-23_59_Etc_UTC.csv,processed,1378,XAUUSD_5m_BID_2019-08-01.csv,2019-08-01 00:00:00+00:00 to 2019-08-01 23:59:00+00:00
2019-08-02,2019,XAU-USD_1Minute_BID_2019-08-02_00_00-23_59_Etc_UTC.csv,processed,1259,XAUUSD_5m_BID_2019-08-02.csv,2019-08-02 00:00:00+00:00 to 2019-08-02 20:58:00+00:00
2019-08-04,2019,XAU-USD_1Minute_BID_2019-08-04_00_00-23_59_Etc_UTC.csv,processed,120,XAUUSD_5m_BID_2019-08-04.csv,2019-08-04 22:00:00+00:00 to 2019-08-04 23:59:00+00:00
2019-08-05,2019,XAU-USD_1Minute_BID_2019-08-05_00_00-23_59_Etc_UTC.csv,processed,1378,XAUUSD_5m_BID_2019-08-05.csv,2019-08-05 00:00:00+00:00 to 2019-08-05 23:59:00+00:00
2019-08-06,2019,XAU-USD_1Minute_BID_2019-08-06_00_00-23_59_Etc_UTC.csv,processed,1380,XAUUSD_5m_BID_2019-08-06.csv,2019-08-06 00:00:00+00:00 to 2019-08-06 23:59:00+00:00
2019-08-07,2019,XAU-USD_1Minute_BID_2019-08-07_00_00-23_59_Etc_UTC.csv,processed,1379,XAUUSD_5m_BID_2019-08-07.csv,2019-08-07 00:00:00+00:00 to 2019-08-07 23:59:00+00:00
2019-08-08,2019,XAU-USD_1Minute_BID_2019-08-08_00_00-23_59_Etc_UTC.csv,processed,1380,XAUUSD_5m_BID_2019-08-08.csv,2019-08-08 00:00:00+00:00 to 2019-08-08 23:59:00+00:00
2019-08-09,2019,XAU-USD_1Minute_BID_2019-08-09_00_00-23_59_Etc_UTC.csv,processed,1258,XAUUSD_5m_BID_2019-08-09.csv,2019-08-09 00:00:00+00:00 to 2019-08-09 20:57:00+00:00
2019-08-11,2019,XAU-USD_1Minute_BID_2019-08-11_00_00-23_59_Etc_UTC.csv,processed,120,XAUUSD_5m_BID_2019-08-11.csv,2019-08-11 22:00:00+00:00 to 2019-08-11 23:59:00+00:00
2019-08-12,2019,XAU-USD_1Minute_BID_2019-08-12_00_00-23_59_Etc_UTC.csv,processed,1380,XAUUSD_5m_BID_2019-08-12.csv,2019-08-12 00:00:00+00:00 to 2019-08-12 23:59:00+00:00
2019-08-13,2019,XAU-USD_1Minute_BID_2019-08-13_00_00-23_59_Etc_UTC.csv,processed,1379,XAUUSD_5m_BID_2019-08-13.csv,2019-08-13 00:00:00+00:00 to 2019-08-13 23:59:00+00:00
2019-08-15,2019,XAU-USD_1Minute_BID_2019-08-15_00_00-23_59_Etc_UTC.csv,processed,1379,XAUUSD_5m_BID_2019-08-15.csv,2019-08-15 00:00:00+00:00 to 2019-08-15 23:59:00+00:00
2019-08-16,2019,XAU-USD_1Minute_BID_2019-08-16_00_00-23_59_Etc_UTC.csv,processed,1259,XAUUSD_5m_BID_2019-08-16.csv,2019-08-16 00:00:00+00:00 to 2019-08-16 20:58:00+00:00
2019-08-18,2019,XAU-USD_1Minute_BID_2019-08-18_00_00-23_59_Etc_UTC.csv,processed,119,XAUUSD_5m_BID_2019-08-18.csv,2019-08-18 22:00:00+00:00 to 2019-08-18 23:59:00+00:00
2019-08-19,2019,XAU-USD_1Minute_BID_2019-08-19_00_00-23_59_Etc_UTC.csv,processed,1380,XAUUSD_5m_BID_2019-08-19.csv,2019-08-19 00:00:00+00:00 to 2019-08-19 23:59:00+00:00
2019-08-20,2019,XAU-USD_1Minute_BID_2019-08-20_00_00-23_59_Etc_UTC.csv,processed,1380,XAUUSD_5m_BID_2019-08-20.csv,2019-08-20 00:00:00+00:00 to 2019-08-20 23:59:00+00:00
2019-08-21,2019,XAU-USD_1Minute_BID_2019-08-21_00_00-23_59_Etc_UTC.csv,processed,1375,XAUUSD_5m_BID_2019-08-21.csv,2019-08-21 00:00:00+00:00 to 2019-08-21 23:59:00+00:00
2019-08-22,2019,XAU-USD_1Minute_BID_2019-08-22_00_00-23_59_Etc_UTC.csv,processed,1380,XAUUSD_5m_BID_2019-08-22.csv,2019-08-22 00:00:00+00:00 to 2019-08-22 23:59:00+00:00
2019-08-23,2019,XAU-USD_1Minute_BID_2019-08-23_00_00-23_59_Etc_UTC.csv,processed,1259,XAUUSD_5m_BID_2019-08-23.csv,2019-08-23 00:00:00+00:00 to 2019-08-23 20:59:00+00:00
2019-08-25,2019,XAU-USD_1Minute_BID_2019-08-25_00_00-23_59_Etc_UTC.csv,processed,120,XAUUSD_5m_BID_2019-08-25.csv,2019-08-25 22:00:00+00:00 to 2019-08-25 23:59:00+00:00
2019-08-26,2019,XAU-USD_1Minute_BID_2019-08-26_00_00-23_59_Etc_UTC.csv,processed,1380,XAUUSD_5m_BID_2019-08-26.csv,2019-08-26 00:00:00+00:00 to 2019-08-26 23:59:00+00:00
2019-08-27,2019,XAU-USD_1Minute_BID_2019-08-27_00_00-23_59_Etc_UTC.csv,processed,1379,XAUUSD_5m_BID_2019-08-27.csv,2019-08-27 00:00:00+00:00 to 2019-08-27 23:59:00+00:00
2019-08-28,2019,XAU-USD_1Minute_BID_2019-08-28_00_00-23_59_Etc_UTC.csv,processed,1379,XAUUSD_5m_BID_2019-08-28.csv,2019-08-28 00:00:00+00:00 to 2019-08-28 23:59:00+00:00
2019-08-30,2019,XAU-USD_1Minute_BID_2019-08-30_00_00-23_59_Etc_UTC.csv,processed,1259,XAUUSD_5m_BID_2019-08-30.csv,2019-08-30 00:00:00+00:00 to 2019-08-30 20:59:00+00:00
2019-09-01,2019,XAU-USD_1Minute_BID_2019-09-01_00_00-23_59_Etc_UTC.csv,processed,120,XAUUSD_5m_BID_2019-09-01.csv,2019-09-01 22:00:00+00:00 to 2019-09-01 23:59:00+00:00
2019-09-02,2019,XAU-USD_1Minute_BID_2019-09-02_00_00-23_59_Etc_UTC.csv,processed,1147,XAUUSD_5m_BID_2019-09-02.csv,2019-09-02 00:00:00+00:00 to 2019-09-02 23:59:00+00:00
2019-09-04,2019,XAU-USD_1Minute_BID_2019-09-04_00_00-23_59_Etc_UTC.csv,processed,1380,XAUUSD_5m_BID_2019-09-04.csv,2019-09-04 00:00:00+00:00 to 2019-09-04 23:59:00+00:00
2019-09-05,2019,XAU-USD_1Minute_BID_2019-09-05_00_00-23_59_Etc_UTC.csv,processed,1380,XAUUSD_5m_BID_2019-09-05.csv,2019-09-05 00:00:00+00:00 to 2019-09-05 23:59:00+00:00
2019-09-06,2019,XAU-USD_1Minute_BID_2019-09-06_00_00-23_59_Etc_UTC.csv,processed,1260,XAUUSD_5m_BID_2019-09-06.csv,2019-09-06 00:00:00+00:00 to 2019-09-06 20:59:00+00:00
2019-09-08,2019,XAU-USD_1Minute_BID_2019-09-08_00_00-23_59_Etc_UTC.csv,processed,120,XAUUSD_5m_BID_2019-09-08.csv,2019-09-08 22:00:00+00:00 to 2019-09-08 23:59:00+00:00
2019-09-09,2019,XAU-USD_1Minute_BID_2019-09-09_00_00-23_59_Etc_UTC.csv,processed,1380,XAUUSD_5m_BID_2019-09-09.csv,2019-09-09 00:00:00+00:00 to 2019-09-09 23:59:00+00:00
2019-09-10,2019,XAU-USD_1Minute_BID_2019-09-10_00_00-23_59_Etc_UTC.csv,processed,1380,XAUUSD_5m_BID_2019-09-10.csv,2019-09-10 00:00:00+00:00 to 2019-09-10 23:59:00+00:00
2019-09-11,2019,XAU-USD_1Minute_BID_2019-09-11_00_00-23_59_Etc_UTC.csv,processed,1379,XAUUSD_5m_BID_2019-09-11.csv,2019-09-11 00:00:00+00:00 to 2019-09-11 23:59:00+00:00
2019-09-12,2019,XAU-USD_1Minute_BID_2019-09-12_00_00-23_59_Etc_UTC.csv,processed,1379,XAUUSD_5m_BID_2019-09-12.csv,2019-09-12 00:00:00+00:00 to 2019-09-12 23:59:00+00:00
2019-09-13,2019,XAU-USD_1Minute_BID_2019-09-13_00_00-23_59_Etc_UTC.csv,processed,1259,XAUUSD_5m_BID_2019-09-13.csv,2019-09-13 00:00:00+00:00 to 2019-09-13 20:59:00+00:00
2019-09-15,2019,XAU-USD_1Minute_BID_2019-09-15_00_00-23_59_Etc_UTC.csv,processed,120,XAUUSD_5m_BID_2019-09-15.csv,2019-09-15 22:00:00+00:00 to 2019-09-15 23:59:00+00:00
2019-09-16,2019,XAU-USD_1Minute_BID_2019-09-16_00_00-23_59_Etc_UTC.csv,processed,1380,XAUUSD_5m_BID_2019-09-16.csv,2019-09-16 00:00:00+00:00 to 2019-09-16 23:59:00+00:00
2019-09-17,2019,XAU-USD_1Minute_BID_2019-09-17_00_00-23_59_Etc_UTC.csv,processed,1380,XAUUSD_5m_BID_2019-09-17.csv,2019-09-17 00:00:00+00:00 to 2019-09-17 23:59:00+00:00
2019-09-18,2019,XAU-USD_1Minute_BID_2019-09-18_00_00-23_59_Etc_UTC.csv,processed,1380,XAUUSD_5m_BID_2019-09-18.csv,2019-09-18 00:00:00+00:00 to 2019-09-18 23:59:00+00:00
2019-09-20,2019,XAU-USD_1Minute_BID_2019-09-20_00_00-23_59_Etc_UTC.csv,processed,1260,XAUUSD_5m_BID_2019-09-20.csv,2019-09-20 00:00:00+00:00 to 2019-09-20 20:59:00+00:00
2019-09-22,2019,XAU-USD_1Minute_BID_2019-09-22_00_00-23_59_Etc_UTC.csv,processed,120,XAUUSD_5m_BID_2019-09-22.csv,2019-09-22 22:00:00+00:00 to 2019-09-22 23:59:00+00:00
2019-09-23,2019,XAU-USD_1Minute_BID_2019-09-23_00_00-23_59_Etc_UTC.csv,processed,1380,XAUUSD_5m_BID_2019-09-23.csv,2019-09-23 00:00:00+00:00 to 2019-09-23 23:59:00+00:00
2019-09-24,2019,XAU-USD_1Minute_BID_2019-09-24_00_00-23_59_Etc_UTC.csv,processed,1380,XAUUSD_5m_BID_2019-09-24.csv,2019-09-24 00:00:00+00:00 to 2019-09-24 23:59:00+00:00
2019-09-25,2019,XAU-USD_1Minute_BID_2019-09-25_00_00-23_59_Etc_UTC.csv,processed,1379,XAUUSD_5m_BID_2019-09-25.csv,2019-09-25 00:00:00+00:00 to 2019-09-25 23:59:00+00:00
2019-09-26,2019,XAU-USD_1Minute_BID_2019-09-26_00_00-23_59_Etc_UTC.csv,processed,1380,XAUUSD_5m_BID_2019-09-26.csv,2019-09-26 00:00:00+00:00 to 2019-09-26 23:59:00+00:00
2019-09-27,2019,XAU-USD_1Minute_BID_2019-09-27_00_00-23_59_Etc_UTC.csv,processed,1260,XAUUSD_5m_BID_2019-09-27.csv,2019-09-27 00:00:00+00:00 to 2019-09-27 20:59:00+00:00
2019-09-29,2019,XAU-USD_1Minute_BID_2019-09-29_00_00-23_59_Etc_UTC.csv,processed,120,XAUUSD_5m_BID_2019-09-29.csv,2019-09-29 22:00:00+00:00 to 2019-09-29 23:59:00+00:00
2019-09-30,2019,XAU-USD_1Minute_BID_2019-09-30_00_00-23_59_Etc_UTC.csv,processed,1377,XAUUSD_5m_BID_2019-09-30.csv,2019-09-30 00:00:00+00:00 to 2019-09-30 23:59:00+00:00
2019-10-01,2019,XAU-USD_1Minute_BID_2019-10-01_00_00-23_59_Etc_UTC.csv,processed,1380,XAUUSD_5m_BID_2019-10-01.csv,2019-10-01 00:00:00+00:00 to 2019-10-01 23:59:00+00:00
2019-10-02,2019,XAU-USD_1Minute_BID_2019-10-02_00_00-23_59_Etc_UTC.csv,processed,1379,XAUUSD_5m_BID_2019-10-02.csv,2019-10-02 00:00:00+00:00 to 2019-10-02 23:59:00+00:00
2019-10-03,2019,XAU-USD_1Minute_BID_2019-10-03_00_00-23_59_Etc_UTC.csv,processed,1380,XAUUSD_5m_BID_2019-10-03.csv,2019-10-03 00:00:00+00:00 to 2019-10-03 23:59:00+00:00
2019-10-04,2019,XAU-USD_1Minute_BID_2019-10-04_00_00-23_59_Etc_UTC.csv,processed,1260,XAUUSD_5m_BID_2019-10-04.csv,2019-10-04 00:00:00+00:00 to 2019-10-04 20:59:00+00:00
2019-10-06,2019,XAU-USD_1Minute_BID_2019-10-06_00_00-23_59_Etc_UTC.csv,processed,120,XAUUSD_5m_BID_2019-10-06.csv,2019-10-06 22:00:00+00:00 to 2019-10-06 23:59:00+00:00
2019-10-07,2019,XAU-USD_1Minute_BID_2019-10-07_00_00-23_59_Etc_UTC.csv,processed,1379,XAUUSD_5m_BID_2019-10-07.csv,2019-10-07 00:00:00+00:00 to 2019-10-07 23:59:00+00:00
2019-10-08,2019,XAU-USD_1Minute_BID_2019-10-08_00_00-23_59_Etc_UTC.csv,processed,1380,XAUUSD_5m_BID_2019-10-08.csv,2019-10-08 00:00:00+00:00 to 2019-10-08 23:59:00+00:00
2019-10-09,2019,XAU-USD_1Minute_BID_2019-10-09_00_00-23_59_Etc_UTC.csv,processed,1380,XAUUSD_5m_BID_2019-10-09.csv,2019-10-09 00:00:00+00:00 to 2019-10-09 23:59:00+00:00
2019-10-10,2019,XAU-USD_1Minute_BID_2019-10-10_00_00-23_59_Etc_UTC.csv,processed,1380,XAUUSD_5m_BID_2019-10-10.csv,2019-10-10 00:00:00+00:00 to 2019-10-10 23:59:00+00:00
2019-10-11,2019,XAU-USD_1Minute_BID_2019-10-11_00_00-23_59_Etc_UTC.csv,processed,1257,XAUUSD_5m_BID_2019-10-11.csv,2019-10-11 00:00:00+00:00 to 2019-10-11 20:59:00+00:00
2019-10-13,2019,XAU-USD_1Minute_BID_2019-10-13_00_00-23_59_Etc_UTC.csv,processed,120,XAUUSD_5m_BID_2019-10-13.csv,2019-10-13 22:00:00+00:00 to 2019-10-13 23:59:00+00:00
2019-10-14,2019,XAU-USD_1Minute_BID_2019-10-14_00_00-23_59_Etc_UTC.csv,processed,1375,XAUUSD_5m_BID_2019-10-14.csv,2019-10-14 00:00:00+00:00 to 2019-10-14 23:59:00+00:00
2019-10-15,2019,XAU-USD_1Minute_BID_2019-10-15_00_00-23_59_Etc_UTC.csv,processed,1378,XAUUSD_5m_BID_2019-10-15.csv,2019-10-15 00:00:00+00:00 to 2019-10-15 23:59:00+00:00
2019-10-16,2019,XAU-USD_1Minute_BID_2019-10-16_00_00-23_59_Etc_UTC.csv,processed,1374,XAUUSD_5m_BID_2019-10-16.csv,2019-10-16 00:00:00+00:00 to 2019-10-16 23:59:00+00:00
2019-10-17,2019,XAU-USD_1Minute_BID_2019-10-17_00_00-23_59_Etc_UTC.csv,processed,1379,XAUUSD_5m_BID_2019-10-17.csv,2019-10-17 00:00:00+00:00 to 2019-10-17 23:59:00+00:00
2019-10-18,2019,XAU-USD_1Minute_BID_2019-10-18_00_00-23_59_Etc_UTC.csv,processed,1258,XAUUSD_5m_BID_2019-10-18.csv,2019-10-18 00:00:00+00:00 to 2019-10-18 20:59:00+00:00
2019-10-20,2019,XAU-USD_1Minute_BID_2019-10-20_00_00-23_59_Etc_UTC.csv,processed,119,XAUUSD_5m_BID_2019-10-20.csv,2019-10-20 22:00:00+00:00 to 2019-10-20 23:59:00+00:00
2019-10-21,2019,XAU-USD_1Minute_BID_2019-10-21_00_00-23_59_Etc_UTC.csv,processed,1376,XAUUSD_5m_BID_2019-10-21.csv,2019-10-21 00:00:00+00:00 to 2019-10-21 23:59:00+00:00
2019-10-22,2019,XAU-USD_1Minute_BID_2019-10-22_00_00-23_59_Etc_UTC.csv,processed,1376,XAUUSD_5m_BID_2019-10-22.csv,2019-10-22 00:00:00+00:00 to 2019-10-22 23:59:00+00:00
2019-10-23,2019,XAU-USD_1Minute_BID_2019-10-23_00_00-23_59_Etc_UTC.csv,processed,1379,XAUUSD_5m_BID_2019-10-23.csv,2019-10-23 00:00:00+00:00 to 2019-10-23 23:59:00+00:00
2019-10-24,2019,XAU-USD_1Minute_BID_2019-10-24_00_00-23_59_Etc_UTC.csv,processed,1376,XAUUSD_5m_BID_2019-10-24.csv,2019-10-24 00:00:00+00:00 to 2019-10-24 23:59:00+00:00
2019-10-25,2019,XAU-USD_1Minute_BID_2019-10-25_00_00-23_59_Etc_UTC.csv,processed,1260,XAUUSD_5m_BID_2019-10-25.csv,2019-10-25 00:00:00+00:00 to 2019-10-25 20:59:00+00:00
2019-10-27,2019,XAU-USD_1Minute_BID_2019-10-27_00_00-23_59_Etc_UTC.csv,processed,120,XAUUSD_5m_BID_2019-10-27.csv,2019-10-27 22:00:00+00:00 to 2019-10-27 23:59:00+00:00
2019-10-28,2019,XAU-USD_1Minute_BID_2019-10-28_00_00-23_59_Etc_UTC.csv,processed,1375,XAUUSD_5m_BID_2019-10-28.csv,2019-10-28 00:00:00+00:00 to 2019-10-28 23:59:00+00:00
2019-10-29,2019,XAU-USD_1Minute_BID_2019-10-29_00_00-23_59_Etc_UTC.csv,processed,1379,XAUUSD_5m_BID_2019-10-29.csv,2019-10-29 00:00:00+00:00 to 2019-10-29 23:59:00+00:00
2019-10-30,2019,XAU-USD_1Minute_BID_2019-10-30_00_00-23_59_Etc_UTC.csv,processed,1379,XAUUSD_5m_BID_2019-10-30.csv,2019-10-30 00:00:00+00:00 to 2019-10-30 23:59:00+00:00
2019-10-31,2019,XAU-USD_1Minute_BID_2019-10-31_00_00-23_59_Etc_UTC.csv,processed,1376,XAUUSD_5m_BID_2019-10-31.csv,2019-10-31 00:00:00+00:00 to 2019-10-31 23:59:00+00:00
2019-11-01,2019,XAU-USD_1Minute_BID_2019-11-01_00_00-23_59_Etc_UTC.csv,processed,1260,XAUUSD_5m_BID_2019-11-01.csv,2019-11-01 00:00:00+00:00 to 2019-11-01 20:59:00+00:00
2019-11-03,2019,XAU-USD_1Minute_BID_2019-11-03_00_00-23_59_Etc_UTC.csv,processed,60,XAUUSD_5m_BID_2019-11-03.csv,2019-11-03 23:00:00+00:00 to 2019-11-03 23:59:00+00:00
2019-11-04,2019,XAU-USD_1Minute_BID_2019-11-04_00_00-23_59_Etc_UTC.csv,processed,1376,XAUUSD_5m_BID_2019-11-04.csv,2019-11-04 00:00:00+00:00 to 2019-11-04 23:59:00+00:00
2019-11-05,2019,XAU-USD_1Minute_BID_2019-11-05_00_00-23_59_Etc_UTC.csv,processed,1380,XAUUSD_5m_BID_2019-11-05.csv,2019-11-05 00:00:00+00:00 to 2019-11-05 23:59:00+00:00
2019-11-06,2019,XAU-USD_1Minute_BID_2019-11-06_00_00-23_59_Etc_UTC.csv,processed,1380,XAUUSD_5m_BID_2019-11-06.csv,2019-11-06 00:00:00+00:00 to 2019-11-06 23:59:00+00:00
2019-11-07,2019,XAU-USD_1Minute_BID_2019-11-07_00_00-23_59_Etc_UTC.csv,processed,1380,XAUUSD_5m_BID_2019-11-07.csv,2019-11-07 00:00:00+00:00 to 2019-11-07 23:59:00+00:00
2019-11-08,2019,XAU-USD_1Minute_BID_2019-11-08_00_00-23_59_Etc_UTC.csv,processed,1319,XAUUSD_5m_BID_2019-11-08.csv,2019-11-08 00:00:00+00:00 to 2019-11-08 21:59:00+00:00
2019-11-10,2019,XAU-USD_1Minute_BID_2019-11-10_00_00-23_59_Etc_UTC.csv,processed,60,XAUUSD_5m_BID_2019-11-10.csv,2019-11-10 23:00:00+00:00 to 2019-11-10 23:59:00+00:00
2019-11-11,2019,XAU-USD_1Minute_BID_2019-11-11_00_00-23_59_Etc_UTC.csv,processed,1371,XAUUSD_5m_BID_2019-11-11.csv,2019-11-11 00:00:00+00:00 to 2019-11-11 23:59:00+00:00
2019-11-12,2019,XAU-USD_1Minute_BID_2019-11-12_00_00-23_59_Etc_UTC.csv,processed,1379,XAUUSD_5m_BID_2019-11-12.csv,2019-11-12 00:00:00+00:00 to 2019-11-12 23:59:00+00:00
2019-11-13,2019,XAU-USD_1Minute_BID_2019-11-13_00_00-23_59_Etc_UTC.csv,processed,1375,XAUUSD_5m_BID_2019-11-13.csv,2019-11-13 00:00:00+00:00 to 2019-11-13 23:59:00+00:00
2019-11-14,2019,XAU-USD_1Minute_BID_2019-11-14_00_00-23_59_Etc_UTC.csv,processed,1379,XAUUSD_5m_BID_2019-11-14.csv,2019-11-14 00:00:00+00:00 to 2019-11-14 23:59:00+00:00
2019-11-17,2019,XAU-USD_1Minute_BID_2019-11-17_00_00-23_59_Etc_UTC.csv,processed,60,XAUUSD_5m_BID_2019-11-17.csv,2019-11-17 23:00:00+00:00 to 2019-11-17 23:59:00+00:00
2019-11-18,2019,XAU-USD_1Minute_BID_2019-11-18_00_00-23_59_Etc_UTC.csv,processed,1380,XAUUSD_5m_BID_2019-11-18.csv,2019-11-18 00:00:00+00:00 to 2019-11-18 23:59:00+00:00
2019-11-20,2019,XAU-USD_1Minute_BID_2019-11-20_00_00-23_59_Etc_UTC.csv,processed,1380,XAUUSD_5m_BID_2019-11-20.csv,2019-11-20 00:00:00+00:00 to 2019-11-20 23:59:00+00:00
2019-11-21,2019,XAU-USD_1Minute_BID_2019-11-21_00_00-23_59_Etc_UTC.csv,processed,1373,XAUUSD_5m_BID_2019-11-21.csv,2019-11-21 00:00:00+00:00 to 2019-11-21 23:59:00+00:00
2019-11-22,2019,XAU-USD_1Minute_BID_2019-11-22_00_00-23_59_Etc_UTC.csv,processed,1320,XAUUSD_5m_BID_2019-11-22.csv,2019-11-22 00:00:00+00:00 to 2019-11-22 21:59:00+00:00
2019-11-24,2019,XAU-USD_1Minute_BID_2019-11-24_00_00-23_59_Etc_UTC.csv,processed,60,XAUUSD_5m_BID_2019-11-24.csv,2019-11-24 23:00:00+00:00 to 2019-11-24 23:59:00+00:00
2019-11-25,2019,XAU-USD_1Minute_BID_2019-11-25_00_00-23_59_Etc_UTC.csv,processed,1378,XAUUSD_5m_BID_2019-11-25.csv,2019-11-25 00:00:00+00:00 to 2019-11-25 23:59:00+00:00
2019-11-26,2019,XAU-USD_1Minute_BID_2019-11-26_00_00-23_59_Etc_UTC.csv,processed,1374,XAUUSD_5m_BID_2019-11-26.csv,2019-11-26 00:00:00+00:00 to 2019-11-26 23:59:00+00:00
2019-11-27,2019,XAU-USD_1Minute_BID_2019-11-27_00_00-23_59_Etc_UTC.csv,processed,1377,XAUUSD_5m_BID_2019-11-27.csv,2019-11-27 00:00:00+00:00 to 2019-11-27 23:59:00+00:00
2019-11-28,2019,XAU-USD_1Minute_BID_2019-11-28_00_00-23_59_Etc_UTC.csv,processed,1139,XAUUSD_5m_BID_2019-11-28.csv,2019-11-28 00:00:00+00:00 to 2019-11-28 23:59:00+00:00
2019-11-29,2019,XAU-USD_1Minute_BID_2019-11-29_00_00-23_59_Etc_UTC.csv,processed,1143,XAUUSD_5m_BID_2019-11-29.csv,2019-11-29 00:00:00+00:00 to 2019-11-29 19:05:00+00:00
2019-12-01,2019,XAU-USD_1Minute_BID_2019-12-01_00_00-23_59_Etc_UTC.csv,processed,59,XAUUSD_5m_BID_2019-12-01.csv,2019-12-01 23:00:00+00:00 to 2019-12-01 23:59:00+00:00
2019-12-02,2019,XAU-USD_1Minute_BID_2019-12-02_00_00-23_59_Etc_UTC.csv,processed,1378,XAUUSD_5m_BID_2019-12-02.csv,2019-12-02 00:00:00+00:00 to 2019-12-02 23:59:00+00:00
2019-12-03,2019,XAU-USD_1Minute_BID_2019-12-03_00_00-23_59_Etc_UTC.csv,processed,1380,XAUUSD_5m_BID_2019-12-03.csv,2019-12-03 00:00:00+00:00 to 2019-12-03 23:59:00+00:00
2019-12-04,2019,XAU-USD_1Minute_BID_2019-12-04_00_00-23_59_Etc_UTC.csv,processed,1379,XAUUSD_5m_BID_2019-12-04.csv,2019-12-04 00:00:00+00:00 to 2019-12-04 23:59:00+00:00
2019-12-05,2019,XAU-USD_1Minute_BID_2019-12-05_00_00-23_59_Etc_UTC.csv,processed,1368,XAUUSD_5m_BID_2019-12-05.csv,2019-12-05 00:00:00+00:00 to 2019-12-05 23:59:00+00:00
2019-12-06,2019,XAU-USD_1Minute_BID_2019-12-06_00_00-23_59_Etc_UTC.csv,processed,1318,XAUUSD_5m_BID_2019-12-06.csv,2019-12-06 00:00:00+00:00 to 2019-12-06 21:59:00+00:00
2019-12-08,2019,XAU-USD_1Minute_BID_2019-12-08_00_00-23_59_Etc_UTC.csv,processed,60,XAUUSD_5m_BID_2019-12-08.csv,2019-12-08 23:00:00+00:00 to 2019-12-08 23:59:00+00:00
2019-12-09,2019,XAU-USD_1Minute_BID_2019-12-09_00_00-23_59_Etc_UTC.csv,processed,1377,XAUUSD_5m_BID_2019-12-09.csv,2019-12-09 00:00:00+00:00 to 2019-12-09 23:59:00+00:00
2019-12-10,2019,XAU-USD_1Minute_BID_2019-12-10_00_00-23_59_Etc_UTC.csv,processed,1379,XAUUSD_5m_BID_2019-12-10.csv,2019-12-10 00:00:00+00:00 to 2019-12-10 23:59:00+00:00
2019-12-11,2019,XAU-USD_1Minute_BID_2019-12-11_00_00-23_59_Etc_UTC.csv,processed,1377,XAUUSD_5m_BID_2019-12-11.csv,2019-12-11 00:00:00+00:00 to 2019-12-11 23:59:00+00:00
2019-12-13,2019,XAU-USD_1Minute_BID_2019-12-13_00_00-23_59_Etc_UTC.csv,processed,1320,XAUUSD_5m_BID_2019-12-13.csv,2019-12-13 00:00:00+00:00 to 2019-12-13 21:59:00+00:00
2019-12-15,2019,XAU-USD_1Minute_BID_2019-12-15_00_00-23_59_Etc_UTC.csv,processed,60,XAUUSD_5m_BID_2019-12-15.csv,2019-12-15 23:00:00+00:00 to 2019-12-15 23:59:00+00:00
2019-12-16,2019,XAU-USD_1Minute_BID_2019-12-16_00_00-23_59_Etc_UTC.csv,processed,1378,XAUUSD_5m_BID_2019-12-16.csv,2019-12-16 00:00:00+00:00 to 2019-12-16 23:59:00+00:00
2019-12-17,2019,XAU-USD_1Minute_BID_2019-12-17_00_00-23_59_Etc_UTC.csv,processed,1373,XAUUSD_5m_BID_2019-12-17.csv,2019-12-17 00:00:00+00:00 to 2019-12-17 23:59:00+00:00
2019-12-18,2019,XAU-USD_1Minute_BID_2019-12-18_00_00-23_59_Etc_UTC.csv,processed,1373,XAUUSD_5m_BID_2019-12-18.csv,2019-12-18 00:00:00+00:00 to 2019-12-18 23:59:00+00:00
2019-12-19,2019,XAU-USD_1Minute_BID_2019-12-19_00_00-23_59_Etc_UTC.csv,processed,1375,XAUUSD_5m_BID_2019-12-19.csv,2019-12-19 00:00:00+00:00 to 2019-12-19 23:59:00+00:00
2019-12-20,2019,XAU-USD_1Minute_BID_2019-12-20_00_00-23_59_Etc_UTC.csv,processed,1307,XAUUSD_5m_BID_2019-12-20.csv,2019-12-20 00:00:00+00:00 to 2019-12-20 21:59:00+00:00
2019-12-22,2019,XAU-USD_1Minute_BID_2019-12-22_00_00-23_59_Etc_UTC.csv,processed,60,XAUUSD_5m_BID_2019-12-22.csv,2019-12-22 23:00:00+00:00 to 2019-12-22 23:59:00+00:00
2019-12-23,2019,XAU-USD_1Minute_BID_2019-12-23_00_00-23_59_Etc_UTC.csv,processed,1377,XAUUSD_5m_BID_2019-12-23.csv,2019-12-23 00:00:00+00:00 to 2019-12-23 23:59:00+00:00
2019-12-25,2019,XAU-USD_1Minute_BID_2019-12-25_00_00-23_59_Etc_UTC.csv,processed,60,XAUUSD_5m_BID_2019-12-25.csv,2019-12-25 23:00:00+00:00 to 2019-12-25 23:59:00+00:00
2019-12-26,2019,XAU-USD_1Minute_BID_2019-12-26_00_00-23_59_Etc_UTC.csv,processed,1377,XAUUSD_5m_BID_2019-12-26.csv,2019-12-26 00:00:00+00:00 to 2019-12-26 23:59:00+00:00
2019-12-27,2019,XAU-USD_1Minute_BID_2019-12-27_00_00-23_59_Etc_UTC.csv,processed,1320,XAUUSD_5m_BID_2019-12-27.csv,2019-12-27 00:00:00+00:00 to 2019-12-27 21:59:00+00:00
2019-12-29,2019,XAU-USD_1Minute_BID_2019-12-29_00_00-23_59_Etc_UTC.csv,processed,60,XAUUSD_5m_BID_2019-12-29.csv,2019-12-29 23:00:00+00:00 to 2019-12-29 23:59:00+00:00
2019-12-30,2019,XAU-USD_1Minute_BID_2019-12-30_00_00-23_59_Etc_UTC.csv,processed,1373,XAUUSD_5m_BID_2019-12-30.csv,2019-12-30 00:00:00+00:00 to 2019-12-30 23:59:00+00:00
2019-12-31,2019,XAU-USD_1Minute_BID_2019-12-31_00_00-23_59_Etc_UTC.csv,processed,1319,XAUUSD_5m_BID_2019-12-31.csv,2019-12-31 00:00:00+00:00 to 2019-12-31 21:59:00+00:00
2020-01-01,2020,XAU-USD_1Minute_BID_2020-01-01_00_00-23_59_Etc_UTC.csv,processed,60,XAUUSD_5m_BID_2020-01-01.csv,2020-01-01 23:00:00+00:00 to 2020-01-01 23:59:00+00:00
2020-01-02,2020,XAU-USD_1Minute_BID_2020-01-02_00_00-23_59_Etc_UTC.csv,processed,1377,XAUUSD_5m_BID_2020-01-02.csv,2020-01-02 00:00:00+00:00 to 2020-01-02 23:59:00+00:00
2020-01-03,2020,XAU-USD_1Minute_BID_2020-01-03_00_00-23_59_Etc_UTC.csv,processed,1320,XAUUSD_5m_BID_2020-01-03.csv,2020-01-03 00:00:00+00:00 to 2020-01-03 21:59:00+00:00
2020-01-05,2020,XAU-USD_1Minute_BID_2020-01-05_00_00-23_59_Etc_UTC.csv,processed,60,XAUUSD_5m_BID_2020-01-05.csv,2020-01-05 23:00:00+00:00 to 2020-01-05 23:59:00+00:00
2020-01-06,2020,XAU-USD_1Minute_BID_2020-01-06_00_00-23_59_Etc_UTC.csv,processed,1380,XAUUSD_5m_BID_2020-01-06.csv,2020-01-06 00:00:00+00:00 to 2020-01-06 23:59:00+00:00
2020-01-07,2020,XAU-USD_1Minute_BID_2020-01-07_00_00-23_59_Etc_UTC.csv,processed,1380,XAUUSD_5m_BID_2020-01-07.csv,2020-01-07 00:00:00+00:00 to 2020-01-07 23:59:00+00:00
2020-01-08,2020,XAU-USD_1Minute_BID_2020-01-08_00_00-23_59_Etc_UTC.csv,processed,1380,XAUUSD_5m_BID_2020-01-08.csv,2020-01-08 00:00:00+00:00 to 2020-01-08 23:59:00+00:00
2020-01-09,2020,XAU-USD_1Minute_BID_2020-01-09_00_00-23_59_Etc_UTC.csv,processed,1380,XAUUSD_5m_BID_2020-01-09.csv,2020-01-09 00:00:00+00:00 to 2020-01-09 23:59:00+00:00
2020-01-10,2020,XAU-USD_1Minute_BID_2020-01-10_00_00-23_59_Etc_UTC.csv,processed,1320,XAUUSD_5m_BID_2020-01-10.csv,2020-01-10 00:00:00+00:00 to 2020-01-10 21:59:00+00:00
2020-01-12,2020,XAU-USD_1Minute_BID_2020-01-12_00_00-23_59_Etc_UTC.csv,processed,59,XAUUSD_5m_BID_2020-01-12.csv,2020-01-12 23:00:00+00:00 to 2020-01-12 23:59:00+00:00
2020-01-13,2020,XAU-USD_1Minute_BID_2020-01-13_00_00-23_59_Etc_UTC.csv,processed,1380,XAUUSD_5m_BID_2020-01-13.csv,2020-01-13 00:00:00+00:00 to 2020-01-13 23:59:00+00:00
2020-01-14,2020,XAU-USD_1Minute_BID_2020-01-14_00_00-23_59_Etc_UTC.csv,processed,1378,XAUUSD_5m_BID_2020-01-14.csv,2020-01-14 00:00:00+00:00 to 2020-01-14 23:59:00+00:00
2020-01-15,2020,XAU-USD_1Minute_BID_2020-01-15_00_00-23_59_Etc_UTC.csv,processed,1379,XAUUSD_5m_BID_2020-01-15.csv,2020-01-15 00:00:00+00:00 to 2020-01-15 23:59:00+00:00
2020-01-16,2020,XAU-USD_1Minute_BID_2020-01-16_00_00-23_59_Etc_UTC.csv,processed,1378,XAUUSD_5m_BID_2020-01-16.csv,2020-01-16 00:00:00+00:00 to 2020-01-16 23:59:00+00:00
2020-01-17,2020,XAU-USD_1Minute_BID_2020-01-17_00_00-23_59_Etc_UTC.csv,processed,1320,XAUUSD_5m_BID_2020-01-17.csv,2020-01-17 00:00:00+00:00 to 2020-01-17 21:59:00+00:00
2020-01-19,2020,XAU-USD_1Minute_BID_2020-01-19_00_00-23_59_Etc_UTC.csv,processed,60,XAUUSD_5m_BID_2020-01-19.csv,2020-01-19 23:00:00+00:00 to 2020-01-19 23:59:00+00:00
2020-01-20,2020,XAU-USD_1Minute_BID_2020-01-20_00_00-23_59_Etc_UTC.csv,processed,1137,XAUUSD_5m_BID_2020-01-20.csv,2020-01-20 00:00:00+00:00 to 2020-01-20 23:59:00+00:00
2020-01-21,2020,XAU-USD_1Minute_BID_2020-01-21_00_00-23_59_Etc_UTC.csv,processed,1380,XAUUSD_5m_BID_2020-01-21.csv,2020-01-21 00:00:00+00:00 to 2020-01-21 23:59:00+00:00
2020-01-22,2020,XAU-USD_1Minute_BID_2020-01-22_00_00-23_59_Etc_UTC.csv,processed,1380,XAUUSD_5m_BID_2020-01-22.csv,2020-01-22 00:00:00+00:00 to 2020-01-22 23:59:00+00:00
2020-01-23,2020,XAU-USD_1Minute_BID_2020-01-23_00_00-23_59_Etc_UTC.csv,processed,1379,XAUUSD_5m_BID_2020-01-23.csv,2020-01-23 00:00:00+00:00 to 2020-01-23 23:59:00+00:00
2020-01-24,2020,XAU-USD_1Minute_BID_2020-01-24_00_00-23_59_Etc_UTC.csv,processed,1318,XAUUSD_5m_BID_2020-01-24.csv,2020-01-24 00:00:00+00:00 to 2020-01-24 21:59:00+00:00
2020-01-26,2020,XAU-USD_1Minute_BID_2020-01-26_00_00-23_59_Etc_UTC.csv,processed,60,XAUUSD_5m_BID_2020-01-26.csv,2020-01-26 23:00:00+00:00 to 2020-01-26 23:59:00+00:00
2020-01-27,2020,XAU-USD_1Minute_BID_2020-01-27_00_00-23_59_Etc_UTC.csv,processed,1380,XAUUSD_5m_BID_2020-01-27.csv,2020-01-27 00:00:00+00:00 to 2020-01-27 23:59:00+00:00
2020-01-28,2020,XAU-USD_1Minute_BID_2020-01-28_00_00-23_59_Etc_UTC.csv,processed,1380,XAUUSD_5m_BID_2020-01-28.csv,2020-01-28 00:00:00+00:00 to 2020-01-28 23:59:00+00:00
2020-01-29,2020,XAU-USD_1Minute_BID_2020-01-29_00_00-23_59_Etc_UTC.csv,processed,1380,XAUUSD_5m_BID_2020-01-29.csv,2020-01-29 00:00:00+00:00 to 2020-01-29 23:59:00+00:00
2020-01-30,2020,XAU-USD_1Minute_BID_2020-01-30_00_00-23_59_Etc_UTC.csv,processed,1380,XAUUSD_5m_BID_2020-01-30.csv,2020-01-30 00:00:00+00:00 to 2020-01-30 23:59:00+00:00
2020-01-31,2020,XAU-USD_1Minute_BID_2020-01-31_00_00-23_59_Etc_UTC.csv,processed,1319,XAUUSD_5m_BID_2020-01-31.csv,2020-01-31 00:00:00+00:00 to 2020-01-31 21:59:00+00:00
2020-02-02,2020,XAU-USD_1Minute_BID_2020-02-02_00_00-23_59_Etc_UTC.csv,processed,60,XAUUSD_5m_BID_2020-02-02.csv,2020-02-02 23:00:00+00:00 to 2020-02-02 23:59:00+00:00
2020-02-03,2020,XAU-USD_1Minute_BID_2020-02-03_00_00-23_59_Etc_UTC.csv,processed,1378,XAUUSD_5m_BID_2020-02-03.csv,2020-02-03 00:00:00+00:00 to 2020-02-03 23:59:00+00:00
2020-02-04,2020,XAU-USD_1Minute_BID_2020-02-04_00_00-23_59_Etc_UTC.csv,processed,1380,XAUUSD_5m_BID_2020-02-04.csv,2020-02-04 00:00:00+00:00 to 2020-02-04 23:59:00+00:00
2020-02-05,2020,XAU-USD_1Minute_BID_2020-02-05_00_00-23_59_Etc_UTC.csv,processed,1380,XAUUSD_5m_BID_2020-02-05.csv,2020-02-05 00:00:00+00:00 to 2020-02-05 23:59:00+00:00
2020-02-06,2020,XAU-USD_1Minute_BID_2020-02-06_00_00-23_59_Etc_UTC.csv,processed,1380,XAUUSD_5m_BID_2020-02-06.csv,2020-02-06 00:00:00+00:00 to 2020-02-06 23:59:00+00:00
2020-02-07,2020,XAU-USD_1Minute_BID_2020-02-07_00_00-23_59_Etc_UTC.csv,processed,1320,XAUUSD_5m_BID_2020-02-07.csv,2020-02-07 00:00:00+00:00 to 2020-02-07 21:59:00+00:00
2020-02-09,2020,XAU-USD_1Minute_BID_2020-02-09_00_00-23_59_Etc_UTC.csv,processed,60,XAUUSD_5m_BID_2020-02-09.csv,2020-02-09 23:00:00+00:00 to 2020-02-09 23:59:00+00:00
2020-02-10,2020,XAU-USD_1Minute_BID_2020-02-10_00_00-23_59_Etc_UTC.csv,processed,1380,XAUUSD_5m_BID_2020-02-10.csv,2020-02-10 00:00:00+00:00 to 2020-02-10 23:59:00+00:00
2020-02-11,2020,XAU-USD_1Minute_BID_2020-02-11_00_00-23_59_Etc_UTC.csv,processed,1377,XAUUSD_5m_BID_2020-02-11.csv,2020-02-11 00:00:00+00:00 to 2020-02-11 23:59:00+00:00
2020-02-12,2020,XAU-USD_1Minute_BID_2020-02-12_00_00-23_59_Etc_UTC.csv,processed,1380,XAUUSD_5m_BID_2020-02-12.csv,2020-02-12 00:00:00+00:00 to 2020-02-12 23:59:00+00:00
2020-02-13,2020,XAU-USD_1Minute_BID_2020-02-13_00_00-23_59_Etc_UTC.csv,processed,1379,XAUUSD_5m_BID_2020-02-13.csv,2020-02-13 00:00:00+00:00 to 2020-02-13 23:59:00+00:00
2020-02-14,2020,XAU-USD_1Minute_BID_2020-02-14_00_00-23_59_Etc_UTC.csv,processed,1320,XAUUSD_5m_BID_2020-02-14.csv,2020-02-14 00:00:00+00:00 to 2020-02-14 21:59:00+00:00
2020-02-16,2020,XAU-USD_1Minute_BID_2020-02-16_00_00-23_59_Etc_UTC.csv,processed,60,XAUUSD_5m_BID_2020-02-16.csv,2020-02-16 23:00:00+00:00 to 2020-02-16 23:59:00+00:00
2020-02-17,2020,XAU-USD_1Minute_BID_2020-02-17_00_00-23_59_Etc_UTC.csv,processed,1137,XAUUSD_5m_BID_2020-02-17.csv,2020-02-17 00:00:00+00:00 to 2020-02-17 23:59:00+00:00
2020-02-18,2020,XAU-USD_1Minute_BID_2020-02-18_00_00-23_59_Etc_UTC.csv,processed,1379,XAUUSD_5m_BID_2020-02-18.csv,2020-02-18 00:00:00+00:00 to 2020-02-18 23:58:00+00:00
2020-02-19,2020,XAU-USD_1Minute_BID_2020-02-19_00_00-23_59_Etc_UTC.csv,processed,1380,XAUUSD_5m_BID_2020-02-19.csv,2020-02-19 00:00:00+00:00 to 2020-02-19 23:59:00+00:00
2020-02-20,2020,XAU-USD_1Minute_BID_2020-02-20_00_00-23_59_Etc_UTC.csv,processed,1380,XAUUSD_5m_BID_2020-02-20.csv,2020-02-20 00:00:00+00:00 to 2020-02-20 23:59:00+00:00
2020-02-21,2020,XAU-USD_1Minute_BID_2020-02-21_00_00-23_59_Etc_UTC.csv,processed,1320,XAUUSD_5m_BID_2020-02-21.csv,2020-02-21 00:00:00+00:00 to 2020-02-21 21:59:00+00:00
2020-02-23,2020,XAU-USD_1Minute_BID_2020-02-23_00_00-23_59_Etc_UTC.csv,processed,60,XAUUSD_5m_BID_2020-02-23.csv,2020-02-23 23:00:00+00:00 to 2020-02-23 23:59:00+00:00
2020-02-24,2020,XAU-USD_1Minute_BID_2020-02-24_00_00-23_59_Etc_UTC.csv,processed,1380,XAUUSD_5m_BID_2020-02-24.csv,2020-02-24 00:00:00+00:00 to 2020-02-24 23:59:00+00:00
2020-02-25,2020,XAU-USD_1Minute_BID_2020-02-25_00_00-23_59_Etc_UTC.csv,processed,1380,XAUUSD_5m_BID_2020-02-25.csv,2020-02-25 00:00:00+00:00 to 2020-02-25 23:59:00+00:00
2020-02-26,2020,XAU-USD_1Minute_BID_2020-02-26_00_00-23_59_Etc_UTC.csv,processed,1380,XAUUSD_5m_BID_2020-02-26.csv,2020-02-26 00:00:00+00:00 to 2020-02-26 23:59:00+00:00
2020-02-27,2020,XAU-USD_1Minute_BID_2020-02-27_00_00-23_59_Etc_UTC.csv,processed,1380,XAUUSD_5m_BID_2020-02-27.csv,2020-02-27 00:00:00+00:00 to 2020-02-27 23:59:00+00:00
2020-02-28,2020,XAU-USD_1Minute_BID_2020-02-28_00_00-23_59_Etc_UTC.csv,processed,1320,XAUUSD_5m_BID_2020-02-28.csv,2020-02-28 00:00:00+00:00 to 2020-02-28 21:59:00+00:00
2020-03-01,2020,XAU-USD_1Minute_BID_2020-03-01_00_00-23_59_Etc_UTC.csv,processed,60,XAUUSD_5m_BID_2020-03-01.csv,2020-03-01 23:00:00+00:00 to 2020-03-01 23:59:00+00:00
2020-03-02,2020,XAU-USD_1Minute_BID_2020-03-02_00_00-23_59_Etc_UTC.csv,processed,1380,XAUUSD_5m_BID_2020-03-02.csv,2020-03-02 00:00:00+00:00 to 2020-03-02 23:59:00+00:00
2020-03-03,2020,XAU-USD_1Minute_BID_2020-03-03_00_00-23_59_Etc_UTC.csv,processed,1380,XAUUSD_5m_BID_2020-03-03.csv,2020-03-03 00:00:00+00:00 to 2020-03-03 23:59:00+00:00
2020-03-04,2020,XAU-USD_1Minute_BID_2020-03-04_00_00-23_59_Etc_UTC.csv,processed,1380,XAUUSD_5m_BID_2020-03-04.csv,2020-03-04 00:00:00+00:00 to 2020-03-04 23:59:00+00:00
2020-03-05,2020,XAU-USD_1Minute_BID_2020-03-05_00_00-23_59_Etc_UTC.csv,processed,1380,XAUUSD_5m_BID_2020-03-05.csv,2020-03-05 00:00:00+00:00 to 2020-03-05 23:59:00+00:00
2020-03-06,2020,XAU-USD_1Minute_BID_2020-03-06_00_00-23_59_Etc_UTC.csv,processed,1320,XAUUSD_5m_BID_2020-03-06.csv,2020-03-06 00:00:00+00:00 to 2020-03-06 21:59:00+00:00
2020-03-08,2020,XAU-USD_1Minute_BID_2020-03-08_00_00-23_59_Etc_UTC.csv,processed,111,XAUUSD_5m_BID_2020-03-08.csv,2020-03-08 22:01:00+00:00 to 2020-03-08 23:59:00+00:00
2020-03-09,2020,XAU-USD_1Minute_BID_2020-03-09_00_00-23_59_Etc_UTC.csv,processed,1380,XAUUSD_5m_BID_2020-03-09.csv,2020-03-09 00:00:00+00:00 to 2020-03-09 23:59:00+00:00
2020-03-10,2020,XAU-USD_1Minute_BID_2020-03-10_00_00-23_59_Etc_UTC.csv,processed,1380,XAUUSD_5m_BID_2020-03-10.csv,2020-03-10 00:00:00+00:00 to 2020-03-10 23:59:00+00:00
2020-03-11,2020,XAU-USD_1Minute_BID_2020-03-11_00_00-23_59_Etc_UTC.csv,processed,1380,XAUUSD_5m_BID_2020-03-11.csv,2020-03-11 00:00:00+00:00 to 2020-03-11 23:59:00+00:00
2020-03-12,2020,XAU-USD_1Minute_BID_2020-03-12_00_00-23_59_Etc_UTC.csv,processed,1380,XAUUSD_5m_BID_2020-03-12.csv,2020-03-12 00:00:00+00:00 to 2020-03-12 23:59:00+00:00
2020-03-13,2020,XAU-USD_1Minute_BID_2020-03-13_00_00-23_59_Etc_UTC.csv,processed,1260,XAUUSD_5m_BID_2020-03-13.csv,2020-03-13 00:00:00+00:00 to 2020-03-13 20:59:00+00:00
2020-03-15,2020,XAU-USD_1Minute_BID_2020-03-15_00_00-23_59_Etc_UTC.csv,processed,120,XAUUSD_5m_BID_2020-03-15.csv,2020-03-15 22:00:00+00:00 to 2020-03-15 23:59:00+00:00
2020-03-16,2020,XAU-USD_1Minute_BID_2020-03-16_00_00-23_59_Etc_UTC.csv,processed,1380,XAUUSD_5m_BID_2020-03-16.csv,2020-03-16 00:00:00+00:00 to 2020-03-16 23:59:00+00:00
2020-03-18,2020,XAU-USD_1Minute_BID_2020-03-18_00_00-23_59_Etc_UTC.csv,processed,1380,XAUUSD_5m_BID_2020-03-18.csv,2020-03-18 00:00:00+00:00 to 2020-03-18 23:59:00+00:00
2020-03-19,2020,XAU-USD_1Minute_BID_2020-03-19_00_00-23_59_Etc_UTC.csv,processed,1380,XAUUSD_5m_BID_2020-03-19.csv,2020-03-19 00:00:00+00:00 to 2020-03-19 23:59:00+00:00
2020-03-20,2020,XAU-USD_1Minute_BID_2020-03-20_00_00-23_59_Etc_UTC.csv,processed,1260,XAUUSD_5m_BID_2020-03-20.csv,2020-03-20 00:00:00+00:00 to 2020-03-20 20:59:00+00:00
2020-03-22,2020,XAU-USD_1Minute_BID_2020-03-22_00_00-23_59_Etc_UTC.csv,processed,120,XAUUSD_5m_BID_2020-03-22.csv,2020-03-22 22:00:00+00:00 to 2020-03-22 23:59:00+00:00
2020-03-23,2020,XAU-USD_1Minute_BID_2020-03-23_00_00-23_59_Etc_UTC.csv,processed,1380,XAUUSD_5m_BID_2020-03-23.csv,2020-03-23 00:00:00+00:00 to 2020-03-23 23:59:00+00:00
2020-03-24,2020,XAU-USD_1Minute_BID_2020-03-24_00_00-23_59_Etc_UTC.csv,processed,1364,XAUUSD_5m_BID_2020-03-24.csv,2020-03-24 00:00:00+00:00 to 2020-03-24 23:59:00+00:00
2020-03-25,2020,XAU-USD_1Minute_BID_2020-03-25_00_00-23_59_Etc_UTC.csv,processed,1370,XAUUSD_5m_BID_2020-03-25.csv,2020-03-25 00:00:00+00:00 to 2020-03-25 23:59:00+00:00
2020-03-26,2020,XAU-USD_1Minute_BID_2020-03-26_00_00-23_59_Etc_UTC.csv,processed,1380,XAUUSD_5m_BID_2020-03-26.csv,2020-03-26 00:00:00+00:00 to 2020-03-26 23:59:00+00:00
2020-03-27,2020,XAU-USD_1Minute_BID_2020-03-27_00_00-23_59_Etc_UTC.csv,processed,1260,XAUUSD_5m_BID_2020-03-27.csv,2020-03-27 00:00:00+00:00 to 2020-03-27 20:59:00+00:00
2020-03-29,2020,XAU-USD_1Minute_BID_2020-03-29_00_00-23_59_Etc_UTC.csv,processed,119,XAUUSD_5m_BID_2020-03-29.csv,2020-03-29 22:00:00+00:00 to 2020-03-29 23:59:00+00:00
2020-03-30,2020,XAU-USD_1Minute_BID_2020-03-30_00_00-23_59_Etc_UTC.csv,processed,1380,XAUUSD_5m_BID_2020-03-30.csv,2020-03-30 00:00:00+00:00 to 2020-03-30 23:59:00+00:00
2020-03-31,2020,XAU-USD_1Minute_BID_2020-03-31_00_00-23_59_Etc_UTC.csv,processed,1380,XAUUSD_5m_BID_2020-03-31.csv,2020-03-31 00:00:00+00:00 to 2020-03-31 23:59:00+00:00
2020-04-01,2020,XAU-USD_1Minute_BID_2020-04-01_00_00-23_59_Etc_UTC.csv,processed,1380,XAUUSD_5m_BID_2020-04-01.csv,2020-04-01 00:00:00+00:00 to 2020-04-01 23:59:00+00:00
2020-04-02,2020,XAU-USD_1Minute_BID_2020-04-02_00_00-23_59_Etc_UTC.csv,processed,1380,XAUUSD_5m_BID_2020-04-02.csv,2020-04-02 00:00:00+00:00 to 2020-04-02 23:59:00+00:00
2020-04-03,2020,XAU-USD_1Minute_BID_2020-04-03_00_00-23_59_Etc_UTC.csv,processed,1260,XAUUSD_5m_BID_2020-04-03.csv,2020-04-03 00:00:00+00:00 to 2020-04-03 20:59:00+00:00
2020-04-05,2020,XAU-USD_1Minute_BID_2020-04-05_00_00-23_59_Etc_UTC.csv,processed,120,XAUUSD_5m_BID_2020-04-05.csv,2020-04-05 22:00:00+00:00 to 2020-04-05 23:59:00+00:00
2020-04-07,2020,XAU-USD_1Minute_BID_2020-04-07_00_00-23_59_Etc_UTC.csv,processed,1378,XAUUSD_5m_BID_2020-04-07.csv,2020-04-07 00:00:00+00:00 to 2020-04-07 23:59:00+00:00
2020-04-08,2020,XAU-USD_1Minute_BID_2020-04-08_00_00-23_59_Etc_UTC.csv,processed,1380,XAUUSD_5m_BID_2020-04-08.csv,2020-04-08 00:00:00+00:00 to 2020-04-08 23:59:00+00:00
2020-04-09,2020,XAU-USD_1Minute_BID_2020-04-09_00_00-23_59_Etc_UTC.csv,processed,1259,XAUUSD_5m_BID_2020-04-09.csv,2020-04-09 00:00:00+00:00 to 2020-04-09 20:59:00+00:00
2020-04-12,2020,XAU-USD_1Minute_BID_2020-04-12_00_00-23_59_Etc_UTC.csv,processed,120,XAUUSD_5m_BID_2020-04-12.csv,2020-04-12 22:00:00+00:00 to 2020-04-12 23:59:00+00:00
2020-04-13,2020,XAU-USD_1Minute_BID_2020-04-13_00_00-23_59_Etc_UTC.csv,processed,1380,XAUUSD_5m_BID_2020-04-13.csv,2020-04-13 00:00:00+00:00 to 2020-04-13 23:59:00+00:00
2020-04-14,2020,XAU-USD_1Minute_BID_2020-04-14_00_00-23_59_Etc_UTC.csv,processed,1380,XAUUSD_5m_BID_2020-04-14.csv,2020-04-14 00:00:00+00:00 to 2020-04-14 23:59:00+00:00
2020-04-15,2020,XAU-USD_1Minute_BID_2020-04-15_00_00-23_59_Etc_UTC.csv,processed,1380,XAUUSD_5m_BID_2020-04-15.csv,2020-04-15 00:00:00+00:00 to 2020-04-15 23:59:00+00:00
2020-04-16,2020,XAU-USD_1Minute_BID_2020-04-16_00_00-23_59_Etc_UTC.csv,processed,1380,XAUUSD_5m_BID_2020-04-16.csv,2020-04-16 00:00:00+00:00 to 2020-04-16 23:59:00+00:00
2020-04-17,2020,XAU-USD_1Minute_BID_2020-04-17_00_00-23_59_Etc_UTC.csv,processed,1260,XAUUSD_5m_BID_2020-04-17.csv,2020-04-17 00:00:00+00:00 to 2020-04-17 20:59:00+00:00
2020-04-19,2020,XAU-USD_1Minute_BID_2020-04-19_00_00-23_59_Etc_UTC.csv,processed,120,XAUUSD_5m_BID_2020-04-19.csv,2020-04-19 22:00:00+00:00 to 2020-04-19 23:59:00+00:00
2020-04-20,2020,XAU-USD_1Minute_BID_2020-04-20_00_00-23_59_Etc_UTC.csv,processed,1380,XAUUSD_5m_BID_2020-04-20.csv,2020-04-20 00:00:00+00:00 to 2020-04-20 23:59:00+00:00
2020-04-21,2020,XAU-USD_1Minute_BID_2020-04-21_00_00-23_59_Etc_UTC.csv,processed,1380,XAUUSD_5m_BID_2020-04-21.csv,2020-04-21 00:00:00+00:00 to 2020-04-21 23:59:00+00:00
2020-04-22,2020,XAU-USD_1Minute_BID_2020-04-22_00_00-23_59_Etc_UTC.csv,processed,1380,XAUUSD_5m_BID_2020-04-22.csv,2020-04-22 00:00:00+00:00 to 2020-04-22 23:59:00+00:00
2020-04-23,2020,XAU-USD_1Minute_BID_2020-04-23_00_00-23_59_Etc_UTC.csv,processed,1380,XAUUSD_5m_BID_2020-04-23.csv,2020-04-23 00:00:00+00:00 to 2020-04-23 23:59:00+00:00
2020-04-24,2020,XAU-USD_1Minute_BID_2020-04-24_00_00-23_59_Etc_UTC.csv,processed,1259,XAUUSD_5m_BID_2020-04-24.csv,2020-04-24 00:00:00+00:00 to 2020-04-24 20:59:00+00:00
2020-04-26,2020,XAU-USD_1Minute_BID_2020-04-26_00_00-23_59_Etc_UTC.csv,processed,120,XAUUSD_5m_BID_2020-04-26.csv,2020-04-26 22:00:00+00:00 to 2020-04-26 23:59:00+00:00
2020-04-27,2020,XAU-USD_1Minute_BID_2020-04-27_00_00-23_59_Etc_UTC.csv,processed,1380,XAUUSD_5m_BID_2020-04-27.csv,2020-04-27 00:00:00+00:00 to 2020-04-27 23:59:00+00:00
2020-04-29,2020,XAU-USD_1Minute_BID_2020-04-29_00_00-23_59_Etc_UTC.csv,processed,1380,XAUUSD_5m_BID_2020-04-29.csv,2020-04-29 00:00:00+00:00 to 2020-04-29 23:59:00+00:00
2020-04-30,2020,XAU-USD_1Minute_BID_2020-04-30_00_00-23_59_Etc_UTC.csv,processed,1380,XAUUSD_5m_BID_2020-04-30.csv,2020-04-30 00:00:00+00:00 to 2020-04-30 23:59:00+00:00
2020-05-01,2020,XAU-USD_1Minute_BID_2020-05-01_00_00-23_59_Etc_UTC.csv,processed,1260,XAUUSD_5m_BID_2020-05-01.csv,2020-05-01 00:00:00+00:00 to 2020-05-01 20:59:00+00:00
2020-05-03,2020,XAU-USD_1Minute_BID_2020-05-03_00_00-23_59_Etc_UTC.csv,processed,120,XAUUSD_5m_BID_2020-05-03.csv,2020-05-03 22:00:00+00:00 to 2020-05-03 23:59:00+00:00
2020-05-04,2020,XAU-USD_1Minute_BID_2020-05-04_00_00-23_59_Etc_UTC.csv,processed,1380,XAUUSD_5m_BID_2020-05-04.csv,2020-05-04 00:00:00+00:00 to 2020-05-04 23:59:00+00:00
2020-05-05,2020,XAU-USD_1Minute_BID_2020-05-05_00_00-23_59_Etc_UTC.csv,processed,1380,XAUUSD_5m_BID_2020-05-05.csv,2020-05-05 00:00:00+00:00 to 2020-05-05 23:59:00+00:00
2020-05-06,2020,XAU-USD_1Minute_BID_2020-05-06_00_00-23_59_Etc_UTC.csv,processed,1380,XAUUSD_5m_BID_2020-05-06.csv,2020-05-06 00:00:00+00:00 to 2020-05-06 23:59:00+00:00
2020-05-07,2020,XAU-USD_1Minute_BID_2020-05-07_00_00-23_59_Etc_UTC.csv,processed,1380,XAUUSD_5m_BID_2020-05-07.csv,2020-05-07 00:00:00+00:00 to 2020-05-07 23:59:00+00:00
2020-05-08,2020,XAU-USD_1Minute_BID_2020-05-08_00_00-23_59_Etc_UTC.csv,processed,1260,XAUUSD_5m_BID_2020-05-08.csv,2020-05-08 00:00:00+00:00 to 2020-05-08 20:59:00+00:00
2020-05-10,2020,XAU-USD_1Minute_BID_2020-05-10_00_00-23_59_Etc_UTC.csv,processed,120,XAUUSD_5m_BID_2020-05-10.csv,2020-05-10 22:00:00+00:00 to 2020-05-10 23:59:00+00:00
2020-05-11,2020,XAU-USD_1Minute_BID_2020-05-11_00_00-23_59_Etc_UTC.csv,processed,1380,XAUUSD_5m_BID_2020-05-11.csv,2020-05-11 00:00:00+00:00 to 2020-05-11 23:59:00+00:00
2020-05-12,2020,XAU-USD_1Minute_BID_2020-05-12_00_00-23_59_Etc_UTC.csv,processed,1380,XAUUSD_5m_BID_2020-05-12.csv,2020-05-12 00:00:00+00:00 to 2020-05-12 23:59:00+00:00
2020-05-13,2020,XAU-USD_1Minute_BID_2020-05-13_00_00-23_59_Etc_UTC.csv,processed,1380,XAUUSD_5m_BID_2020-05-13.csv,2020-05-13 00:00:00+00:00 to 2020-05-13 23:59:00+00:00
2020-05-14,2020,XAU-USD_1Minute_BID_2020-05-14_00_00-23_59_Etc_UTC.csv,processed,1379,XAUUSD_5m_BID_2020-05-14.csv,2020-05-14 00:00:00+00:00 to 2020-05-14 23:59:00+00:00
2020-05-15,2020,XAU-USD_1Minute_BID_2020-05-15_00_00-23_59_Etc_UTC.csv,processed,1260,XAUUSD_5m_BID_2020-05-15.csv,2020-05-15 00:00:00+00:00 to 2020-05-15 20:59:00+00:00
2020-05-17,2020,XAU-USD_1Minute_BID_2020-05-17_00_00-23_59_Etc_UTC.csv,processed,120,XAUUSD_5m_BID_2020-05-17.csv,2020-05-17 22:00:00+00:00 to 2020-05-17 23:59:00+00:00
2020-05-18,2020,XAU-USD_1Minute_BID_2020-05-18_00_00-23_59_Etc_UTC.csv,processed,1380,XAUUSD_5m_BID_2020-05-18.csv,2020-05-18 00:00:00+00:00 to 2020-05-18 23:59:00+00:00
2020-05-19,2020,XAU-USD_1Minute_BID_2020-05-19_00_00-23_59_Etc_UTC.csv,processed,1379,XAUUSD_5m_BID_2020-05-19.csv,2020-05-19 00:00:00+00:00 to 2020-05-19 23:59:00+00:00
2020-05-20,2020,XAU-USD_1Minute_BID_2020-05-20_00_00-23_59_Etc_UTC.csv,processed,1380,XAUUSD_5m_BID_2020-05-20.csv,2020-05-20 00:00:00+00:00 to 2020-05-20 23:59:00+00:00
2020-05-21,2020,XAU-USD_1Minute_BID_2020-05-21_00_00-23_59_Etc_UTC.csv,processed,1380,XAUUSD_5m_BID_2020-05-21.csv,2020-05-21 00:00:00+00:00 to 2020-05-21 23:59:00+00:00
2020-05-22,2020,XAU-USD_1Minute_BID_2020-05-22_00_00-23_59_Etc_UTC.csv,processed,1260,XAUUSD_5m_BID_2020-05-22.csv,2020-05-22 00:00:00+00:00 to 2020-05-22 20:59:00+00:00
2020-05-24,2020,XAU-USD_1Minute_BID_2020-05-24_00_00-23_59_Etc_UTC.csv,processed,120,XAUUSD_5m_BID_2020-05-24.csv,2020-05-24 22:00:00+00:00 to 2020-05-24 23:59:00+00:00
2020-05-25,2020,XAU-USD_1Minute_BID_2020-05-25_00_00-23_59_Etc_UTC.csv,processed,1140,XAUUSD_5m_BID_2020-05-25.csv,2020-05-25 00:00:00+00:00 to 2020-05-25 23:59:00+00:00
2020-05-26,2020,XAU-USD_1Minute_BID_2020-05-26_00_00-23_59_Etc_UTC.csv,processed,1380,XAUUSD_5m_BID_2020-05-26.csv,2020-05-26 00:00:00+00:00 to 2020-05-26 23:59:00+00:00
2020-05-27,2020,XAU-USD_1Minute_BID_2020-05-27_00_00-23_59_Etc_UTC.csv,processed,1380,XAUUSD_5m_BID_2020-05-27.csv,2020-05-27 00:00:00+00:00 to 2020-05-27 23:59:00+00:00
2020-05-28,2020,XAU-USD_1Minute_BID_2020-05-28_00_00-23_59_Etc_UTC.csv,processed,1380,XAUUSD_5m_BID_2020-05-28.csv,2020-05-28 00:00:00+00:00 to 2020-05-28 23:59:00+00:00
2020-05-29,2020,XAU-USD_1Minute_BID_2020-05-29_00_00-23_59_Etc_UTC.csv,processed,1260,XAUUSD_5m_BID_2020-05-29.csv,2020-05-29 00:00:00+00:00 to 2020-05-29 20:59:00+00:00
2020-05-31,2020,XAU-USD_1Minute_BID_2020-05-31_00_00-23_59_Etc_UTC.csv,processed,120,XAUUSD_5m_BID_2020-05-31.csv,2020-05-31 22:00:00+00:00 to 2020-05-31 23:59:00+00:00
2020-06-01,2020,XAU-USD_1Minute_BID_2020-06-01_00_00-23_59_Etc_UTC.csv,processed,1380,XAUUSD_5m_BID_2020-06-01.csv,2020-06-01 00:00:00+00:00 to 2020-06-01 23:59:00+00:00
2020-06-02,2020,XAU-USD_1Minute_BID_2020-06-02_00_00-23_59_Etc_UTC.csv,processed,1380,XAUUSD_5m_BID_2020-06-02.csv,2020-06-02 00:00:00+00:00 to 2020-06-02 23:59:00+00:00
2020-06-03,2020,XAU-USD_1Minute_BID_2020-06-03_00_00-23_59_Etc_UTC.csv,processed,1380,XAUUSD_5m_BID_2020-06-03.csv,2020-06-03 00:00:00+00:00 to 2020-06-03 23:59:00+00:00
2020-06-04,2020,XAU-USD_1Minute_BID_2020-06-04_00_00-23_59_Etc_UTC.csv,processed,1380,XAUUSD_5m_BID_2020-06-04.csv,2020-06-04 00:00:00+00:00 to 2020-06-04 23:59:00+00:00
2020-06-05,2020,XAU-USD_1Minute_BID_2020-06-05_00_00-23_59_Etc_UTC.csv,processed,1260,XAUUSD_5m_BID_2020-06-05.csv,2020-06-05 00:00:00+00:00 to 2020-06-05 20:59:00+00:00
2020-06-07,2020,XAU-USD_1Minute_BID_2020-06-07_00_00-23_59_Etc_UTC.csv,processed,120,XAUUSD_5m_BID_2020-06-07.csv,2020-06-07 22:00:00+00:00 to 2020-06-07 23:59:00+00:00
2020-06-08,2020,XAU-USD_1Minute_BID_2020-06-08_00_00-23_59_Etc_UTC.csv,processed,1380,XAUUSD_5m_BID_2020-06-08.csv,2020-06-08 00:00:00+00:00 to 2020-06-08 23:59:00+00:00
2020-06-09,2020,XAU-USD_1Minute_BID_2020-06-09_00_00-23_59_Etc_UTC.csv,processed,1380,XAUUSD_5m_BID_2020-06-09.csv,2020-06-09 00:00:00+00:00 to 2020-06-09 23:59:00+00:00
2020-06-10,2020,XAU-USD_1Minute_BID_2020-06-10_00_00-23_59_Etc_UTC.csv,processed,1379,XAUUSD_5m_BID_2020-06-10.csv,2020-06-10 00:00:00+00:00 to 2020-06-10 23:59:00+00:00
2020-06-11,2020,XAU-USD_1Minute_BID_2020-06-11_00_00-23_59_Etc_UTC.csv,processed,1380,XAUUSD_5m_BID_2020-06-11.csv,2020-06-11 00:00:00+00:00 to 2020-06-11 23:59:00+00:00
2020-06-12,2020,XAU-USD_1Minute_BID_2020-06-12_00_00-23_59_Etc_UTC.csv,processed,1260,XAUUSD_5m_BID_2020-06-12.csv,2020-06-12 00:00:00+00:00 to 2020-06-12 20:59:00+00:00
2020-06-14,2020,XAU-USD_1Minute_BID_2020-06-14_00_00-23_59_Etc_UTC.csv,processed,120,XAUUSD_5m_BID_2020-06-14.csv,2020-06-14 22:00:00+00:00 to 2020-06-14 23:59:00+00:00
2020-06-15,2020,XAU-USD_1Minute_BID_2020-06-15_00_00-23_59_Etc_UTC.csv,processed,1380,XAUUSD_5m_BID_2020-06-15.csv,2020-06-15 00:00:00+00:00 to 2020-06-15 23:59:00+00:00
2020-06-16,2020,XAU-USD_1Minute_BID_2020-06-16_00_00-23_59_Etc_UTC.csv,processed,1380,XAUUSD_5m_BID_2020-06-16.csv,2020-06-16 00:00:00+00:00 to 2020-06-16 23:59:00+00:00
2020-06-17,2020,XAU-USD_1Minute_BID_2020-06-17_00_00-23_59_Etc_UTC.csv,processed,1380,XAUUSD_5m_BID_2020-06-17.csv,2020-06-17 00:00:00+00:00 to 2020-06-17 23:59:00+00:00
2020-06-18,2020,XAU-USD_1Minute_BID_2020-06-18_00_00-23_59_Etc_UTC.csv,processed,1380,XAUUSD_5m_BID_2020-06-18.csv,2020-06-18 00:00:00+00:00 to 2020-06-18 23:59:00+00:00
2020-06-19,2020,XAU-USD_1Minute_BID_2020-06-19_00_00-23_59_Etc_UTC.csv,processed,1260,XAUUSD_5m_BID_2020-06-19.csv,2020-06-19 00:00:00+00:00 to 2020-06-19 20:59:00+00:00
2020-06-21,2020,XAU-USD_1Minute_BID_2020-06-21_00_00-23_59_Etc_UTC.csv,processed,120,XAUUSD_5m_BID_2020-06-21.csv,2020-06-21 22:00:00+00:00 to 2020-06-21 23:59:00+00:00
2020-06-22,2020,XAU-USD_1Minute_BID_2020-06-22_00_00-23_59_Etc_UTC.csv,processed,1380,XAUUSD_5m_BID_2020-06-22.csv,2020-06-22 00:00:00+00:00 to 2020-06-22 23:59:00+00:00
2020-06-23,2020,XAU-USD_1Minute_BID_2020-06-23_00_00-23_59_Etc_UTC.csv,processed,1380,XAUUSD_5m_BID_2020-06-23.csv,2020-06-23 00:00:00+00:00 to 2020-06-23 23:59:00+00:00
2020-06-24,2020,XAU-USD_1Minute_BID_2020-06-24_00_00-23_59_Etc_UTC.csv,processed,1380,XAUUSD_5m_BID_2020-06-24.csv,2020-06-24 00:00:00+00:00 to 2020-06-24 23:59:00+00:00
2020-06-25,2020,XAU-USD_1Minute_BID_2020-06-25_00_00-23_59_Etc_UTC.csv,processed,1379,XAUUSD_5m_BID_2020-06-25.csv,2020-06-25 00:00:00+00:00 to 2020-06-25 23:59:00+00:00
2020-06-26,2020,XAU-USD_1Minute_BID_2020-06-26_00_00-23_59_Etc_UTC.csv,processed,1260,XAUUSD_5m_BID_2020-06-26.csv,2020-06-26 00:00:00+00:00 to 2020-06-26 20:59:00+00:00
2020-06-28,2020,XAU-USD_1Minute_BID_2020-06-28_00_00-23_59_Etc_UTC.csv,processed,120,XAUUSD_5m_BID_2020-06-28.csv,2020-06-28 22:00:00+00:00 to 2020-06-28 23:59:00+00:00
2020-06-29,2020,XAU-USD_1Minute_BID_2020-06-29_00_00-23_59_Etc_UTC.csv,processed,1379,XAUUSD_5m_BID_2020-06-29.csv,2020-06-29 00:00:00+00:00 to 2020-06-29 23:59:00+00:00
2020-06-30,2020,XAU-USD_1Minute_BID_2020-06-30_00_00-23_59_Etc_UTC.csv,processed,1380,XAUUSD_5m_BID_2020-06-30.csv,2020-06-30 00:00:00+00:00 to 2020-06-30 23:59:00+00:00
2020-07-01,2020,XAU-USD_1Minute_BID_2020-07-01_00_00-23_59_Etc_UTC.csv,processed,1380,XAUUSD_5m_BID_2020-07-01.csv,2020-07-01 00:00:00+00:00 to 2020-07-01 23:59:00+00:00
2020-07-02,2020,XAU-USD_1Minute_BID_2020-07-02_00_00-23_59_Etc_UTC.csv,processed,1380,XAUUSD_5m_BID_2020-07-02.csv,2020-07-02 00:00:00+00:00 to 2020-07-02 23:59:00+00:00
2020-07-03,2020,XAU-USD_1Minute_BID_2020-07-03_00_00-23_59_Etc_UTC.csv,processed,1020,XAUUSD_5m_BID_2020-07-03.csv,2020-07-03 00:00:00+00:00 to 2020-07-03 16:59:00+00:00
2020-07-05,2020,XAU-USD_1Minute_BID_2020-07-05_00_00-23_59_Etc_UTC.csv,processed,120,XAUUSD_5m_BID_2020-07-05.csv,2020-07-05 22:00:00+00:00 to 2020-07-05 23:59:00+00:00
2020-07-06,2020,XAU-USD_1Minute_BID_2020-07-06_00_00-23_59_Etc_UTC.csv,processed,1380,XAUUSD_5m_BID_2020-07-06.csv,2020-07-06 00:00:00+00:00 to 2020-07-06 23:59:00+00:00
2020-07-07,2020,XAU-USD_1Minute_BID_2020-07-07_00_00-23_59_Etc_UTC.csv,processed,1380,XAUUSD_5m_BID_2020-07-07.csv,2020-07-07 00:00:00+00:00 to 2020-07-07 23:59:00+00:00
2020-07-09,2020,XAU-USD_1Minute_BID_2020-07-09_00_00-23_59_Etc_UTC.csv,processed,1380,XAUUSD_5m_BID_2020-07-09.csv,2020-07-09 00:00:00+00:00 to 2020-07-09 23:59:00+00:00
2020-07-10,2020,XAU-USD_1Minute_BID_2020-07-10_00_00-23_59_Etc_UTC.csv,processed,1259,XAUUSD_5m_BID_2020-07-10.csv,2020-07-10 00:00:00+00:00 to 2020-07-10 20:59:00+00:00
2020-07-12,2020,XAU-USD_1Minute_BID_2020-07-12_00_00-23_59_Etc_UTC.csv,processed,120,XAUUSD_5m_BID_2020-07-12.csv,2020-07-12 22:00:00+00:00 to 2020-07-12 23:59:00+00:00
2020-07-13,2020,XAU-USD_1Minute_BID_2020-07-13_00_00-23_59_Etc_UTC.csv,processed,1376,XAUUSD_5m_BID_2020-07-13.csv,2020-07-13 00:00:00+00:00 to 2020-07-13 23:59:00+00:00
2020-07-14,2020,XAU-USD_1Minute_BID_2020-07-14_00_00-23_59_Etc_UTC.csv,processed,1380,XAUUSD_5m_BID_2020-07-14.csv,2020-07-14 00:00:00+00:00 to 2020-07-14 23:59:00+00:00
2020-07-15,2020,XAU-USD_1Minute_BID_2020-07-15_00_00-23_59_Etc_UTC.csv,processed,1378,XAUUSD_5m_BID_2020-07-15.csv,2020-07-15 00:00:00+00:00 to 2020-07-15 23:59:00+00:00
2020-07-16,2020,XAU-USD_1Minute_BID_2020-07-16_00_00-23_59_Etc_UTC.csv,processed,1379,XAUUSD_5m_BID_2020-07-16.csv,2020-07-16 00:00:00+00:00 to 2020-07-16 23:59:00+00:00
2020-07-17,2020,XAU-USD_1Minute_BID_2020-07-17_00_00-23_59_Etc_UTC.csv,processed,1260,XAUUSD_5m_BID_2020-07-17.csv,2020-07-17 00:00:00+00:00 to 2020-07-17 20:59:00+00:00
2020-07-19,2020,XAU-USD_1Minute_BID_2020-07-19_00_00-23_59_Etc_UTC.csv,processed,120,XAUUSD_5m_BID_2020-07-19.csv,2020-07-19 22:00:00+00:00 to 2020-07-19 23:59:00+00:00
2020-07-20,2020,XAU-USD_1Minute_BID_2020-07-20_00_00-23_59_Etc_UTC.csv,processed,1380,XAUUSD_5m_BID_2020-07-20.csv,2020-07-20 00:00:00+00:00 to 2020-07-20 23:59:00+00:00
2020-07-21,2020,XAU-USD_1Minute_BID_2020-07-21_00_00-23_59_Etc_UTC.csv,processed,1380,XAUUSD_5m_BID_2020-07-21.csv,2020-07-21 00:00:00+00:00 to 2020-07-21 23:59:00+00:00
2020-07-22,2020,XAU-USD_1Minute_BID_2020-07-22_00_00-23_59_Etc_UTC.csv,processed,1380,XAUUSD_5m_BID_2020-07-22.csv,2020-07-22 00:00:00+00:00 to 2020-07-22 23:59:00+00:00
2020-07-23,2020,XAU-USD_1Minute_BID_2020-07-23_00_00-23_59_Etc_UTC.csv,processed,1380,XAUUSD_5m_BID_2020-07-23.csv,2020-07-23 00:00:00+00:00 to 2020-07-23 23:59:00+00:00
2020-07-24,2020,XAU-USD_1Minute_BID_2020-07-24_00_00-23_59_Etc_UTC.csv,processed,1260,XAUUSD_5m_BID_2020-07-24.csv,2020-07-24 00:00:00+00:00 to 2020-07-24 20:59:00+00:00
2020-07-26,2020,XAU-USD_1Minute_BID_2020-07-26_00_00-23_59_Etc_UTC.csv,processed,120,XAUUSD_5m_BID_2020-07-26.csv,2020-07-26 22:00:00+00:00 to 2020-07-26 23:59:00+00:00
2020-07-27,2020,XAU-USD_1Minute_BID_2020-07-27_00_00-23_59_Etc_UTC.csv,processed,1380,XAUUSD_5m_BID_2020-07-27.csv,2020-07-27 00:00:00+00:00 to 2020-07-27 23:59:00+00:00
2020-07-28,2020,XAU-USD_1Minute_BID_2020-07-28_00_00-23_59_Etc_UTC.csv,processed,1380,XAUUSD_5m_BID_2020-07-28.csv,2020-07-28 00:00:00+00:00 to 2020-07-28 23:59:00+00:00
2020-07-29,2020,XAU-USD_1Minute_BID_2020-07-29_00_00-23_59_Etc_UTC.csv,processed,1380,XAUUSD_5m_BID_2020-07-29.csv,2020-07-29 00:00:00+00:00 to 2020-07-29 23:59:00+00:00
2020-07-30,2020,XAU-USD_1Minute_BID_2020-07-30_00_00-23_59_Etc_UTC.csv,processed,1380,XAUUSD_5m_BID_2020-07-30.csv,2020-07-30 00:00:00+00:00 to 2020-07-30 23:59:00+00:00
2020-07-31,2020,XAU-USD_1Minute_BID_2020-07-31_00_00-23_59_Etc_UTC.csv,processed,1260,XAUUSD_5m_BID_2020-07-31.csv,2020-07-31 00:00:00+00:00 to 2020-07-31 20:59:00+00:00
2020-08-02,2020,XAU-USD_1Minute_BID_2020-08-02_00_00-23_59_Etc_UTC.csv,processed,120,XAUUSD_5m_BID_2020-08-02.csv,2020-08-02 22:00:00+00:00 to 2020-08-02 23:59:00+00:00
2020-08-03,2020,XAU-USD_1Minute_BID_2020-08-03_00_00-23_59_Etc_UTC.csv,processed,1380,XAUUSD_5m_BID_2020-08-03.csv,2020-08-03 00:00:00+00:00 to 2020-08-03 23:59:00+00:00
2020-08-04,2020,XAU-USD_1Minute_BID_2020-08-04_00_00-23_59_Etc_UTC.csv,processed,1380,XAUUSD_5m_BID_2020-08-04.csv,2020-08-04 00:00:00+00:00 to 2020-08-04 23:59:00+00:00
2020-08-05,2020,XAU-USD_1Minute_BID_2020-08-05_00_00-23_59_Etc_UTC.csv,processed,1380,XAUUSD_5m_BID_2020-08-05.csv,2020-08-05 00:00:00+00:00 to 2020-08-05 23:59:00+00:00
2020-08-06,2020,XAU-USD_1Minute_BID_2020-08-06_00_00-23_59_Etc_UTC.csv,processed,1380,XAUUSD_5m_BID_2020-08-06.csv,2020-08-06 00:00:00+00:00 to 2020-08-06 23:59:00+00:00
2020-08-07,2020,XAU-USD_1Minute_BID_2020-08-07_00_00-23_59_Etc_UTC.csv,processed,1260,XAUUSD_5m_BID_2020-08-07.csv,2020-08-07 00:00:00+00:00 to 2020-08-07 20:59:00+00:00
2020-08-09,2020,XAU-USD_1Minute_BID_2020-08-09_00_00-23_59_Etc_UTC.csv,processed,120,XAUUSD_5m_BID_2020-08-09.csv,2020-08-09 22:00:00+00:00 to 2020-08-09 23:59:00+00:00
2020-08-10,2020,XAU-USD_1Minute_BID_2020-08-10_00_00-23_59_Etc_UTC.csv,processed,1380,XAUUSD_5m_BID_2020-08-10.csv,2020-08-10 00:00:00+00:00 to 2020-08-10 23:59:00+00:00
2020-08-11,2020,XAU-USD_1Minute_BID_2020-08-11_00_00-23_59_Etc_UTC.csv,processed,1380,XAUUSD_5m_BID_2020-08-11.csv,2020-08-11 00:00:00+00:00 to 2020-08-11 23:59:00+00:00
2020-08-12,2020,XAU-USD_1Minute_BID_2020-08-12_00_00-23_59_Etc_UTC.csv,processed,1380,XAUUSD_5m_BID_2020-08-12.csv,2020-08-12 00:00:00+00:00 to 2020-08-12 23:59:00+00:00
2020-08-13,2020,XAU-USD_1Minute_BID_2020-08-13_00_00-23_59_Etc_UTC.csv,processed,1380,XAUUSD_5m_BID_2020-08-13.csv,2020-08-13 00:00:00+00:00 to 2020-08-13 23:59:00+00:00
2020-08-14,2020,XAU-USD_1Minute_BID_2020-08-14_00_00-23_59_Etc_UTC.csv,processed,1260,XAUUSD_5m_BID_2020-08-14.csv,2020-08-14 00:00:00+00:00 to 2020-08-14 20:59:00+00:00
2020-08-16,2020,XAU-USD_1Minute_BID_2020-08-16_00_00-23_59_Etc_UTC.csv,processed,120,XAUUSD_5m_BID_2020-08-16.csv,2020-08-16 22:00:00+00:00 to 2020-08-16 23:59:00+00:00
2020-08-17,2020,XAU-USD_1Minute_BID_2020-08-17_00_00-23_59_Etc_UTC.csv,processed,1380,XAUUSD_5m_BID_2020-08-17.csv,2020-08-17 00:00:00+00:00 to 2020-08-17 23:59:00+00:00
2020-08-18,2020,XAU-USD_1Minute_BID_2020-08-18_00_00-23_59_Etc_UTC.csv,processed,1380,XAUUSD_5m_BID_2020-08-18.csv,2020-08-18 00:00:00+00:00 to 2020-08-18 23:59:00+00:00
2020-08-19,2020,XAU-USD_1Minute_BID_2020-08-19_00_00-23_59_Etc_UTC.csv,processed,1380,XAUUSD_5m_BID_2020-08-19.csv,2020-08-19 00:00:00+00:00 to 2020-08-19 23:59:00+00:00
2020-08-20,2020,XAU-USD_1Minute_BID_2020-08-20_00_00-23_59_Etc_UTC.csv,processed,1380,XAUUSD_5m_BID_2020-08-20.csv,2020-08-20 00:00:00+00:00 to 2020-08-20 23:59:00+00:00
2020-08-21,2020,XAU-USD_1Minute_BID_2020-08-21_00_00-23_59_Etc_UTC.csv,processed,1260,XAUUSD_5m_BID_2020-08-21.csv,2020-08-21 00:00:00+00:00 to 2020-08-21 20:59:00+00:00
2020-08-23,2020,XAU-USD_1Minute_BID_2020-08-23_00_00-23_59_Etc_UTC.csv,processed,120,XAUUSD_5m_BID_2020-08-23.csv,2020-08-23 22:00:00+00:00 to 2020-08-23 23:59:00+00:00
2020-08-24,2020,XAU-USD_1Minute_BID_2020-08-24_00_00-23_59_Etc_UTC.csv,processed,1380,XAUUSD_5m_BID_2020-08-24.csv,2020-08-24 00:00:00+00:00 to 2020-08-24 23:59:00+00:00
2020-08-25,2020,XAU-USD_1Minute_BID_2020-08-25_00_00-23_59_Etc_UTC.csv,processed,1380,XAUUSD_5m_BID_2020-08-25.csv,2020-08-25 00:00:00+00:00 to 2020-08-25 23:59:00+00:00
2020-08-26,2020,XAU-USD_1Minute_BID_2020-08-26_00_00-23_59_Etc_UTC.csv,processed,1380,XAUUSD_5m_BID_2020-08-26.csv,2020-08-26 00:00:00+00:00 to 2020-08-26 23:59:00+00:00
2020-08-27,2020,XAU-USD_1Minute_BID_2020-08-27_00_00-23_59_Etc_UTC.csv,processed,1380,XAUUSD_5m_BID_2020-08-27.csv,2020-08-27 00:00:00+00:00 to 2020-08-27 23:59:00+00:00
2020-08-28,2020,XAU-USD_1Minute_BID_2020-08-28_00_00-23_59_Etc_UTC.csv,processed,1260,XAUUSD_5m_BID_2020-08-28.csv,2020-08-28 00:00:00+00:00 to 2020-08-28 20:59:00+00:00
2020-08-30,2020,XAU-USD_1Minute_BID_2020-08-30_00_00-23_59_Etc_UTC.csv,processed,120,XAUUSD_5m_BID_2020-08-30.csv,2020-08-30 22:00:00+00:00 to 2020-08-30 23:59:00+00:00
2020-08-31,2020,XAU-USD_1Minute_BID_2020-08-31_00_00-23_59_Etc_UTC.csv,processed,1380,XAUUSD_5m_BID_2020-08-31.csv,2020-08-31 00:00:00+00:00 to 2020-08-31 23:59:00+00:00
2020-09-01,2020,XAU-USD_1Minute_BID_2020-09-01_00_00-23_59_Etc_UTC.csv,processed,1380,XAUUSD_5m_BID_2020-09-01.csv,2020-09-01 00:00:00+00:00 to 2020-09-01 23:59:00+00:00
2020-09-02,2020,XAU-USD_1Minute_BID_2020-09-02_00_00-23_59_Etc_UTC.csv,processed,1380,XAUUSD_5m_BID_2020-09-02.csv,2020-09-02 00:00:00+00:00 to 2020-09-02 23:59:00+00:00
2020-09-03,2020,XAU-USD_1Minute_BID_2020-09-03_00_00-23_59_Etc_UTC.csv,processed,1380,XAUUSD_5m_BID_2020-09-03.csv,2020-09-03 00:00:00+00:00 to 2020-09-03 23:59:00+00:00
2020-09-04,2020,XAU-USD_1Minute_BID_2020-09-04_00_00-23_59_Etc_UTC.csv,processed,1260,XAUUSD_5m_BID_2020-09-04.csv,2020-09-04 00:00:00+00:00 to 2020-09-04 20:59:00+00:00
2020-09-06,2020,XAU-USD_1Minute_BID_2020-09-06_00_00-23_59_Etc_UTC.csv,processed,120,XAUUSD_5m_BID_2020-09-06.csv,2020-09-06 22:00:00+00:00 to 2020-09-06 23:59:00+00:00
2020-09-07,2020,XAU-USD_1Minute_BID_2020-09-07_00_00-23_59_Etc_UTC.csv,processed,1140,XAUUSD_5m_BID_2020-09-07.csv,2020-09-07 00:00:00+00:00 to 2020-09-07 23:59:00+00:00
2020-09-08,2020,XAU-USD_1Minute_BID_2020-09-08_00_00-23_59_Etc_UTC.csv,processed,1380,XAUUSD_5m_BID_2020-09-08.csv,2020-09-08 00:00:00+00:00 to 2020-09-08 23:59:00+00:00
2020-09-09,2020,XAU-USD_1Minute_BID_2020-09-09_00_00-23_59_Etc_UTC.csv,processed,1380,XAUUSD_5m_BID_2020-09-09.csv,2020-09-09 00:00:00+00:00 to 2020-09-09 23:59:00+00:00
2020-09-10,2020,XAU-USD_1Minute_BID_2020-09-10_00_00-23_59_Etc_UTC.csv,processed,1380,XAUUSD_5m_BID_2020-09-10.csv,2020-09-10 00:00:00+00:00 to 2020-09-10 23:59:00+00:00
2020-09-11,2020,XAU-USD_1Minute_BID_2020-09-11_00_00-23_59_Etc_UTC.csv,processed,1260,XAUUSD_5m_BID_2020-09-11.csv,2020-09-11 00:00:00+00:00 to 2020-09-11 20:59:00+00:00
2020-09-13,2020,XAU-USD_1Minute_BID_2020-09-13_00_00-23_59_Etc_UTC.csv,processed,120,XAUUSD_5m_BID_2020-09-13.csv,2020-09-13 22:00:00+00:00 to 2020-09-13 23:59:00+00:00
2020-09-14,2020,XAU-USD_1Minute_BID_2020-09-14_00_00-23_59_Etc_UTC.csv,processed,1376,XAUUSD_5m_BID_2020-09-14.csv,2020-09-14 00:00:00+00:00 to 2020-09-14 23:59:00+00:00
2020-09-15,2020,XAU-USD_1Minute_BID_2020-09-15_00_00-23_59_Etc_UTC.csv,processed,1380,XAUUSD_5m_BID_2020-09-15.csv,2020-09-15 00:00:00+00:00 to 2020-09-15 23:59:00+00:00
2020-09-16,2020,XAU-USD_1Minute_BID_2020-09-16_00_00-23_59_Etc_UTC.csv,processed,1380,XAUUSD_5m_BID_2020-09-16.csv,2020-09-16 00:00:00+00:00 to 2020-09-16 23:59:00+00:00
2020-09-17,2020,XAU-USD_1Minute_BID_2020-09-17_00_00-23_59_Etc_UTC.csv,processed,1380,XAUUSD_5m_BID_2020-09-17.csv,2020-09-17 00:00:00+00:00 to 2020-09-17 23:59:00+00:00
2020-09-18,2020,XAU-USD_1Minute_BID_2020-09-18_00_00-23_59_Etc_UTC.csv,processed,1260,XAUUSD_5m_BID_2020-09-18.csv,2020-09-18 00:00:00+00:00 to 2020-09-18 20:59:00+00:00
2020-09-20,2020,XAU-USD_1Minute_BID_2020-09-20_00_00-23_59_Etc_UTC.csv,processed,120,XAUUSD_5m_BID_2020-09-20.csv,2020-09-20 22:00:00+00:00 to 2020-09-20 23:59:00+00:00
2020-09-21,2020,XAU-USD_1Minute_BID_2020-09-21_00_00-23_59_Etc_UTC.csv,processed,1380,XAUUSD_5m_BID_2020-09-21.csv,2020-09-21 00:00:00+00:00 to 2020-09-21 23:59:00+00:00
2020-09-22,2020,XAU-USD_1Minute_BID_2020-09-22_00_00-23_59_Etc_UTC.csv,processed,1380,XAUUSD_5m_BID_2020-09-22.csv,2020-09-22 00:00:00+00:00 to 2020-09-22 23:59:00+00:00
2020-09-23,2020,XAU-USD_1Minute_BID_2020-09-23_00_00-23_59_Etc_UTC.csv,processed,1380,XAUUSD_5m_BID_2020-09-23.csv,2020-09-23 00:00:00+00:00 to 2020-09-23 23:59:00+00:00
2020-09-24,2020,XAU-USD_1Minute_BID_2020-09-24_00_00-23_59_Etc_UTC.csv,processed,1380,XAUUSD_5m_BID_2020-09-24.csv,2020-09-24 00:00:00+00:00 to 2020-09-24 23:59:00+00:00
2020-09-25,2020,XAU-USD_1Minute_BID_2020-09-25_00_00-23_59_Etc_UTC.csv,processed,1260,XAUUSD_5m_BID_2020-09-25.csv,2020-09-25 00:00:00+00:00 to 2020-09-25 20:59:00+00:00
2020-09-27,2020,XAU-USD_1Minute_BID_2020-09-27_00_00-23_59_Etc_UTC.csv,processed,120,XAUUSD_5m_BID_2020-09-27.csv,2020-09-27 22:00:00+00:00 to 2020-09-27 23:59:00+00:00
2020-09-28,2020,XAU-USD_1Minute_BID_2020-09-28_00_00-23_59_Etc_UTC.csv,processed,1380,XAUUSD_5m_BID_2020-09-28.csv,2020-09-28 00:00:00+00:00 to 2020-09-28 23:59:00+00:00
2020-09-29,2020,XAU-USD_1Minute_BID_2020-09-29_00_00-23_59_Etc_UTC.csv,processed,1380,XAUUSD_5m_BID_2020-09-29.csv,2020-09-29 00:00:00+00:00 to 2020-09-29 23:59:00+00:00
2020-09-30,2020,XAU-USD_1Minute_BID_2020-09-30_00_00-23_59_Etc_UTC.csv,processed,1380,XAUUSD_5m_BID_2020-09-30.csv,2020-09-30 00:00:00+00:00 to 2020-09-30 23:59:00+00:00
2020-10-01,2020,XAU-USD_1Minute_BID_2020-10-01_00_00-23_59_Etc_UTC.csv,processed,1380,XAUUSD_5m_BID_2020-10-01.csv,2020-10-01 00:00:00+00:00 to 2020-10-01 23:59:00+00:00
2020-10-02,2020,XAU-USD_1Minute_BID_2020-10-02_00_00-23_59_Etc_UTC.csv,processed,1260,XAUUSD_5m_BID_2020-10-02.csv,2020-10-02 00:00:00+00:00 to 2020-10-02 20:59:00+00:00
2020-10-04,2020,XAU-USD_1Minute_BID_2020-10-04_00_00-23_59_Etc_UTC.csv,processed,120,XAUUSD_5m_BID_2020-10-04.csv,2020-10-04 22:00:00+00:00 to 2020-10-04 23:59:00+00:00
2020-10-05,2020,XAU-USD_1Minute_BID_2020-10-05_00_00-23_59_Etc_UTC.csv,processed,1379,XAUUSD_5m_BID_2020-10-05.csv,2020-10-05 00:00:00+00:00 to 2020-10-05 23:59:00+00:00
2020-10-06,2020,XAU-USD_1Minute_BID_2020-10-06_00_00-23_59_Etc_UTC.csv,processed,1380,XAUUSD_5m_BID_2020-10-06.csv,2020-10-06 00:00:00+00:00 to 2020-10-06 23:59:00+00:00
2020-10-07,2020,XAU-USD_1Minute_BID_2020-10-07_00_00-23_59_Etc_UTC.csv,processed,1380,XAUUSD_5m_BID_2020-10-07.csv,2020-10-07 00:00:00+00:00 to 2020-10-07 23:59:00+00:00
2020-10-08,2020,XAU-USD_1Minute_BID_2020-10-08_00_00-23_59_Etc_UTC.csv,processed,1380,XAUUSD_5m_BID_2020-10-08.csv,2020-10-08 00:00:00+00:00 to 2020-10-08 23:59:00+00:00
2020-10-09,2020,XAU-USD_1Minute_BID_2020-10-09_00_00-23_59_Etc_UTC.csv,processed,1260,XAUUSD_5m_BID_2020-10-09.csv,2020-10-09 00:00:00+00:00 to 2020-10-09 20:59:00+00:00
2020-10-11,2020,XAU-USD_1Minute_BID_2020-10-11_00_00-23_59_Etc_UTC.csv,processed,120,XAUUSD_5m_BID_2020-10-11.csv,2020-10-11 22:00:00+00:00 to 2020-10-11 23:59:00+00:00
2020-10-12,2020,XAU-USD_1Minute_BID_2020-10-12_00_00-23_59_Etc_UTC.csv,processed,1380,XAUUSD_5m_BID_2020-10-12.csv,2020-10-12 00:00:00+00:00 to 2020-10-12 23:59:00+00:00
2020-10-13,2020,XAU-USD_1Minute_BID_2020-10-13_00_00-23_59_Etc_UTC.csv,processed,1380,XAUUSD_5m_BID_2020-10-13.csv,2020-10-13 00:00:00+00:00 to 2020-10-13 23:59:00+00:00
2020-10-14,2020,XAU-USD_1Minute_BID_2020-10-14_00_00-23_59_Etc_UTC.csv,processed,1380,XAUUSD_5m_BID_2020-10-14.csv,2020-10-14 00:00:00+00:00 to 2020-10-14 23:59:00+00:00
2020-10-15,2020,XAU-USD_1Minute_BID_2020-10-15_00_00-23_59_Etc_UTC.csv,processed,1380,XAUUSD_5m_BID_2020-10-15.csv,2020-10-15 00:00:00+00:00 to 2020-10-15 23:59:00+00:00
2020-10-16,2020,XAU-USD_1Minute_BID_2020-10-16_00_00-23_59_Etc_UTC.csv,processed,1260,XAUUSD_5m_BID_2020-10-16.csv,2020-10-16 00:00:00+00:00 to 2020-10-16 20:59:00+00:00
2020-10-18,2020,XAU-USD_1Minute_BID_2020-10-18_00_00-23_59_Etc_UTC.csv,processed,120,XAUUSD_5m_BID_2020-10-18.csv,2020-10-18 22:00:00+00:00 to 2020-10-18 23:59:00+00:00
2020-10-19,2020,XAU-USD_1Minute_BID_2020-10-19_00_00-23_59_Etc_UTC.csv,processed,1380,XAUUSD_5m_BID_2020-10-19.csv,2020-10-19 00:00:00+00:00 to 2020-10-19 23:59:00+00:00
2020-10-20,2020,XAU-USD_1Minute_BID_2020-10-20_00_00-23_59_Etc_UTC.csv,processed,1380,XAUUSD_5m_BID_2020-10-20.csv,2020-10-20 00:00:00+00:00 to 2020-10-20 23:59:00+00:00
2020-10-21,2020,XAU-USD_1Minute_BID_2020-10-21_00_00-23_59_Etc_UTC.csv,processed,1380,XAUUSD_5m_BID_2020-10-21.csv,2020-10-21 00:00:00+00:00 to 2020-10-21 23:59:00+00:00
2020-10-22,2020,XAU-USD_1Minute_BID_2020-10-22_00_00-23_59_Etc_UTC.csv,processed,1380,XAUUSD_5m_BID_2020-10-22.csv,2020-10-22 00:00:00+00:00 to 2020-10-22 23:59:00+00:00
2020-10-23,2020,XAU-USD_1Minute_BID_2020-10-23_00_00-23_59_Etc_UTC.csv,processed,1260,XAUUSD_5m_BID_2020-10-23.csv,2020-10-23 00:00:00+00:00 to 2020-10-23 20:59:00+00:00
2020-10-25,2020,XAU-USD_1Minute_BID_2020-10-25_00_00-23_59_Etc_UTC.csv,processed,120,XAUUSD_5m_BID_2020-10-25.csv,2020-10-25 22:00:00+00:00 to 2020-10-25 23:59:00+00:00
2020-10-26,2020,XAU-USD_1Minute_BID_2020-10-26_00_00-23_59_Etc_UTC.csv,processed,1380,XAUUSD_5m_BID_2020-10-26.csv,2020-10-26 00:00:00+00:00 to 2020-10-26 23:59:00+00:00
2020-10-27,2020,XAU-USD_1Minute_BID_2020-10-27_00_00-23_59_Etc_UTC.csv,processed,1380,XAUUSD_5m_BID_2020-10-27.csv,2020-10-27 00:00:00+00:00 to 2020-10-27 23:59:00+00:00
2020-10-28,2020,XAU-USD_1Minute_BID_2020-10-28_00_00-23_59_Etc_UTC.csv,processed,1380,XAUUSD_5m_BID_2020-10-28.csv,2020-10-28 00:00:00+00:00 to 2020-10-28 23:59:00+00:00
2020-10-29,2020,XAU-USD_1Minute_BID_2020-10-29_00_00-23_59_Etc_UTC.csv,processed,1380,XAUUSD_5m_BID_2020-10-29.csv,2020-10-29 00:00:00+00:00 to 2020-10-29 23:59:00+00:00
2020-10-30,2020,XAU-USD_1Minute_BID_2020-10-30_00_00-23_59_Etc_UTC.csv,processed,1260,XAUUSD_5m_BID_2020-10-30.csv,2020-10-30 00:00:00+00:00 to 2020-10-30 20:59:00+00:00
2020-11-01,2020,XAU-USD_1Minute_BID_2020-11-01_00_00-23_59_Etc_UTC.csv,processed,60,XAUUSD_5m_BID_2020-11-01.csv,2020-11-01 23:00:00+00:00 to 2020-11-01 23:59:00+00:00
2020-11-02,2020,XAU-USD_1Minute_BID_2020-11-02_00_00-23_59_Etc_UTC.csv,processed,1380,XAUUSD_5m_BID_2020-11-02.csv,2020-11-02 00:00:00+00:00 to 2020-11-02 23:59:00+00:00
2020-11-03,2020,XAU-USD_1Minute_BID_2020-11-03_00_00-23_59_Etc_UTC.csv,processed,1380,XAUUSD_5m_BID_2020-11-03.csv,2020-11-03 00:00:00+00:00 to 2020-11-03 23:59:00+00:00
2020-11-04,2020,XAU-USD_1Minute_BID_2020-11-04_00_00-23_59_Etc_UTC.csv,processed,1380,XAUUSD_5m_BID_2020-11-04.csv,2020-11-04 00:00:00+00:00 to 2020-11-04 23:59:00+00:00
2020-11-05,2020,XAU-USD_1Minute_BID_2020-11-05_00_00-23_59_Etc_UTC.csv,processed,1380,XAUUSD_5m_BID_2020-11-05.csv,2020-11-05 00:00:00+00:00 to 2020-11-05 23:59:00+00:00
2020-11-06,2020,XAU-USD_1Minute_BID_2020-11-06_00_00-23_59_Etc_UTC.csv,processed,1320,XAUUSD_5m_BID_2020-11-06.csv,2020-11-06 00:00:00+00:00 to 2020-11-06 21:59:00+00:00
2020-11-08,2020,XAU-USD_1Minute_BID_2020-11-08_00_00-23_59_Etc_UTC.csv,processed,60,XAUUSD_5m_BID_2020-11-08.csv,2020-11-08 23:00:00+00:00 to 2020-11-08 23:59:00+00:00
2020-11-09,2020,XAU-USD_1Minute_BID_2020-11-09_00_00-23_59_Etc_UTC.csv,processed,1380,XAUUSD_5m_BID_2020-11-09.csv,2020-11-09 00:00:00+00:00 to 2020-11-09 23:59:00+00:00
2020-11-10,2020,XAU-USD_1Minute_BID_2020-11-10_00_00-23_59_Etc_UTC.csv,processed,1380,XAUUSD_5m_BID_2020-11-10.csv,2020-11-10 00:00:00+00:00 to 2020-11-10 23:59:00+00:00
2020-11-11,2020,XAU-USD_1Minute_BID_2020-11-11_00_00-23_59_Etc_UTC.csv,processed,1380,XAUUSD_5m_BID_2020-11-11.csv,2020-11-11 00:00:00+00:00 to 2020-11-11 23:59:00+00:00
2020-11-12,2020,XAU-USD_1Minute_BID_2020-11-12_00_00-23_59_Etc_UTC.csv,processed,1380,XAUUSD_5m_BID_2020-11-12.csv,2020-11-12 00:00:00+00:00 to 2020-11-12 23:59:00+00:00
2020-11-13,2020,XAU-USD_1Minute_BID_2020-11-13_00_00-23_59_Etc_UTC.csv,processed,1320,XAUUSD_5m_BID_2020-11-13.csv,2020-11-13 00:00:00+00:00 to 2020-11-13 21:59:00+00:00
2020-11-15,2020,XAU-USD_1Minute_BID_2020-11-15_00_00-23_59_Etc_UTC.csv,processed,60,XAUUSD_5m_BID_2020-11-15.csv,2020-11-15 23:00:00+00:00 to 2020-11-15 23:59:00+00:00
2020-11-16,2020,XAU-USD_1Minute_BID_2020-11-16_00_00-23_59_Etc_UTC.csv,processed,1379,XAUUSD_5m_BID_2020-11-16.csv,2020-11-16 00:00:00+00:00 to 2020-11-16 23:59:00+00:00
2020-11-17,2020,XAU-USD_1Minute_BID_2020-11-17_00_00-23_59_Etc_UTC.csv,processed,1380,XAUUSD_5m_BID_2020-11-17.csv,2020-11-17 00:00:00+00:00 to 2020-11-17 23:59:00+00:00
2020-11-18,2020,XAU-USD_1Minute_BID_2020-11-18_00_00-23_59_Etc_UTC.csv,processed,1379,XAUUSD_5m_BID_2020-11-18.csv,2020-11-18 00:00:00+00:00 to 2020-11-18 23:59:00+00:00
2020-11-19,2020,XAU-USD_1Minute_BID_2020-11-19_00_00-23_59_Etc_UTC.csv,processed,1379,XAUUSD_5m_BID_2020-11-19.csv,2020-11-19 00:00:00+00:00 to 2020-11-19 23:59:00+00:00
2020-11-20,2020,XAU-USD_1Minute_BID_2020-11-20_00_00-23_59_Etc_UTC.csv,processed,1320,XAUUSD_5m_BID_2020-11-20.csv,2020-11-20 00:00:00+00:00 to 2020-11-20 21:59:00+00:00
2020-11-22,2020,XAU-USD_1Minute_BID_2020-11-22_00_00-23_59_Etc_UTC.csv,processed,60,XAUUSD_5m_BID_2020-11-22.csv,2020-11-22 23:00:00+00:00 to 2020-11-22 23:59:00+00:00
2020-11-23,2020,XAU-USD_1Minute_BID_2020-11-23_00_00-23_59_Etc_UTC.csv,processed,1380,XAUUSD_5m_BID_2020-11-23.csv,2020-11-23 00:00:00+00:00 to 2020-11-23 23:59:00+00:00
2020-11-24,2020,XAU-USD_1Minute_BID_2020-11-24_00_00-23_59_Etc_UTC.csv,processed,1380,XAUUSD_5m_BID_2020-11-24.csv,2020-11-24 00:00:00+00:00 to 2020-11-24 23:59:00+00:00
2020-11-25,2020,XAU-USD_1Minute_BID_2020-11-25_00_00-23_59_Etc_UTC.csv,processed,1380,XAUUSD_5m_BID_2020-11-25.csv,2020-11-25 00:00:00+00:00 to 2020-11-25 23:59:00+00:00
2020-11-26,2020,XAU-USD_1Minute_BID_2020-11-26_00_00-23_59_Etc_UTC.csv,processed,1140,XAUUSD_5m_BID_2020-11-26.csv,2020-11-26 00:00:00+00:00 to 2020-11-26 23:59:00+00:00
2020-11-27,2020,XAU-USD_1Minute_BID_2020-11-27_00_00-23_59_Etc_UTC.csv,processed,1125,XAUUSD_5m_BID_2020-11-27.csv,2020-11-27 00:00:00+00:00 to 2020-11-27 18:44:00+00:00
2020-11-29,2020,XAU-USD_1Minute_BID_2020-11-29_00_00-23_59_Etc_UTC.csv,processed,60,XAUUSD_5m_BID_2020-11-29.csv,2020-11-29 23:00:00+00:00 to 2020-11-29 23:59:00+00:00
2020-11-30,2020,XAU-USD_1Minute_BID_2020-11-30_00_00-23_59_Etc_UTC.csv,processed,1379,XAUUSD_5m_BID_2020-11-30.csv,2020-11-30 00:00:00+00:00 to 2020-11-30 23:59:00+00:00
2020-12-01,2020,XAU-USD_1Minute_BID_2020-12-01_00_00-23_59_Etc_UTC.csv,processed,1380,XAUUSD_5m_BID_2020-12-01.csv,2020-12-01 00:00:00+00:00 to 2020-12-01 23:59:00+00:00
2020-12-02,2020,XAU-USD_1Minute_BID_2020-12-02_00_00-23_59_Etc_UTC.csv,processed,1379,XAUUSD_5m_BID_2020-12-02.csv,2020-12-02 00:00:00+00:00 to 2020-12-02 23:59:00+00:00
2020-12-03,2020,XAU-USD_1Minute_BID_2020-12-03_00_00-23_59_Etc_UTC.csv,processed,1380,XAUUSD_5m_BID_2020-12-03.csv,2020-12-03 00:00:00+00:00 to 2020-12-03 23:59:00+00:00
2020-12-04,2020,XAU-USD_1Minute_BID_2020-12-04_00_00-23_59_Etc_UTC.csv,processed,1320,XAUUSD_5m_BID_2020-12-04.csv,2020-12-04 00:00:00+00:00 to 2020-12-04 21:59:00+00:00
2020-12-06,2020,XAU-USD_1Minute_BID_2020-12-06_00_00-23_59_Etc_UTC.csv,processed,60,XAUUSD_5m_BID_2020-12-06.csv,2020-12-06 23:00:00+00:00 to 2020-12-06 23:59:00+00:00
2020-12-07,2020,XAU-USD_1Minute_BID_2020-12-07_00_00-23_59_Etc_UTC.csv,processed,1380,XAUUSD_5m_BID_2020-12-07.csv,2020-12-07 00:00:00+00:00 to 2020-12-07 23:59:00+00:00
2020-12-08,2020,XAU-USD_1Minute_BID_2020-12-08_00_00-23_59_Etc_UTC.csv,processed,1378,XAUUSD_5m_BID_2020-12-08.csv,2020-12-08 00:00:00+00:00 to 2020-12-08 23:59:00+00:00
2020-12-09,2020,XAU-USD_1Minute_BID_2020-12-09_00_00-23_59_Etc_UTC.csv,processed,1380,XAUUSD_5m_BID_2020-12-09.csv,2020-12-09 00:00:00+00:00 to 2020-12-09 23:59:00+00:00
2020-12-10,2020,XAU-USD_1Minute_BID_2020-12-10_00_00-23_59_Etc_UTC.csv,processed,1380,XAUUSD_5m_BID_2020-12-10.csv,2020-12-10 00:00:00+00:00 to 2020-12-10 23:59:00+00:00
2020-12-11,2020,XAU-USD_1Minute_BID_2020-12-11_00_00-23_59_Etc_UTC.csv,processed,1320,XAUUSD_5m_BID_2020-12-11.csv,2020-12-11 00:00:00+00:00 to 2020-12-11 21:59:00+00:00
2020-12-13,2020,XAU-USD_1Minute_BID_2020-12-13_00_00-23_59_Etc_UTC.csv,processed,60,XAUUSD_5m_BID_2020-12-13.csv,2020-12-13 23:00:00+00:00 to 2020-12-13 23:59:00+00:00
2020-12-14,2020,XAU-USD_1Minute_BID_2020-12-14_00_00-23_59_Etc_UTC.csv,processed,1379,XAUUSD_5m_BID_2020-12-14.csv,2020-12-14 00:00:00+00:00 to 2020-12-14 23:59:00+00:00
2020-12-15,2020,XAU-USD_1Minute_BID_2020-12-15_00_00-23_59_Etc_UTC.csv,processed,1380,XAUUSD_5m_BID_2020-12-15.csv,2020-12-15 00:00:00+00:00 to 2020-12-15 23:59:00+00:00
2020-12-16,2020,XAU-USD_1Minute_BID_2020-12-16_00_00-23_59_Etc_UTC.csv,processed,1380,XAUUSD_5m_BID_2020-12-16.csv,2020-12-16 00:00:00+00:00 to 2020-12-16 23:59:00+00:00
2020-12-18,2020,XAU-USD_1Minute_BID_2020-12-18_00_00-23_59_Etc_UTC.csv,processed,1320,XAUUSD_5m_BID_2020-12-18.csv,2020-12-18 00:00:00+00:00 to 2020-12-18 21:59:00+00:00
2020-12-20,2020,XAU-USD_1Minute_BID_2020-12-20_00_00-23_59_Etc_UTC.csv,processed,60,XAUUSD_5m_BID_2020-12-20.csv,2020-12-20 23:00:00+00:00 to 2020-12-20 23:59:00+00:00
2020-12-21,2020,XAU-USD_1Minute_BID_2020-12-21_00_00-23_59_Etc_UTC.csv,processed,1380,XAUUSD_5m_BID_2020-12-21.csv,2020-12-21 00:00:00+00:00 to 2020-12-21 23:59:00+00:00
2020-12-22,2020,XAU-USD_1Minute_BID_2020-12-22_00_00-23_59_Etc_UTC.csv,processed,1379,XAUUSD_5m_BID_2020-12-22.csv,2020-12-22 00:00:00+00:00 to 2020-12-22 23:59:00+00:00
2020-12-23,2020,XAU-USD_1Minute_BID_2020-12-23_00_00-23_59_Etc_UTC.csv,processed,1379,XAUUSD_5m_BID_2020-12-23.csv,2020-12-23 00:00:00+00:00 to 2020-12-23 23:59:00+00:00
2020-12-24,2020,XAU-USD_1Minute_BID_2020-12-24_00_00-23_59_Etc_UTC.csv,processed,1125,XAUUSD_5m_BID_2020-12-24.csv,2020-12-24 00:00:00+00:00 to 2020-12-24 18:44:00+00:00
2020-12-27,2020,XAU-USD_1Minute_BID_2020-12-27_00_00-23_59_Etc_UTC.csv,processed,59,XAUUSD_5m_BID_2020-12-27.csv,2020-12-27 23:00:00+00:00 to 2020-12-27 23:59:00+00:00
2020-12-28,2020,XAU-USD_1Minute_BID_2020-12-28_00_00-23_59_Etc_UTC.csv,processed,1380,XAUUSD_5m_BID_2020-12-28.csv,2020-12-28 00:00:00+00:00 to 2020-12-28 23:59:00+00:00
2020-12-29,2020,XAU-USD_1Minute_BID_2020-12-29_00_00-23_59_Etc_UTC.csv,processed,1380,XAUUSD_5m_BID_2020-12-29.csv,2020-12-29 00:00:00+00:00 to 2020-12-29 23:59:00+00:00
2020-12-30,2020,XAU-USD_1Minute_BID_2020-12-30_00_00-23_59_Etc_UTC.csv,processed,1380,XAUUSD_5m_BID_2020-12-30.csv,2020-12-30 00:00:00+00:00 to 2020-12-30 23:59:00+00:00
2020-12-31,2020,XAU-USD_1Minute_BID_2020-12-31_00_00-23_59_Etc_UTC.csv,processed,1320,XAUUSD_5m_BID_2020-12-31.csv,2020-12-31 00:00:00+00:00 to 2020-12-31 21:59:00+00:00
2021-01-03,2021,XAU-USD_1Minute_BID_2021-01-03_00_00-23_59_Etc_UTC.csv,processed,60,XAUUSD_5m_BID_2021-01-03.csv,2021-01-03 23:00:00+00:00 to 2021-01-03 23:59:00+00:00
2021-01-04,2021,XAU-USD_1Minute_BID_2021-01-04_00_00-23_59_Etc_UTC.csv,processed,1380,XAUUSD_5m_BID_2021-01-04.csv,2021-01-04 00:00:00+00:00 to 2021-01-04 23:59:00+00:00
2021-01-05,2021,XAU-USD_1Minute_BID_2021-01-05_00_00-23_59_Etc_UTC.csv,processed,1380,XAUUSD_5m_BID_2021-01-05.csv,2021-01-05 00:00:00+00:00 to 2021-01-05 23:59:00+00:00
2021-01-06,2021,XAU-USD_1Minute_BID_2021-01-06_00_00-23_59_Etc_UTC.csv,processed,1380,XAUUSD_5m_BID_2021-01-06.csv,2021-01-06 00:00:00+00:00 to 2021-01-06 23:59:00+00:00
2021-01-07,2021,XAU-USD_1Minute_BID_2021-01-07_00_00-23_59_Etc_UTC.csv,processed,1380,XAUUSD_5m_BID_2021-01-07.csv,2021-01-07 00:00:00+00:00 to 2021-01-07 23:59:00+00:00
2021-01-08,2021,XAU-USD_1Minute_BID_2021-01-08_00_00-23_59_Etc_UTC.csv,processed,1320,XAUUSD_5m_BID_2021-01-08.csv,2021-01-08 00:00:00+00:00 to 2021-01-08 21:59:00+00:00
2021-01-10,2021,XAU-USD_1Minute_BID_2021-01-10_00_00-23_59_Etc_UTC.csv,processed,60,XAUUSD_5m_BID_2021-01-10.csv,2021-01-10 23:00:00+00:00 to 2021-01-10 23:59:00+00:00
2021-01-11,2021,XAU-USD_1Minute_BID_2021-01-11_00_00-23_59_Etc_UTC.csv,processed,1380,XAUUSD_5m_BID_2021-01-11.csv,2021-01-11 00:00:00+00:00 to 2021-01-11 23:59:00+00:00
2021-01-12,2021,XAU-USD_1Minute_BID_2021-01-12_00_00-23_59_Etc_UTC.csv,processed,1380,XAUUSD_5m_BID_2021-01-12.csv,2021-01-12 00:00:00+00:00 to 2021-01-12 23:59:00+00:00
2021-01-13,2021,XAU-USD_1Minute_BID_2021-01-13_00_00-23_59_Etc_UTC.csv,processed,1380,XAUUSD_5m_BID_2021-01-13.csv,2021-01-13 00:00:00+00:00 to 2021-01-13 23:59:00+00:00
2021-01-14,2021,XAU-USD_1Minute_BID_2021-01-14_00_00-23_59_Etc_UTC.csv,processed,1379,XAUUSD_5m_BID_2021-01-14.csv,2021-01-14 00:00:00+00:00 to 2021-01-14 23:59:00+00:00
2021-01-15,2021,XAU-USD_1Minute_BID_2021-01-15_00_00-23_59_Etc_UTC.csv,processed,1320,XAUUSD_5m_BID_2021-01-15.csv,2021-01-15 00:00:00+00:00 to 2021-01-15 21:59:00+00:00
2021-01-17,2021,XAU-USD_1Minute_BID_2021-01-17_00_00-23_59_Etc_UTC.csv,processed,60,XAUUSD_5m_BID_2021-01-17.csv,2021-01-17 23:00:00+00:00 to 2021-01-17 23:59:00+00:00
2021-01-18,2021,XAU-USD_1Minute_BID_2021-01-18_00_00-23_59_Etc_UTC.csv,processed,1140,XAUUSD_5m_BID_2021-01-18.csv,2021-01-18 00:00:00+00:00 to 2021-01-18 23:59:00+00:00
2021-01-19,2021,XAU-USD_1Minute_BID_2021-01-19_00_00-23_59_Etc_UTC.csv,processed,1380,XAUUSD_5m_BID_2021-01-19.csv,2021-01-19 00:00:00+00:00 to 2021-01-19 23:59:00+00:00
2021-01-20,2021,XAU-USD_1Minute_BID_2021-01-20_00_00-23_59_Etc_UTC.csv,processed,1380,XAUUSD_5m_BID_2021-01-20.csv,2021-01-20 00:00:00+00:00 to 2021-01-20 23:59:00+00:00
2021-01-21,2021,XAU-USD_1Minute_BID_2021-01-21_00_00-23_59_Etc_UTC.csv,processed,1380,XAUUSD_5m_BID_2021-01-21.csv,2021-01-21 00:00:00+00:00 to 2021-01-21 23:59:00+00:00
2021-01-22,2021,XAU-USD_1Minute_BID_2021-01-22_00_00-23_59_Etc_UTC.csv,processed,1320,XAUUSD_5m_BID_2021-01-22.csv,2021-01-22 00:00:00+00:00 to 2021-01-22 21:59:00+00:00
2021-01-24,2021,XAU-USD_1Minute_BID_2021-01-24_00_00-23_59_Etc_UTC.csv,processed,60,XAUUSD_5m_BID_2021-01-24.csv,2021-01-24 23:00:00+00:00 to 2021-01-24 23:59:00+00:00
2021-01-25,2021,XAU-USD_1Minute_BID_2021-01-25_00_00-23_59_Etc_UTC.csv,processed,1380,XAUUSD_5m_BID_2021-01-25.csv,2021-01-25 00:00:00+00:00 to 2021-01-25 23:59:00+00:00
2021-01-26,2021,XAU-USD_1Minute_BID_2021-01-26_00_00-23_59_Etc_UTC.csv,processed,1380,XAUUSD_5m_BID_2021-01-26.csv,2021-01-26 00:00:00+00:00 to 2021-01-26 23:59:00+00:00
2021-01-27,2021,XAU-USD_1Minute_BID_2021-01-27_00_00-23_59_Etc_UTC.csv,processed,1380,XAUUSD_5m_BID_2021-01-27.csv,2021-01-27 00:00:00+00:00 to 2021-01-27 23:59:00+00:00
2021-01-28,2021,XAU-USD_1Minute_BID_2021-01-28_00_00-23_59_Etc_UTC.csv,processed,1380,XAUUSD_5m_BID_2021-01-28.csv,2021-01-28 00:00:00+00:00 to 2021-01-28 23:59:00+00:00
2021-01-29,2021,XAU-USD_1Minute_BID_2021-01-29_00_00-23_59_Etc_UTC.csv,processed,1320,XAUUSD_5m_BID_2021-01-29.csv,2021-01-29 00:00:00+00:00 to 2021-01-29 21:59:00+00:00
2021-01-31,2021,XAU-USD_1Minute_BID_2021-01-31_00_00-23_59_Etc_UTC.csv,processed,60,XAUUSD_5m_BID_2021-01-31.csv,2021-01-31 23:00:00+00:00 to 2021-01-31 23:59:00+00:00
2021-02-01,2021,XAU-USD_1Minute_BID_2021-02-01_00_00-23_59_Etc_UTC.csv,processed,1380,XAUUSD_5m_BID_2021-02-01.csv,2021-02-01 00:00:00+00:00 to 2021-02-01 23:59:00+00:00
2021-02-02,2021,XAU-USD_1Minute_BID_2021-02-02_00_00-23_59_Etc_UTC.csv,processed,1380,XAUUSD_5m_BID_2021-02-02.csv,2021-02-02 00:00:00+00:00 to 2021-02-02 23:59:00+00:00
2021-02-03,2021,XAU-USD_1Minute_BID_2021-02-03_00_00-23_59_Etc_UTC.csv,processed,1380,XAUUSD_5m_BID_2021-02-03.csv,2021-02-03 00:00:00+00:00 to 2021-02-03 23:59:00+00:00
2021-02-04,2021,XAU-USD_1Minute_BID_2021-02-04_00_00-23_59_Etc_UTC.csv,processed,1380,XAUUSD_5m_BID_2021-02-04.csv,2021-02-04 00:00:00+00:00 to 2021-02-04 23:59:00+00:00
2021-02-05,2021,XAU-USD_1Minute_BID_2021-02-05_00_00-23_59_Etc_UTC.csv,processed,1320,XAUUSD_5m_BID_2021-02-05.csv,2021-02-05 00:00:00+00:00 to 2021-02-05 21:59:00+00:00
2021-02-07,2021,XAU-USD_1Minute_BID_2021-02-07_00_00-23_59_Etc_UTC.csv,processed,60,XAUUSD_5m_BID_2021-02-07.csv,2021-02-07 23:00:00+00:00 to 2021-02-07 23:59:00+00:00
2021-02-08,2021,XAU-USD_1Minute_BID_2021-02-08_00_00-23_59_Etc_UTC.csv,processed,1380,XAUUSD_5m_BID_2021-02-08.csv,2021-02-08 00:00:00+00:00 to 2021-02-08 23:59:00+00:00
2021-02-09,2021,XAU-USD_1Minute_BID_2021-02-09_00_00-23_59_Etc_UTC.csv,processed,1380,XAUUSD_5m_BID_2021-02-09.csv,2021-02-09 00:00:00+00:00 to 2021-02-09 23:59:00+00:00
2021-02-10,2021,XAU-USD_1Minute_BID_2021-02-10_00_00-23_59_Etc_UTC.csv,processed,1380,XAUUSD_5m_BID_2021-02-10.csv,2021-02-10 00:00:00+00:00 to 2021-02-10 23:59:00+00:00
2021-02-11,2021,XAU-USD_1Minute_BID_2021-02-11_00_00-23_59_Etc_UTC.csv,processed,1380,XAUUSD_5m_BID_2021-02-11.csv,2021-02-11 00:00:00+00:00 to 2021-02-11 23:59:00+00:00
2021-02-12,2021,XAU-USD_1Minute_BID_2021-02-12_00_00-23_59_Etc_UTC.csv,processed,1320,XAUUSD_5m_BID_2021-02-12.csv,2021-02-12 00:00:00+00:00 to 2021-02-12 21:59:00+00:00
2021-02-14,2021,XAU-USD_1Minute_BID_2021-02-14_00_00-23_59_Etc_UTC.csv,processed,60,XAUUSD_5m_BID_2021-02-14.csv,2021-02-14 23:00:00+00:00 to 2021-02-14 23:59:00+00:00
2021-02-15,2021,XAU-USD_1Minute_BID_2021-02-15_00_00-23_59_Etc_UTC.csv,processed,1140,XAUUSD_5m_BID_2021-02-15.csv,2021-02-15 00:00:00+00:00 to 2021-02-15 23:59:00+00:00
2021-02-16,2021,XAU-USD_1Minute_BID_2021-02-16_00_00-23_59_Etc_UTC.csv,processed,1380,XAUUSD_5m_BID_2021-02-16.csv,2021-02-16 00:00:00+00:00 to 2021-02-16 23:59:00+00:00
2021-02-17,2021,XAU-USD_1Minute_BID_2021-02-17_00_00-23_59_Etc_UTC.csv,processed,1380,XAUUSD_5m_BID_2021-02-17.csv,2021-02-17 00:00:00+00:00 to 2021-02-17 23:59:00+00:00
2021-02-18,2021,XAU-USD_1Minute_BID_2021-02-18_00_00-23_59_Etc_UTC.csv,processed,1380,XAUUSD_5m_BID_2021-02-18.csv,2021-02-18 00:00:00+00:00 to 2021-02-18 23:59:00+00:00
2021-02-19,2021,XAU-USD_1Minute_BID_2021-02-19_00_00-23_59_Etc_UTC.csv,processed,1320,XAUUSD_5m_BID_2021-02-19.csv,2021-02-19 00:00:00+00:00 to 2021-02-19 21:59:00+00:00
2021-02-21,2021,XAU-USD_1Minute_BID_2021-02-21_00_00-23_59_Etc_UTC.csv,processed,60,XAUUSD_5m_BID_2021-02-21.csv,2021-02-21 23:00:00+00:00 to 2021-02-21 23:59:00+00:00
2021-02-22,2021,XAU-USD_1Minute_BID_2021-02-22_00_00-23_59_Etc_UTC.csv,processed,1380,XAUUSD_5m_BID_2021-02-22.csv,2021-02-22 00:00:00+00:00 to 2021-02-22 23:59:00+00:00
2021-02-23,2021,XAU-USD_1Minute_BID_2021-02-23_00_00-23_59_Etc_UTC.csv,processed,1380,XAUUSD_5m_BID_2021-02-23.csv,2021-02-23 00:00:00+00:00 to 2021-02-23 23:59:00+00:00
2021-02-24,2021,XAU-USD_1Minute_BID_2021-02-24_00_00-23_59_Etc_UTC.csv,processed,1379,XAUUSD_5m_BID_2021-02-24.csv,2021-02-24 00:00:00+00:00 to 2021-02-24 23:59:00+00:00
2021-02-25,2021,XAU-USD_1Minute_BID_2021-02-25_00_00-23_59_Etc_UTC.csv,processed,1380,XAUUSD_5m_BID_2021-02-25.csv,2021-02-25 00:00:00+00:00 to 2021-02-25 23:59:00+00:00
2021-02-26,2021,XAU-USD_1Minute_BID_2021-02-26_00_00-23_59_Etc_UTC.csv,processed,1320,XAUUSD_5m_BID_2021-02-26.csv,2021-02-26 00:00:00+00:00 to 2021-02-26 21:59:00+00:00
2021-02-28,2021,XAU-USD_1Minute_BID_2021-02-28_00_00-23_59_Etc_UTC.csv,processed,60,XAUUSD_5m_BID_2021-02-28.csv,2021-02-28 23:00:00+00:00 to 2021-02-28 23:59:00+00:00
2021-03-01,2021,XAU-USD_1Minute_BID_2021-03-01_00_00-23_59_Etc_UTC.csv,processed,1380,XAUUSD_5m_BID_2021-03-01.csv,2021-03-01 00:00:00+00:00 to 2021-03-01 23:59:00+00:00
2021-03-02,2021,XAU-USD_1Minute_BID_2021-03-02_00_00-23_59_Etc_UTC.csv,processed,1380,XAUUSD_5m_BID_2021-03-02.csv,2021-03-02 00:00:00+00:00 to 2021-03-02 23:59:00+00:00
2021-03-03,2021,XAU-USD_1Minute_BID_2021-03-03_00_00-23_59_Etc_UTC.csv,processed,1380,XAUUSD_5m_BID_2021-03-03.csv,2021-03-03 00:00:00+00:00 to 2021-03-03 23:59:00+00:00
2021-03-04,2021,XAU-USD_1Minute_BID_2021-03-04_00_00-23_59_Etc_UTC.csv,processed,1380,XAUUSD_5m_BID_2021-03-04.csv,2021-03-04 00:00:00+00:00 to 2021-03-04 23:59:00+00:00
2021-03-05,2021,XAU-USD_1Minute_BID_2021-03-05_00_00-23_59_Etc_UTC.csv,processed,1320,XAUUSD_5m_BID_2021-03-05.csv,2021-03-05 00:00:00+00:00 to 2021-03-05 21:59:00+00:00
2021-03-07,2021,XAU-USD_1Minute_BID_2021-03-07_00_00-23_59_Etc_UTC.csv,processed,60,XAUUSD_5m_BID_2021-03-07.csv,2021-03-07 23:00:00+00:00 to 2021-03-07 23:59:00+00:00
2021-03-08,2021,XAU-USD_1Minute_BID_2021-03-08_00_00-23_59_Etc_UTC.csv,processed,1380,XAUUSD_5m_BID_2021-03-08.csv,2021-03-08 00:00:00+00:00 to 2021-03-08 23:59:00+00:00
2021-03-09,2021,XAU-USD_1Minute_BID_2021-03-09_00_00-23_59_Etc_UTC.csv,processed,1380,XAUUSD_5m_BID_2021-03-09.csv,2021-03-09 00:00:00+00:00 to 2021-03-09 23:59:00+00:00
2021-03-10,2021,XAU-USD_1Minute_BID_2021-03-10_00_00-23_59_Etc_UTC.csv,processed,1380,XAUUSD_5m_BID_2021-03-10.csv,2021-03-10 00:00:00+00:00 to 2021-03-10 23:59:00+00:00
2021-03-11,2021,XAU-USD_1Minute_BID_2021-03-11_00_00-23_59_Etc_UTC.csv,processed,1380,XAUUSD_5m_BID_2021-03-11.csv,2021-03-11 00:00:00+00:00 to 2021-03-11 23:59:00+00:00
2021-03-12,2021,XAU-USD_1Minute_BID_2021-03-12_00_00-23_59_Etc_UTC.csv,processed,1320,XAUUSD_5m_BID_2021-03-12.csv,2021-03-12 00:00:00+00:00 to 2021-03-12 21:59:00+00:00
2021-03-14,2021,XAU-USD_1Minute_BID_2021-03-14_00_00-23_59_Etc_UTC.csv,processed,120,XAUUSD_5m_BID_2021-03-14.csv,2021-03-14 22:00:00+00:00 to 2021-03-14 23:59:00+00:00
2021-03-15,2021,XAU-USD_1Minute_BID_2021-03-15_00_00-23_59_Etc_UTC.csv,processed,1380,XAUUSD_5m_BID_2021-03-15.csv,2021-03-15 00:00:00+00:00 to 2021-03-15 23:59:00+00:00
2021-03-16,2021,XAU-USD_1Minute_BID_2021-03-16_00_00-23_59_Etc_UTC.csv,processed,1380,XAUUSD_5m_BID_2021-03-16.csv,2021-03-16 00:00:00+00:00 to 2021-03-16 23:59:00+00:00
2021-03-17,2021,XAU-USD_1Minute_BID_2021-03-17_00_00-23_59_Etc_UTC.csv,processed,1380,XAUUSD_5m_BID_2021-03-17.csv,2021-03-17 00:00:00+00:00 to 2021-03-17 23:59:00+00:00
2021-03-18,2021,XAU-USD_1Minute_BID_2021-03-18_00_00-23_59_Etc_UTC.csv,processed,1380,XAUUSD_5m_BID_2021-03-18.csv,2021-03-18 00:00:00+00:00 to 2021-03-18 23:59:00+00:00
2021-03-19,2021,XAU-USD_1Minute_BID_2021-03-19_00_00-23_59_Etc_UTC.csv,processed,1260,XAUUSD_5m_BID_2021-03-19.csv,2021-03-19 00:00:00+00:00 to 2021-03-19 20:59:00+00:00
2021-03-21,2021,XAU-USD_1Minute_BID_2021-03-21_00_00-23_59_Etc_UTC.csv,processed,120,XAUUSD_5m_BID_2021-03-21.csv,2021-03-21 22:00:00+00:00 to 2021-03-21 23:59:00+00:00
2021-03-22,2021,XAU-USD_1Minute_BID_2021-03-22_00_00-23_59_Etc_UTC.csv,processed,1380,XAUUSD_5m_BID_2021-03-22.csv,2021-03-22 00:00:00+00:00 to 2021-03-22 23:59:00+00:00
2021-03-23,2021,XAU-USD_1Minute_BID_2021-03-23_00_00-23_59_Etc_UTC.csv,processed,1380,XAUUSD_5m_BID_2021-03-23.csv,2021-03-23 00:00:00+00:00 to 2021-03-23 23:59:00+00:00
2021-03-24,2021,XAU-USD_1Minute_BID_2021-03-24_00_00-23_59_Etc_UTC.csv,processed,1380,XAUUSD_5m_BID_2021-03-24.csv,2021-03-24 00:00:00+00:00 to 2021-03-24 23:59:00+00:00
2021-03-25,2021,XAU-USD_1Minute_BID_2021-03-25_00_00-23_59_Etc_UTC.csv,processed,1380,XAUUSD_5m_BID_2021-03-25.csv,2021-03-25 00:00:00+00:00 to 2021-03-25 23:59:00+00:00
2021-03-26,2021,XAU-USD_1Minute_BID_2021-03-26_00_00-23_59_Etc_UTC.csv,processed,1260,XAUUSD_5m_BID_2021-03-26.csv,2021-03-26 00:00:00+00:00 to 2021-03-26 20:59:00+00:00
2021-03-28,2021,XAU-USD_1Minute_BID_2021-03-28_00_00-23_59_Etc_UTC.csv,processed,120,XAUUSD_5m_BID_2021-03-28.csv,2021-03-28 22:00:00+00:00 to 2021-03-28 23:59:00+00:00
2021-03-29,2021,XAU-USD_1Minute_BID_2021-03-29_00_00-23_59_Etc_UTC.csv,processed,1377,XAUUSD_5m_BID_2021-03-29.csv,2021-03-29 00:00:00+00:00 to 2021-03-29 23:59:00+00:00
2021-03-30,2021,XAU-USD_1Minute_BID_2021-03-30_00_00-23_59_Etc_UTC.csv,processed,1380,XAUUSD_5m_BID_2021-03-30.csv,2021-03-30 00:00:00+00:00 to 2021-03-30 23:59:00+00:00
2021-03-31,2021,XAU-USD_1Minute_BID_2021-03-31_00_00-23_59_Etc_UTC.csv,processed,1380,XAUUSD_5m_BID_2021-03-31.csv,2021-03-31 00:00:00+00:00 to 2021-03-31 23:59:00+00:00
2021-04-01,2021,XAU-USD_1Minute_BID_2021-04-01_00_00-23_59_Etc_UTC.csv,processed,1260,XAUUSD_5m_BID_2021-04-01.csv,2021-04-01 00:00:00+00:00 to 2021-04-01 20:59:00+00:00
2021-04-04,2021,XAU-USD_1Minute_BID_2021-04-04_00_00-23_59_Etc_UTC.csv,processed,120,XAUUSD_5m_BID_2021-04-04.csv,2021-04-04 22:00:00+00:00 to 2021-04-04 23:59:00+00:00
2021-04-05,2021,XAU-USD_1Minute_BID_2021-04-05_00_00-23_59_Etc_UTC.csv,processed,1380,XAUUSD_5m_BID_2021-04-05.csv,2021-04-05 00:00:00+00:00 to 2021-04-05 23:59:00+00:00
2021-04-06,2021,XAU-USD_1Minute_BID_2021-04-06_00_00-23_59_Etc_UTC.csv,processed,1380,XAUUSD_5m_BID_2021-04-06.csv,2021-04-06 00:00:00+00:00 to 2021-04-06 23:59:00+00:00
2021-04-07,2021,XAU-USD_1Minute_BID_2021-04-07_00_00-23_59_Etc_UTC.csv,processed,1380,XAUUSD_5m_BID_2021-04-07.csv,2021-04-07 00:00:00+00:00 to 2021-04-07 23:59:00+00:00
2021-04-08,2021,XAU-USD_1Minute_BID_2021-04-08_00_00-23_59_Etc_UTC.csv,processed,1380,XAUUSD_5m_BID_2021-04-08.csv,2021-04-08 00:00:00+00:00 to 2021-04-08 23:59:00+00:00
2021-04-09,2021,XAU-USD_1Minute_BID_2021-04-09_00_00-23_59_Etc_UTC.csv,processed,1260,XAUUSD_5m_BID_2021-04-09.csv,2021-04-09 00:00:00+00:00 to 2021-04-09 20:59:00+00:00
2021-04-11,2021,XAU-USD_1Minute_BID_2021-04-11_00_00-23_59_Etc_UTC.csv,processed,120,XAUUSD_5m_BID_2021-04-11.csv,2021-04-11 22:00:00+00:00 to 2021-04-11 23:59:00+00:00
2021-04-12,2021,XAU-USD_1Minute_BID_2021-04-12_00_00-23_59_Etc_UTC.csv,processed,1380,XAUUSD_5m_BID_2021-04-12.csv,2021-04-12 00:00:00+00:00 to 2021-04-12 23:59:00+00:00
2021-04-13,2021,XAU-USD_1Minute_BID_2021-04-13_00_00-23_59_Etc_UTC.csv,processed,1378,XAUUSD_5m_BID_2021-04-13.csv,2021-04-13 00:00:00+00:00 to 2021-04-13 23:59:00+00:00
2021-04-14,2021,XAU-USD_1Minute_BID_2021-04-14_00_00-23_59_Etc_UTC.csv,processed,1380,XAUUSD_5m_BID_2021-04-14.csv,2021-04-14 00:00:00+00:00 to 2021-04-14 23:59:00+00:00
2021-04-15,2021,XAU-USD_1Minute_BID_2021-04-15_00_00-23_59_Etc_UTC.csv,processed,1380,XAUUSD_5m_BID_2021-04-15.csv,2021-04-15 00:00:00+00:00 to 2021-04-15 23:59:00+00:00
2021-04-16,2021,XAU-USD_1Minute_BID_2021-04-16_00_00-23_59_Etc_UTC.csv,processed,1260,XAUUSD_5m_BID_2021-04-16.csv,2021-04-16 00:00:00+00:00 to 2021-04-16 20:59:00+00:00
2021-04-18,2021,XAU-USD_1Minute_BID_2021-04-18_00_00-23_59_Etc_UTC.csv,processed,120,XAUUSD_5m_BID_2021-04-18.csv,2021-04-18 22:00:00+00:00 to 2021-04-18 23:59:00+00:00
2021-04-19,2021,XAU-USD_1Minute_BID_2021-04-19_00_00-23_59_Etc_UTC.csv,processed,1380,XAUUSD_5m_BID_2021-04-19.csv,2021-04-19 00:00:00+00:00 to 2021-04-19 23:59:00+00:00
2021-04-20,2021,XAU-USD_1Minute_BID_2021-04-20_00_00-23_59_Etc_UTC.csv,processed,1380,XAUUSD_5m_BID_2021-04-20.csv,2021-04-20 00:00:00+00:00 to 2021-04-20 23:59:00+00:00
2021-04-21,2021,XAU-USD_1Minute_BID_2021-04-21_00_00-23_59_Etc_UTC.csv,processed,1380,XAUUSD_5m_BID_2021-04-21.csv,2021-04-21 00:00:00+00:00 to 2021-04-21 23:59:00+00:00
2021-04-22,2021,XAU-USD_1Minute_BID_2021-04-22_00_00-23_59_Etc_UTC.csv,processed,1378,XAUUSD_5m_BID_2021-04-22.csv,2021-04-22 00:00:00+00:00 to 2021-04-22 23:59:00+00:00
2021-04-23,2021,XAU-USD_1Minute_BID_2021-04-23_00_00-23_59_Etc_UTC.csv,processed,1260,XAUUSD_5m_BID_2021-04-23.csv,2021-04-23 00:00:00+00:00 to 2021-04-23 20:59:00+00:00
2021-04-25,2021,XAU-USD_1Minute_BID_2021-04-25_00_00-23_59_Etc_UTC.csv,processed,120,XAUUSD_5m_BID_2021-04-25.csv,2021-04-25 22:00:00+00:00 to 2021-04-25 23:59:00+00:00
2021-04-26,2021,XAU-USD_1Minute_BID_2021-04-26_00_00-23_59_Etc_UTC.csv,processed,1380,XAUUSD_5m_BID_2021-04-26.csv,2021-04-26 00:00:00+00:00 to 2021-04-26 23:59:00+00:00
2021-04-27,2021,XAU-USD_1Minute_BID_2021-04-27_00_00-23_59_Etc_UTC.csv,processed,1379,XAUUSD_5m_BID_2021-04-27.csv,2021-04-27 00:00:00+00:00 to 2021-04-27 23:59:00+00:00
2021-04-28,2021,XAU-USD_1Minute_BID_2021-04-28_00_00-23_59_Etc_UTC.csv,processed,1380,XAUUSD_5m_BID_2021-04-28.csv,2021-04-28 00:00:00+00:00 to 2021-04-28 23:59:00+00:00
2021-04-29,2021,XAU-USD_1Minute_BID_2021-04-29_00_00-23_59_Etc_UTC.csv,processed,1380,XAUUSD_5m_BID_2021-04-29.csv,2021-04-29 00:00:00+00:00 to 2021-04-29 23:59:00+00:00
2021-04-30,2021,XAU-USD_1Minute_BID_2021-04-30_00_00-23_59_Etc_UTC.csv,processed,1260,XAUUSD_5m_BID_2021-04-30.csv,2021-04-30 00:00:00+00:00 to 2021-04-30 20:59:00+00:00
2021-05-02,2021,XAU-USD_1Minute_BID_2021-05-02_00_00-23_59_Etc_UTC.csv,processed,120,XAUUSD_5m_BID_2021-05-02.csv,2021-05-02 22:00:00+00:00 to 2021-05-02 23:59:00+00:00
2021-05-03,2021,XAU-USD_1Minute_BID_2021-05-03_00_00-23_59_Etc_UTC.csv,processed,1380,XAUUSD_5m_BID_2021-05-03.csv,2021-05-03 00:00:00+00:00 to 2021-05-03 23:59:00+00:00
2021-05-04,2021,XAU-USD_1Minute_BID_2021-05-04_00_00-23_59_Etc_UTC.csv,processed,1380,XAUUSD_5m_BID_2021-05-04.csv,2021-05-04 00:00:00+00:00 to 2021-05-04 23:59:00+00:00
2021-05-05,2021,XAU-USD_1Minute_BID_2021-05-05_00_00-23_59_Etc_UTC.csv,processed,1380,XAUUSD_5m_BID_2021-05-05.csv,2021-05-05 00:00:00+00:00 to 2021-05-05 23:59:00+00:00
2021-05-06,2021,XAU-USD_1Minute_BID_2021-05-06_00_00-23_59_Etc_UTC.csv,processed,1380,XAUUSD_5m_BID_2021-05-06.csv,2021-05-06 00:00:00+00:00 to 2021-05-06 23:59:00+00:00
2021-05-07,2021,XAU-USD_1Minute_BID_2021-05-07_00_00-23_59_Etc_UTC.csv,processed,1260,XAUUSD_5m_BID_2021-05-07.csv,2021-05-07 00:00:00+00:00 to 2021-05-07 20:59:00+00:00
2021-05-09,2021,XAU-USD_1Minute_BID_2021-05-09_00_00-23_59_Etc_UTC.csv,processed,120,XAUUSD_5m_BID_2021-05-09.csv,2021-05-09 22:00:00+00:00 to 2021-05-09 23:59:00+00:00
2021-05-10,2021,XAU-USD_1Minute_BID_2021-05-10_00_00-23_59_Etc_UTC.csv,processed,1380,XAUUSD_5m_BID_2021-05-10.csv,2021-05-10 00:00:00+00:00 to 2021-05-10 23:59:00+00:00
2021-05-11,2021,XAU-USD_1Minute_BID_2021-05-11_00_00-23_59_Etc_UTC.csv,processed,1379,XAUUSD_5m_BID_2021-05-11.csv,2021-05-11 00:00:00+00:00 to 2021-05-11 23:59:00+00:00
2021-05-12,2021,XAU-USD_1Minute_BID_2021-05-12_00_00-23_59_Etc_UTC.csv,processed,1380,XAUUSD_5m_BID_2021-05-12.csv,2021-05-12 00:00:00+00:00 to 2021-05-12 23:59:00+00:00
2021-05-13,2021,XAU-USD_1Minute_BID_2021-05-13_00_00-23_59_Etc_UTC.csv,processed,1380,XAUUSD_5m_BID_2021-05-13.csv,2021-05-13 00:00:00+00:00 to 2021-05-13 23:59:00+00:00
2021-05-14,2021,XAU-USD_1Minute_BID_2021-05-14_00_00-23_59_Etc_UTC.csv,processed,1260,XAUUSD_5m_BID_2021-05-14.csv,2021-05-14 00:00:00+00:00 to 2021-05-14 20:59:00+00:00
2021-05-16,2021,XAU-USD_1Minute_BID_2021-05-16_00_00-23_59_Etc_UTC.csv,processed,120,XAUUSD_5m_BID_2021-05-16.csv,2021-05-16 22:00:00+00:00 to 2021-05-16 23:59:00+00:00
2021-05-17,2021,XAU-USD_1Minute_BID_2021-05-17_00_00-23_59_Etc_UTC.csv,processed,1380,XAUUSD_5m_BID_2021-05-17.csv,2021-05-17 00:00:00+00:00 to 2021-05-17 23:59:00+00:00
2021-05-18,2021,XAU-USD_1Minute_BID_2021-05-18_00_00-23_59_Etc_UTC.csv,processed,1379,XAUUSD_5m_BID_2021-05-18.csv,2021-05-18 00:00:00+00:00 to 2021-05-18 23:59:00+00:00
2021-05-19,2021,XAU-USD_1Minute_BID_2021-05-19_00_00-23_59_Etc_UTC.csv,processed,1380,XAUUSD_5m_BID_2021-05-19.csv,2021-05-19 00:00:00+00:00 to 2021-05-19 23:59:00+00:00
2021-05-20,2021,XAU-USD_1Minute_BID_2021-05-20_00_00-23_59_Etc_UTC.csv,processed,1380,XAUUSD_5m_BID_2021-05-20.csv,2021-05-20 00:00:00+00:00 to 2021-05-20 23:59:00+00:00
2021-05-21,2021,XAU-USD_1Minute_BID_2021-05-21_00_00-23_59_Etc_UTC.csv,processed,1260,XAUUSD_5m_BID_2021-05-21.csv,2021-05-21 00:00:00+00:00 to 2021-05-21 20:59:00+00:00
2021-05-23,2021,XAU-USD_1Minute_BID_2021-05-23_00_00-23_59_Etc_UTC.csv,processed,120,XAUUSD_5m_BID_2021-05-23.csv,2021-05-23 22:00:00+00:00 to 2021-05-23 23:59:00+00:00
2021-05-24,2021,XAU-USD_1Minute_BID_2021-05-24_00_00-23_59_Etc_UTC.csv,processed,1379,XAUUSD_5m_BID_2021-05-24.csv,2021-05-24 00:00:00+00:00 to 2021-05-24 23:59:00+00:00
2021-05-25,2021,XAU-USD_1Minute_BID_2021-05-25_00_00-23_59_Etc_UTC.csv,processed,1380,XAUUSD_5m_BID_2021-05-25.csv,2021-05-25 00:00:00+00:00 to 2021-05-25 23:59:00+00:00
2021-05-26,2021,XAU-USD_1Minute_BID_2021-05-26_00_00-23_59_Etc_UTC.csv,processed,1380,XAUUSD_5m_BID_2021-05-26.csv,2021-05-26 00:00:00+00:00 to 2021-05-26 23:59:00+00:00
2021-05-27,2021,XAU-USD_1Minute_BID_2021-05-27_00_00-23_59_Etc_UTC.csv,processed,1380,XAUUSD_5m_BID_2021-05-27.csv,2021-05-27 00:00:00+00:00 to 2021-05-27 23:59:00+00:00
2021-05-28,2021,XAU-USD_1Minute_BID_2021-05-28_00_00-23_59_Etc_UTC.csv,processed,1260,XAUUSD_5m_BID_2021-05-28.csv,2021-05-28 00:00:00+00:00 to 2021-05-28 20:59:00+00:00
2021-05-30,2021,XAU-USD_1Minute_BID_2021-05-30_00_00-23_59_Etc_UTC.csv,processed,120,XAUUSD_5m_BID_2021-05-30.csv,2021-05-30 22:00:00+00:00 to 2021-05-30 23:59:00+00:00
2021-05-31,2021,XAU-USD_1Minute_BID_2021-05-31_00_00-23_59_Etc_UTC.csv,processed,1140,XAUUSD_5m_BID_2021-05-31.csv,2021-05-31 00:00:00+00:00 to 2021-05-31 23:59:00+00:00
2021-06-01,2021,XAU-USD_1Minute_BID_2021-06-01_00_00-23_59_Etc_UTC.csv,processed,1380,XAUUSD_5m_BID_2021-06-01.csv,2021-06-01 00:00:00+00:00 to 2021-06-01 23:59:00+00:00
2021-06-02,2021,XAU-USD_1Minute_BID_2021-06-02_00_00-23_59_Etc_UTC.csv,processed,1380,XAUUSD_5m_BID_2021-06-02.csv,2021-06-02 00:00:00+00:00 to 2021-06-02 23:59:00+00:00
2021-06-03,2021,XAU-USD_1Minute_BID_2021-06-03_00_00-23_59_Etc_UTC.csv,processed,1380,XAUUSD_5m_BID_2021-06-03.csv,2021-06-03 00:00:00+00:00 to 2021-06-03 23:59:00+00:00
2021-06-04,2021,XAU-USD_1Minute_BID_2021-06-04_00_00-23_59_Etc_UTC.csv,processed,1260,XAUUSD_5m_BID_2021-06-04.csv,2021-06-04 00:00:00+00:00 to 2021-06-04 20:59:00+00:00
2021-06-06,2021,XAU-USD_1Minute_BID_2021-06-06_00_00-23_59_Etc_UTC.csv,processed,120,XAUUSD_5m_BID_2021-06-06.csv,2021-06-06 22:00:00+00:00 to 2021-06-06 23:59:00+00:00
2021-06-07,2021,XAU-USD_1Minute_BID_2021-06-07_00_00-23_59_Etc_UTC.csv,processed,1379,XAUUSD_5m_BID_2021-06-07.csv,2021-06-07 00:00:00+00:00 to 2021-06-07 23:59:00+00:00
2021-06-08,2021,XAU-USD_1Minute_BID_2021-06-08_00_00-23_59_Etc_UTC.csv,processed,1380,XAUUSD_5m_BID_2021-06-08.csv,2021-06-08 00:00:00+00:00 to 2021-06-08 23:59:00+00:00
2021-06-09,2021,XAU-USD_1Minute_BID_2021-06-09_00_00-23_59_Etc_UTC.csv,processed,1380,XAUUSD_5m_BID_2021-06-09.csv,2021-06-09 00:00:00+00:00 to 2021-06-09 23:59:00+00:00
2021-06-10,2021,XAU-USD_1Minute_BID_2021-06-10_00_00-23_59_Etc_UTC.csv,processed,1379,XAUUSD_5m_BID_2021-06-10.csv,2021-06-10 00:00:00+00:00 to 2021-06-10 23:59:00+00:00
2021-06-11,2021,XAU-USD_1Minute_BID_2021-06-11_00_00-23_59_Etc_UTC.csv,processed,1260,XAUUSD_5m_BID_2021-06-11.csv,2021-06-11 00:00:00+00:00 to 2021-06-11 20:59:00+00:00
2021-06-13,2021,XAU-USD_1Minute_BID_2021-06-13_00_00-23_59_Etc_UTC.csv,processed,120,XAUUSD_5m_BID_2021-06-13.csv,2021-06-13 22:00:00+00:00 to 2021-06-13 23:59:00+00:00
2021-06-14,2021,XAU-USD_1Minute_BID_2021-06-14_00_00-23_59_Etc_UTC.csv,processed,1380,XAUUSD_5m_BID_2021-06-14.csv,2021-06-14 00:00:00+00:00 to 2021-06-14 23:59:00+00:00
2021-06-15,2021,XAU-USD_1Minute_BID_2021-06-15_00_00-23_59_Etc_UTC.csv,processed,1380,XAUUSD_5m_BID_2021-06-15.csv,2021-06-15 00:00:00+00:00 to 2021-06-15 23:59:00+00:00
2021-06-16,2021,XAU-USD_1Minute_BID_2021-06-16_00_00-23_59_Etc_UTC.csv,processed,1380,XAUUSD_5m_BID_2021-06-16.csv,2021-06-16 00:00:00+00:00 to 2021-06-16 23:59:00+00:00
2021-06-17,2021,XAU-USD_1Minute_BID_2021-06-17_00_00-23_59_Etc_UTC.csv,processed,1380,XAUUSD_5m_BID_2021-06-17.csv,2021-06-17 00:00:00+00:00 to 2021-06-17 23:59:00+00:00
2021-06-18,2021,XAU-USD_1Minute_BID_2021-06-18_00_00-23_59_Etc_UTC.csv,processed,1260,XAUUSD_5m_BID_2021-06-18.csv,2021-06-18 00:00:00+00:00 to 2021-06-18 20:59:00+00:00
2021-06-20,2021,XAU-USD_1Minute_BID_2021-06-20_00_00-23_59_Etc_UTC.csv,processed,120,XAUUSD_5m_BID_2021-06-20.csv,2021-06-20 22:00:00+00:00 to 2021-06-20 23:59:00+00:00
2021-06-21,2021,XAU-USD_1Minute_BID_2021-06-21_00_00-23_59_Etc_UTC.csv,processed,1380,XAUUSD_5m_BID_2021-06-21.csv,2021-06-21 00:00:00+00:00 to 2021-06-21 23:59:00+00:00
2021-06-22,2021,XAU-USD_1Minute_BID_2021-06-22_00_00-23_59_Etc_UTC.csv,processed,1380,XAUUSD_5m_BID_2021-06-22.csv,2021-06-22 00:00:00+00:00 to 2021-06-22 23:59:00+00:00
2021-06-23,2021,XAU-USD_1Minute_BID_2021-06-23_00_00-23_59_Etc_UTC.csv,processed,1380,XAUUSD_5m_BID_2021-06-23.csv,2021-06-23 00:00:00+00:00 to 2021-06-23 23:59:00+00:00
2021-06-24,2021,XAU-USD_1Minute_BID_2021-06-24_00_00-23_59_Etc_UTC.csv,processed,1380,XAUUSD_5m_BID_2021-06-24.csv,2021-06-24 00:00:00+00:00 to 2021-06-24 23:59:00+00:00
2021-06-25,2021,XAU-USD_1Minute_BID_2021-06-25_00_00-23_59_Etc_UTC.csv,processed,1260,XAUUSD_5m_BID_2021-06-25.csv,2021-06-25 00:00:00+00:00 to 2021-06-25 20:59:00+00:00
2021-06-27,2021,XAU-USD_1Minute_BID_2021-06-27_00_00-23_59_Etc_UTC.csv,processed,120,XAUUSD_5m_BID_2021-06-27.csv,2021-06-27 22:00:00+00:00 to 2021-06-27 23:59:00+00:00
2021-06-28,2021,XAU-USD_1Minute_BID_2021-06-28_00_00-23_59_Etc_UTC.csv,processed,1380,XAUUSD_5m_BID_2021-06-28.csv,2021-06-28 00:00:00+00:00 to 2021-06-28 23:59:00+00:00
2021-06-29,2021,XAU-USD_1Minute_BID_2021-06-29_00_00-23_59_Etc_UTC.csv,processed,1380,XAUUSD_5m_BID_2021-06-29.csv,2021-06-29 00:00:00+00:00 to 2021-06-29 23:59:00+00:00
2021-06-30,2021,XAU-USD_1Minute_BID_2021-06-30_00_00-23_59_Etc_UTC.csv,processed,1380,XAUUSD_5m_BID_2021-06-30.csv,2021-06-30 00:00:00+00:00 to 2021-06-30 23:59:00+00:00
2021-07-01,2021,XAU-USD_1Minute_BID_2021-07-01_00_00-23_59_Etc_UTC.csv,processed,1380,XAUUSD_5m_BID_2021-07-01.csv,2021-07-01 00:00:00+00:00 to 2021-07-01 23:59:00+00:00
2021-07-02,2021,XAU-USD_1Minute_BID_2021-07-02_00_00-23_59_Etc_UTC.csv,processed,1260,XAUUSD_5m_BID_2021-07-02.csv,2021-07-02 00:00:00+00:00 to 2021-07-02 20:59:00+00:00
2021-07-04,2021,XAU-USD_1Minute_BID_2021-07-04_00_00-23_59_Etc_UTC.csv,processed,120,XAUUSD_5m_BID_2021-07-04.csv,2021-07-04 22:00:00+00:00 to 2021-07-04 23:59:00+00:00
2021-07-05,2021,XAU-USD_1Minute_BID_2021-07-05_00_00-23_59_Etc_UTC.csv,processed,1140,XAUUSD_5m_BID_2021-07-05.csv,2021-07-05 00:00:00+00:00 to 2021-07-05 23:59:00+00:00
2021-07-06,2021,XAU-USD_1Minute_BID_2021-07-06_00_00-23_59_Etc_UTC.csv,processed,1380,XAUUSD_5m_BID_2021-07-06.csv,2021-07-06 00:00:00+00:00 to 2021-07-06 23:59:00+00:00
2021-07-07,2021,XAU-USD_1Minute_BID_2021-07-07_00_00-23_59_Etc_UTC.csv,processed,1380,XAUUSD_5m_BID_2021-07-07.csv,2021-07-07 00:00:00+00:00 to 2021-07-07 23:59:00+00:00
2021-07-08,2021,XAU-USD_1Minute_BID_2021-07-08_00_00-23_59_Etc_UTC.csv,processed,1380,XAUUSD_5m_BID_2021-07-08.csv,2021-07-08 00:00:00+00:00 to 2021-07-08 23:59:00+00:00
2021-07-09,2021,XAU-USD_1Minute_BID_2021-07-09_00_00-23_59_Etc_UTC.csv,processed,1260,XAUUSD_5m_BID_2021-07-09.csv,2021-07-09 00:00:00+00:00 to 2021-07-09 20:59:00+00:00
2021-07-11,2021,XAU-USD_1Minute_BID_2021-07-11_00_00-23_59_Etc_UTC.csv,processed,120,XAUUSD_5m_BID_2021-07-11.csv,2021-07-11 22:00:00+00:00 to 2021-07-11 23:59:00+00:00
2021-07-12,2021,XAU-USD_1Minute_BID_2021-07-12_00_00-23_59_Etc_UTC.csv,processed,1380,XAUUSD_5m_BID_2021-07-12.csv,2021-07-12 00:00:00+00:00 to 2021-07-12 23:59:00+00:00
2021-07-13,2021,XAU-USD_1Minute_BID_2021-07-13_00_00-23_59_Etc_UTC.csv,processed,1380,XAUUSD_5m_BID_2021-07-13.csv,2021-07-13 00:00:00+00:00 to 2021-07-13 23:59:00+00:00
2021-07-14,2021,XAU-USD_1Minute_BID_2021-07-14_00_00-23_59_Etc_UTC.csv,processed,1380,XAUUSD_5m_BID_2021-07-14.csv,2021-07-14 00:00:00+00:00 to 2021-07-14 23:59:00+00:00
2021-07-15,2021,XAU-USD_1Minute_BID_2021-07-15_00_00-23_59_Etc_UTC.csv,processed,1380,XAUUSD_5m_BID_2021-07-15.csv,2021-07-15 00:00:00+00:00 to 2021-07-15 23:59:00+00:00
2021-07-16,2021,XAU-USD_1Minute_BID_2021-07-16_00_00-23_59_Etc_UTC.csv,processed,1260,XAUUSD_5m_BID_2021-07-16.csv,2021-07-16 00:00:00+00:00 to 2021-07-16 20:59:00+00:00
2021-07-18,2021,XAU-USD_1Minute_BID_2021-07-18_00_00-23_59_Etc_UTC.csv,processed,120,XAUUSD_5m_BID_2021-07-18.csv,2021-07-18 22:00:00+00:00 to 2021-07-18 23:59:00+00:00
2021-07-19,2021,XAU-USD_1Minute_BID_2021-07-19_00_00-23_59_Etc_UTC.csv,processed,1380,XAUUSD_5m_BID_2021-07-19.csv,2021-07-19 00:00:00+00:00 to 2021-07-19 23:59:00+00:00
2021-07-20,2021,XAU-USD_1Minute_BID_2021-07-20_00_00-23_59_Etc_UTC.csv,processed,1380,XAUUSD_5m_BID_2021-07-20.csv,2021-07-20 00:00:00+00:00 to 2021-07-20 23:59:00+00:00
2021-07-21,2021,XAU-USD_1Minute_BID_2021-07-21_00_00-23_59_Etc_UTC.csv,processed,1380,XAUUSD_5m_BID_2021-07-21.csv,2021-07-21 00:00:00+00:00 to 2021-07-21 23:59:00+00:00
2021-07-22,2021,XAU-USD_1Minute_BID_2021-07-22_00_00-23_59_Etc_UTC.csv,processed,1380,XAUUSD_5m_BID_2021-07-22.csv,2021-07-22 00:00:00+00:00 to 2021-07-22 23:59:00+00:00
2021-07-23,2021,XAU-USD_1Minute_BID_2021-07-23_00_00-23_59_Etc_UTC.csv,processed,1260,XAUUSD_5m_BID_2021-07-23.csv,2021-07-23 00:00:00+00:00 to 2021-07-23 20:59:00+00:00
2021-07-25,2021,XAU-USD_1Minute_BID_2021-07-25_00_00-23_59_Etc_UTC.csv,processed,120,XAUUSD_5m_BID_2021-07-25.csv,2021-07-25 22:00:00+00:00 to 2021-07-25 23:59:00+00:00
2021-07-26,2021,XAU-USD_1Minute_BID_2021-07-26_00_00-23_59_Etc_UTC.csv,processed,1380,XAUUSD_5m_BID_2021-07-26.csv,2021-07-26 00:00:00+00:00 to 2021-07-26 23:59:00+00:00
2021-07-27,2021,XAU-USD_1Minute_BID_2021-07-27_00_00-23_59_Etc_UTC.csv,processed,1380,XAUUSD_5m_BID_2021-07-27.csv,2021-07-27 00:00:00+00:00 to 2021-07-27 23:59:00+00:00
2021-07-28,2021,XAU-USD_1Minute_BID_2021-07-28_00_00-23_59_Etc_UTC.csv,processed,1380,XAUUSD_5m_BID_2021-07-28.csv,2021-07-28 00:00:00+00:00 to 2021-07-28 23:59:00+00:00
2021-07-29,2021,XAU-USD_1Minute_BID_2021-07-29_00_00-23_59_Etc_UTC.csv,processed,1380,XAUUSD_5m_BID_2021-07-29.csv,2021-07-29 00:00:00+00:00 to 2021-07-29 23:59:00+00:00
2021-07-30,2021,XAU-USD_1Minute_BID_2021-07-30_00_00-23_59_Etc_UTC.csv,processed,1260,XAUUSD_5m_BID_2021-07-30.csv,2021-07-30 00:00:00+00:00 to 2021-07-30 20:59:00+00:00
2021-08-01,2021,XAU-USD_1Minute_BID_2021-08-01_00_00-23_59_Etc_UTC.csv,processed,120,XAUUSD_5m_BID_2021-08-01.csv,2021-08-01 22:00:00+00:00 to 2021-08-01 23:59:00+00:00
2021-08-02,2021,XAU-USD_1Minute_BID_2021-08-02_00_00-23_59_Etc_UTC.csv,processed,1380,XAUUSD_5m_BID_2021-08-02.csv,2021-08-02 00:00:00+00:00 to 2021-08-02 23:59:00+00:00
2021-08-03,2021,XAU-USD_1Minute_BID_2021-08-03_00_00-23_59_Etc_UTC.csv,processed,1378,XAUUSD_5m_BID_2021-08-03.csv,2021-08-03 00:00:00+00:00 to 2021-08-03 23:59:00+00:00
2021-08-04,2021,XAU-USD_1Minute_BID_2021-08-04_00_00-23_59_Etc_UTC.csv,processed,1380,XAUUSD_5m_BID_2021-08-04.csv,2021-08-04 00:00:00+00:00 to 2021-08-04 23:59:00+00:00
2021-08-05,2021,XAU-USD_1Minute_BID_2021-08-05_00_00-23_59_Etc_UTC.csv,processed,1380,XAUUSD_5m_BID_2021-08-05.csv,2021-08-05 00:00:00+00:00 to 2021-08-05 23:59:00+00:00
2021-08-06,2021,XAU-USD_1Minute_BID_2021-08-06_00_00-23_59_Etc_UTC.csv,processed,1259,XAUUSD_5m_BID_2021-08-06.csv,2021-08-06 00:00:00+00:00 to 2021-08-06 20:59:00+00:00
2021-08-08,2021,XAU-USD_1Minute_BID_2021-08-08_00_00-23_59_Etc_UTC.csv,processed,116,XAUUSD_5m_BID_2021-08-08.csv,2021-08-08 22:00:00+00:00 to 2021-08-08 23:59:00+00:00
2021-08-09,2021,XAU-USD_1Minute_BID_2021-08-09_00_00-23_59_Etc_UTC.csv,processed,1380,XAUUSD_5m_BID_2021-08-09.csv,2021-08-09 00:00:00+00:00 to 2021-08-09 23:59:00+00:00
2021-08-10,2021,XAU-USD_1Minute_BID_2021-08-10_00_00-23_59_Etc_UTC.csv,processed,1380,XAUUSD_5m_BID_2021-08-10.csv,2021-08-10 00:00:00+00:00 to 2021-08-10 23:59:00+00:00
2021-08-11,2021,XAU-USD_1Minute_BID_2021-08-11_00_00-23_59_Etc_UTC.csv,processed,1379,XAUUSD_5m_BID_2021-08-11.csv,2021-08-11 00:00:00+00:00 to 2021-08-11 23:59:00+00:00
2021-08-12,2021,XAU-USD_1Minute_BID_2021-08-12_00_00-23_59_Etc_UTC.csv,processed,1380,XAUUSD_5m_BID_2021-08-12.csv,2021-08-12 00:00:00+00:00 to 2021-08-12 23:59:00+00:00
2021-08-13,2021,XAU-USD_1Minute_BID_2021-08-13_00_00-23_59_Etc_UTC.csv,processed,1260,XAUUSD_5m_BID_2021-08-13.csv,2021-08-13 00:00:00+00:00 to 2021-08-13 20:59:00+00:00
2021-08-15,2021,XAU-USD_1Minute_BID_2021-08-15_00_00-23_59_Etc_UTC.csv,processed,120,XAUUSD_5m_BID_2021-08-15.csv,2021-08-15 22:00:00+00:00 to 2021-08-15 23:59:00+00:00
2021-08-16,2021,XAU-USD_1Minute_BID_2021-08-16_00_00-23_59_Etc_UTC.csv,processed,1380,XAUUSD_5m_BID_2021-08-16.csv,2021-08-16 00:00:00+00:00 to 2021-08-16 23:59:00+00:00
2021-08-17,2021,XAU-USD_1Minute_BID_2021-08-17_00_00-23_59_Etc_UTC.csv,processed,1380,XAUUSD_5m_BID_2021-08-17.csv,2021-08-17 00:00:00+00:00 to 2021-08-17 23:59:00+00:00
2021-08-18,2021,XAU-USD_1Minute_BID_2021-08-18_00_00-23_59_Etc_UTC.csv,processed,1380,XAUUSD_5m_BID_2021-08-18.csv,2021-08-18 00:00:00+00:00 to 2021-08-18 23:59:00+00:00
2021-08-19,2021,XAU-USD_1Minute_BID_2021-08-19_00_00-23_59_Etc_UTC.csv,processed,1380,XAUUSD_5m_BID_2021-08-19.csv,2021-08-19 00:00:00+00:00 to 2021-08-19 23:59:00+00:00
2021-08-20,2021,XAU-USD_1Minute_BID_2021-08-20_00_00-23_59_Etc_UTC.csv,processed,1260,XAUUSD_5m_BID_2021-08-20.csv,2021-08-20 00:00:00+00:00 to 2021-08-20 20:59:00+00:00
2021-08-22,2021,XAU-USD_1Minute_BID_2021-08-22_00_00-23_59_Etc_UTC.csv,processed,120,XAUUSD_5m_BID_2021-08-22.csv,2021-08-22 22:00:00+00:00 to 2021-08-22 23:59:00+00:00
2021-08-23,2021,XAU-USD_1Minute_BID_2021-08-23_00_00-23_59_Etc_UTC.csv,processed,1380,XAUUSD_5m_BID_2021-08-23.csv,2021-08-23 00:00:00+00:00 to 2021-08-23 23:59:00+00:00
2021-08-24,2021,XAU-USD_1Minute_BID_2021-08-24_00_00-23_59_Etc_UTC.csv,processed,1378,XAUUSD_5m_BID_2021-08-24.csv,2021-08-24 00:00:00+00:00 to 2021-08-24 23:59:00+00:00
2021-08-25,2021,XAU-USD_1Minute_BID_2021-08-25_00_00-23_59_Etc_UTC.csv,processed,1379,XAUUSD_5m_BID_2021-08-25.csv,2021-08-25 00:00:00+00:00 to 2021-08-25 23:59:00+00:00
2021-08-26,2021,XAU-USD_1Minute_BID_2021-08-26_00_00-23_59_Etc_UTC.csv,processed,1380,XAUUSD_5m_BID_2021-08-26.csv,2021-08-26 00:00:00+00:00 to 2021-08-26 23:59:00+00:00
2021-08-27,2021,XAU-USD_1Minute_BID_2021-08-27_00_00-23_59_Etc_UTC.csv,processed,1260,XAUUSD_5m_BID_2021-08-27.csv,2021-08-27 00:00:00+00:00 to 2021-08-27 20:59:00+00:00
2021-08-29,2021,XAU-USD_1Minute_BID_2021-08-29_00_00-23_59_Etc_UTC.csv,processed,120,XAUUSD_5m_BID_2021-08-29.csv,2021-08-29 22:00:00+00:00 to 2021-08-29 23:59:00+00:00
2021-08-30,2021,XAU-USD_1Minute_BID_2021-08-30_00_00-23_59_Etc_UTC.csv,processed,1380,XAUUSD_5m_BID_2021-08-30.csv,2021-08-30 00:00:00+00:00 to 2021-08-30 23:59:00+00:00
2021-08-31,2021,XAU-USD_1Minute_BID_2021-08-31_00_00-23_59_Etc_UTC.csv,processed,1380,XAUUSD_5m_BID_2021-08-31.csv,2021-08-31 00:00:00+00:00 to 2021-08-31 23:59:00+00:00
2021-09-01,2021,XAU-USD_1Minute_BID_2021-09-01_00_00-23_59_Etc_UTC.csv,processed,1379,XAUUSD_5m_BID_2021-09-01.csv,2021-09-01 00:00:00+00:00 to 2021-09-01 23:59:00+00:00
2021-09-02,2021,XAU-USD_1Minute_BID_2021-09-02_00_00-23_59_Etc_UTC.csv,processed,1380,XAUUSD_5m_BID_2021-09-02.csv,2021-09-02 00:00:00+00:00 to 2021-09-02 23:59:00+00:00
2021-09-03,2021,XAU-USD_1Minute_BID_2021-09-03_00_00-23_59_Etc_UTC.csv,processed,1260,XAUUSD_5m_BID_2021-09-03.csv,2021-09-03 00:00:00+00:00 to 2021-09-03 20:59:00+00:00
2021-09-05,2021,XAU-USD_1Minute_BID_2021-09-05_00_00-23_59_Etc_UTC.csv,processed,120,XAUUSD_5m_BID_2021-09-05.csv,2021-09-05 22:00:00+00:00 to 2021-09-05 23:59:00+00:00
2021-09-06,2021,XAU-USD_1Minute_BID_2021-09-06_00_00-23_59_Etc_UTC.csv,processed,1140,XAUUSD_5m_BID_2021-09-06.csv,2021-09-06 00:00:00+00:00 to 2021-09-06 23:59:00+00:00
2021-09-07,2021,XAU-USD_1Minute_BID_2021-09-07_00_00-23_59_Etc_UTC.csv,processed,1380,XAUUSD_5m_BID_2021-09-07.csv,2021-09-07 00:00:00+00:00 to 2021-09-07 23:59:00+00:00
2021-09-08,2021,XAU-USD_1Minute_BID_2021-09-08_00_00-23_59_Etc_UTC.csv,processed,1380,XAUUSD_5m_BID_2021-09-08.csv,2021-09-08 00:00:00+00:00 to 2021-09-08 23:59:00+00:00
2021-09-09,2021,XAU-USD_1Minute_BID_2021-09-09_00_00-23_59_Etc_UTC.csv,processed,1380,XAUUSD_5m_BID_2021-09-09.csv,2021-09-09 00:00:00+00:00 to 2021-09-09 23:59:00+00:00
2021-09-10,2021,XAU-USD_1Minute_BID_2021-09-10_00_00-23_59_Etc_UTC.csv,processed,1260,XAUUSD_5m_BID_2021-09-10.csv,2021-09-10 00:00:00+00:00 to 2021-09-10 20:59:00+00:00
2021-09-12,2021,XAU-USD_1Minute_BID_2021-09-12_00_00-23_59_Etc_UTC.csv,processed,120,XAUUSD_5m_BID_2021-09-12.csv,2021-09-12 22:00:00+00:00 to 2021-09-12 23:59:00+00:00
2021-09-13,2021,XAU-USD_1Minute_BID_2021-09-13_00_00-23_59_Etc_UTC.csv,processed,1380,XAUUSD_5m_BID_2021-09-13.csv,2021-09-13 00:00:00+00:00 to 2021-09-13 23:59:00+00:00
2021-09-14,2021,XAU-USD_1Minute_BID_2021-09-14_00_00-23_59_Etc_UTC.csv,processed,1380,XAUUSD_5m_BID_2021-09-14.csv,2021-09-14 00:00:00+00:00 to 2021-09-14 23:59:00+00:00
2021-09-15,2021,XAU-USD_1Minute_BID_2021-09-15_00_00-23_59_Etc_UTC.csv,processed,1380,XAUUSD_5m_BID_2021-09-15.csv,2021-09-15 00:00:00+00:00 to 2021-09-15 23:59:00+00:00
2021-09-16,2021,XAU-USD_1Minute_BID_2021-09-16_00_00-23_59_Etc_UTC.csv,processed,1380,XAUUSD_5m_BID_2021-09-16.csv,2021-09-16 00:00:00+00:00 to 2021-09-16 23:59:00+00:00
2021-09-17,2021,XAU-USD_1Minute_BID_2021-09-17_00_00-23_59_Etc_UTC.csv,processed,1260,XAUUSD_5m_BID_2021-09-17.csv,2021-09-17 00:00:00+00:00 to 2021-09-17 20:59:00+00:00
2021-09-19,2021,XAU-USD_1Minute_BID_2021-09-19_00_00-23_59_Etc_UTC.csv,processed,120,XAUUSD_5m_BID_2021-09-19.csv,2021-09-19 22:00:00+00:00 to 2021-09-19 23:59:00+00:00
2021-09-20,2021,XAU-USD_1Minute_BID_2021-09-20_00_00-23_59_Etc_UTC.csv,processed,1380,XAUUSD_5m_BID_2021-09-20.csv,2021-09-20 00:00:00+00:00 to 2021-09-20 23:59:00+00:00
2021-09-21,2021,XAU-USD_1Minute_BID_2021-09-21_00_00-23_59_Etc_UTC.csv,processed,1380,XAUUSD_5m_BID_2021-09-21.csv,2021-09-21 00:00:00+00:00 to 2021-09-21 23:59:00+00:00
2021-09-22,2021,XAU-USD_1Minute_BID_2021-09-22_00_00-23_59_Etc_UTC.csv,processed,1380,XAUUSD_5m_BID_2021-09-22.csv,2021-09-22 00:00:00+00:00 to 2021-09-22 23:59:00+00:00
2021-09-23,2021,XAU-USD_1Minute_BID_2021-09-23_00_00-23_59_Etc_UTC.csv,processed,1380,XAUUSD_5m_BID_2021-09-23.csv,2021-09-23 00:00:00+00:00 to 2021-09-23 23:59:00+00:00
2021-09-24,2021,XAU-USD_1Minute_BID_2021-09-24_00_00-23_59_Etc_UTC.csv,processed,1260,XAUUSD_5m_BID_2021-09-24.csv,2021-09-24 00:00:00+00:00 to 2021-09-24 20:59:00+00:00
2021-09-26,2021,XAU-USD_1Minute_BID_2021-09-26_00_00-23_59_Etc_UTC.csv,processed,120,XAUUSD_5m_BID_2021-09-26.csv,2021-09-26 22:00:00+00:00 to 2021-09-26 23:59:00+00:00
2021-09-27,2021,XAU-USD_1Minute_BID_2021-09-27_00_00-23_59_Etc_UTC.csv,processed,1380,XAUUSD_5m_BID_2021-09-27.csv,2021-09-27 00:00:00+00:00 to 2021-09-27 23:59:00+00:00
2021-09-28,2021,XAU-USD_1Minute_BID_2021-09-28_00_00-23_59_Etc_UTC.csv,processed,1380,XAUUSD_5m_BID_2021-09-28.csv,2021-09-28 00:00:00+00:00 to 2021-09-28 23:59:00+00:00
2021-09-29,2021,XAU-USD_1Minute_BID_2021-09-29_00_00-23_59_Etc_UTC.csv,processed,1380,XAUUSD_5m_BID_2021-09-29.csv,2021-09-29 00:00:00+00:00 to 2021-09-29 23:59:00+00:00
2021-09-30,2021,XAU-USD_1Minute_BID_2021-09-30_00_00-23_59_Etc_UTC.csv,processed,1380,XAUUSD_5m_BID_2021-09-30.csv,2021-09-30 00:00:00+00:00 to 2021-09-30 23:59:00+00:00
2021-10-01,2021,XAU-USD_1Minute_BID_2021-10-01_00_00-23_59_Etc_UTC.csv,processed,1260,XAUUSD_5m_BID_2021-10-01.csv,2021-10-01 00:00:00+00:00 to 2021-10-01 20:59:00+00:00
2021-10-03,2021,XAU-USD_1Minute_BID_2021-10-03_00_00-23_59_Etc_UTC.csv,processed,120,XAUUSD_5m_BID_2021-10-03.csv,2021-10-03 22:00:00+00:00 to 2021-10-03 23:59:00+00:00
2021-10-04,2021,XAU-USD_1Minute_BID_2021-10-04_00_00-23_59_Etc_UTC.csv,processed,1380,XAUUSD_5m_BID_2021-10-04.csv,2021-10-04 00:00:00+00:00 to 2021-10-04 23:59:00+00:00
2021-10-05,2021,XAU-USD_1Minute_BID_2021-10-05_00_00-23_59_Etc_UTC.csv,processed,1380,XAUUSD_5m_BID_2021-10-05.csv,2021-10-05 00:00:00+00:00 to 2021-10-05 23:59:00+00:00
2021-10-06,2021,XAU-USD_1Minute_BID_2021-10-06_00_00-23_59_Etc_UTC.csv,processed,1380,XAUUSD_5m_BID_2021-10-06.csv,2021-10-06 00:00:00+00:00 to 2021-10-06 23:59:00+00:00
2021-10-07,2021,XAU-USD_1Minute_BID_2021-10-07_00_00-23_59_Etc_UTC.csv,processed,1380,XAUUSD_5m_BID_2021-10-07.csv,2021-10-07 00:00:00+00:00 to 2021-10-07 23:59:00+00:00
2021-10-08,2021,XAU-USD_1Minute_BID_2021-10-08_00_00-23_59_Etc_UTC.csv,processed,1260,XAUUSD_5m_BID_2021-10-08.csv,2021-10-08 00:00:00+00:00 to 2021-10-08 20:59:00+00:00
2021-10-10,2021,XAU-USD_1Minute_BID_2021-10-10_00_00-23_59_Etc_UTC.csv,processed,120,XAUUSD_5m_BID_2021-10-10.csv,2021-10-10 22:00:00+00:00 to 2021-10-10 23:59:00+00:00
2021-10-11,2021,XAU-USD_1Minute_BID_2021-10-11_00_00-23_59_Etc_UTC.csv,processed,1380,XAUUSD_5m_BID_2021-10-11.csv,2021-10-11 00:00:00+00:00 to 2021-10-11 23:59:00+00:00
2021-10-12,2021,XAU-USD_1Minute_BID_2021-10-12_00_00-23_59_Etc_UTC.csv,processed,1380,XAUUSD_5m_BID_2021-10-12.csv,2021-10-12 00:00:00+00:00 to 2021-10-12 23:59:00+00:00
2021-10-13,2021,XAU-USD_1Minute_BID_2021-10-13_00_00-23_59_Etc_UTC.csv,processed,1380,XAUUSD_5m_BID_2021-10-13.csv,2021-10-13 00:00:00+00:00 to 2021-10-13 23:59:00+00:00
2021-10-14,2021,XAU-USD_1Minute_BID_2021-10-14_00_00-23_59_Etc_UTC.csv,processed,1378,XAUUSD_5m_BID_2021-10-14.csv,2021-10-14 00:00:00+00:00 to 2021-10-14 23:59:00+00:00
2021-10-15,2021,XAU-USD_1Minute_BID_2021-10-15_00_00-23_59_Etc_UTC.csv,processed,1260,XAUUSD_5m_BID_2021-10-15.csv,2021-10-15 00:00:00+00:00 to 2021-10-15 20:59:00+00:00
2021-10-17,2021,XAU-USD_1Minute_BID_2021-10-17_00_00-23_59_Etc_UTC.csv,processed,120,XAUUSD_5m_BID_2021-10-17.csv,2021-10-17 22:00:00+00:00 to 2021-10-17 23:59:00+00:00
2021-10-18,2021,XAU-USD_1Minute_BID_2021-10-18_00_00-23_59_Etc_UTC.csv,processed,1377,XAUUSD_5m_BID_2021-10-18.csv,2021-10-18 00:00:00+00:00 to 2021-10-18 23:59:00+00:00
2021-10-19,2021,XAU-USD_1Minute_BID_2021-10-19_00_00-23_59_Etc_UTC.csv,processed,1380,XAUUSD_5m_BID_2021-10-19.csv,2021-10-19 00:00:00+00:00 to 2021-10-19 23:59:00+00:00
2021-10-20,2021,XAU-USD_1Minute_BID_2021-10-20_00_00-23_59_Etc_UTC.csv,processed,1380,XAUUSD_5m_BID_2021-10-20.csv,2021-10-20 00:00:00+00:00 to 2021-10-20 23:59:00+00:00
2021-10-21,2021,XAU-USD_1Minute_BID_2021-10-21_00_00-23_59_Etc_UTC.csv,processed,1380,XAUUSD_5m_BID_2021-10-21.csv,2021-10-21 00:00:00+00:00 to 2021-10-21 23:59:00+00:00
2021-10-22,2021,XAU-USD_1Minute_BID_2021-10-22_00_00-23_59_Etc_UTC.csv,processed,1260,XAUUSD_5m_BID_2021-10-22.csv,2021-10-22 00:00:00+00:00 to 2021-10-22 20:59:00+00:00
2021-10-24,2021,XAU-USD_1Minute_BID_2021-10-24_00_00-23_59_Etc_UTC.csv,processed,120,XAUUSD_5m_BID_2021-10-24.csv,2021-10-24 22:00:00+00:00 to 2021-10-24 23:59:00+00:00
2021-10-25,2021,XAU-USD_1Minute_BID_2021-10-25_00_00-23_59_Etc_UTC.csv,processed,1379,XAUUSD_5m_BID_2021-10-25.csv,2021-10-25 00:00:00+00:00 to 2021-10-25 23:59:00+00:00
2021-10-26,2021,XAU-USD_1Minute_BID_2021-10-26_00_00-23_59_Etc_UTC.csv,processed,1380,XAUUSD_5m_BID_2021-10-26.csv,2021-10-26 00:00:00+00:00 to 2021-10-26 23:59:00+00:00
2021-10-27,2021,XAU-USD_1Minute_BID_2021-10-27_00_00-23_59_Etc_UTC.csv,processed,1380,XAUUSD_5m_BID_2021-10-27.csv,2021-10-27 00:00:00+00:00 to 2021-10-27 23:59:00+00:00
2021-10-28,2021,XAU-USD_1Minute_BID_2021-10-28_00_00-23_59_Etc_UTC.csv,processed,1380,XAUUSD_5m_BID_2021-10-28.csv,2021-10-28 00:00:00+00:00 to 2021-10-28 23:59:00+00:00
2021-10-29,2021,XAU-USD_1Minute_BID_2021-10-29_00_00-23_59_Etc_UTC.csv,processed,1260,XAUUSD_5m_BID_2021-10-29.csv,2021-10-29 00:00:00+00:00 to 2021-10-29 20:59:00+00:00
2021-10-31,2021,XAU-USD_1Minute_BID_2021-10-31_00_00-23_59_Etc_UTC.csv,processed,120,XAUUSD_5m_BID_2021-10-31.csv,2021-10-31 22:00:00+00:00 to 2021-10-31 23:59:00+00:00
2021-11-01,2021,XAU-USD_1Minute_BID_2021-11-01_00_00-23_59_Etc_UTC.csv,processed,1380,XAUUSD_5m_BID_2021-11-01.csv,2021-11-01 00:00:00+00:00 to 2021-11-01 23:59:00+00:00
2021-11-02,2021,XAU-USD_1Minute_BID_2021-11-02_00_00-23_59_Etc_UTC.csv,processed,1380,XAUUSD_5m_BID_2021-11-02.csv,2021-11-02 00:00:00+00:00 to 2021-11-02 23:59:00+00:00
2021-11-03,2021,XAU-USD_1Minute_BID_2021-11-03_00_00-23_59_Etc_UTC.csv,processed,1380,XAUUSD_5m_BID_2021-11-03.csv,2021-11-03 00:00:00+00:00 to 2021-11-03 23:59:00+00:00
2021-11-04,2021,XAU-USD_1Minute_BID_2021-11-04_00_00-23_59_Etc_UTC.csv,processed,1380,XAUUSD_5m_BID_2021-11-04.csv,2021-11-04 00:00:00+00:00 to 2021-11-04 23:59:00+00:00
2021-11-05,2021,XAU-USD_1Minute_BID_2021-11-05_00_00-23_59_Etc_UTC.csv,processed,1260,XAUUSD_5m_BID_2021-11-05.csv,2021-11-05 00:00:00+00:00 to 2021-11-05 20:59:00+00:00
2021-11-07,2021,XAU-USD_1Minute_BID_2021-11-07_00_00-23_59_Etc_UTC.csv,processed,60,XAUUSD_5m_BID_2021-11-07.csv,2021-11-07 23:00:00+00:00 to 2021-11-07 23:59:00+00:00
2021-11-08,2021,XAU-USD_1Minute_BID_2021-11-08_00_00-23_59_Etc_UTC.csv,processed,1380,XAUUSD_5m_BID_2021-11-08.csv,2021-11-08 00:00:00+00:00 to 2021-11-08 23:59:00+00:00
2021-11-09,2021,XAU-USD_1Minute_BID_2021-11-09_00_00-23_59_Etc_UTC.csv,processed,1380,XAUUSD_5m_BID_2021-11-09.csv,2021-11-09 00:00:00+00:00 to 2021-11-09 23:59:00+00:00
2021-11-10,2021,XAU-USD_1Minute_BID_2021-11-10_00_00-23_59_Etc_UTC.csv,processed,1380,XAUUSD_5m_BID_2021-11-10.csv,2021-11-10 00:00:00+00:00 to 2021-11-10 23:59:00+00:00
2021-11-11,2021,XAU-USD_1Minute_BID_2021-11-11_00_00-23_59_Etc_UTC.csv,processed,1380,XAUUSD_5m_BID_2021-11-11.csv,2021-11-11 00:00:00+00:00 to 2021-11-11 23:59:00+00:00
2021-11-12,2021,XAU-USD_1Minute_BID_2021-11-12_00_00-23_59_Etc_UTC.csv,processed,1320,XAUUSD_5m_BID_2021-11-12.csv,2021-11-12 00:00:00+00:00 to 2021-11-12 21:59:00+00:00
2021-11-14,2021,XAU-USD_1Minute_BID_2021-11-14_00_00-23_59_Etc_UTC.csv,processed,60,XAUUSD_5m_BID_2021-11-14.csv,2021-11-14 23:00:00+00:00 to 2021-11-14 23:59:00+00:00
2021-11-15,2021,XAU-USD_1Minute_BID_2021-11-15_00_00-23_59_Etc_UTC.csv,processed,1380,XAUUSD_5m_BID_2021-11-15.csv,2021-11-15 00:00:00+00:00 to 2021-11-15 23:59:00+00:00
2021-11-16,2021,XAU-USD_1Minute_BID_2021-11-16_00_00-23_59_Etc_UTC.csv,processed,1380,XAUUSD_5m_BID_2021-11-16.csv,2021-11-16 00:00:00+00:00 to 2021-11-16 23:59:00+00:00
2021-11-17,2021,XAU-USD_1Minute_BID_2021-11-17_00_00-23_59_Etc_UTC.csv,processed,1380,XAUUSD_5m_BID_2021-11-17.csv,2021-11-17 00:00:00+00:00 to 2021-11-17 23:59:00+00:00
2021-11-18,2021,XAU-USD_1Minute_BID_2021-11-18_00_00-23_59_Etc_UTC.csv,processed,1380,XAUUSD_5m_BID_2021-11-18.csv,2021-11-18 00:00:00+00:00 to 2021-11-18 23:59:00+00:00
2021-11-19,2021,XAU-USD_1Minute_BID_2021-11-19_00_00-23_59_Etc_UTC.csv,processed,1320,XAUUSD_5m_BID_2021-11-19.csv,2021-11-19 00:00:00+00:00 to 2021-11-19 21:59:00+00:00
2021-11-21,2021,XAU-USD_1Minute_BID_2021-11-21_00_00-23_59_Etc_UTC.csv,processed,60,XAUUSD_5m_BID_2021-11-21.csv,2021-11-21 23:00:00+00:00 to 2021-11-21 23:59:00+00:00
2021-11-22,2021,XAU-USD_1Minute_BID_2021-11-22_00_00-23_59_Etc_UTC.csv,processed,1380,XAUUSD_5m_BID_2021-11-22.csv,2021-11-22 00:00:00+00:00 to 2021-11-22 23:59:00+00:00
2021-11-23,2021,XAU-USD_1Minute_BID_2021-11-23_00_00-23_59_Etc_UTC.csv,processed,1380,XAUUSD_5m_BID_2021-11-23.csv,2021-11-23 00:00:00+00:00 to 2021-11-23 23:59:00+00:00
2021-11-24,2021,XAU-USD_1Minute_BID_2021-11-24_00_00-23_59_Etc_UTC.csv,processed,1380,XAUUSD_5m_BID_2021-11-24.csv,2021-11-24 00:00:00+00:00 to 2021-11-24 23:59:00+00:00
2021-11-25,2021,XAU-USD_1Minute_BID_2021-11-25_00_00-23_59_Etc_UTC.csv,processed,1121,XAUUSD_5m_BID_2021-11-25.csv,2021-11-25 00:00:00+00:00 to 2021-11-25 23:59:00+00:00
2021-11-26,2021,XAU-USD_1Minute_BID_2021-11-26_00_00-23_59_Etc_UTC.csv,processed,1124,XAUUSD_5m_BID_2021-11-26.csv,2021-11-26 00:00:00+00:00 to 2021-11-26 18:43:00+00:00
2021-11-28,2021,XAU-USD_1Minute_BID_2021-11-28_00_00-23_59_Etc_UTC.csv,processed,60,XAUUSD_5m_BID_2021-11-28.csv,2021-11-28 23:00:00+00:00 to 2021-11-28 23:59:00+00:00
2021-11-29,2021,XAU-USD_1Minute_BID_2021-11-29_00_00-23_59_Etc_UTC.csv,processed,1380,XAUUSD_5m_BID_2021-11-29.csv,2021-11-29 00:00:00+00:00 to 2021-11-29 23:59:00+00:00
2021-11-30,2021,XAU-USD_1Minute_BID_2021-11-30_00_00-23_59_Etc_UTC.csv,processed,1380,XAUUSD_5m_BID_2021-11-30.csv,2021-11-30 00:00:00+00:00 to 2021-11-30 23:59:00+00:00
2021-12-01,2021,XAU-USD_1Minute_BID_2021-12-01_00_00-23_59_Etc_UTC.csv,processed,1380,XAUUSD_5m_BID_2021-12-01.csv,2021-12-01 00:00:00+00:00 to 2021-12-01 23:59:00+00:00
2021-12-02,2021,XAU-USD_1Minute_BID_2021-12-02_00_00-23_59_Etc_UTC.csv,processed,1380,XAUUSD_5m_BID_2021-12-02.csv,2021-12-02 00:00:00+00:00 to 2021-12-02 23:59:00+00:00
2021-12-03,2021,XAU-USD_1Minute_BID_2021-12-03_00_00-23_59_Etc_UTC.csv,processed,1320,XAUUSD_5m_BID_2021-12-03.csv,2021-12-03 00:00:00+00:00 to 2021-12-03 21:59:00+00:00
2021-12-05,2021,XAU-USD_1Minute_BID_2021-12-05_00_00-23_59_Etc_UTC.csv,processed,60,XAUUSD_5m_BID_2021-12-05.csv,2021-12-05 23:00:00+00:00 to 2021-12-05 23:59:00+00:00
2021-12-06,2021,XAU-USD_1Minute_BID_2021-12-06_00_00-23_59_Etc_UTC.csv,processed,1380,XAUUSD_5m_BID_2021-12-06.csv,2021-12-06 00:00:00+00:00 to 2021-12-06 23:59:00+00:00
2021-12-07,2021,XAU-USD_1Minute_BID_2021-12-07_00_00-23_59_Etc_UTC.csv,processed,1380,XAUUSD_5m_BID_2021-12-07.csv,2021-12-07 00:00:00+00:00 to 2021-12-07 23:59:00+00:00
2021-12-08,2021,XAU-USD_1Minute_BID_2021-12-08_00_00-23_59_Etc_UTC.csv,processed,1380,XAUUSD_5m_BID_2021-12-08.csv,2021-12-08 00:00:00+00:00 to 2021-12-08 23:59:00+00:00
2021-12-09,2021,XAU-USD_1Minute_BID_2021-12-09_00_00-23_59_Etc_UTC.csv,processed,1380,XAUUSD_5m_BID_2021-12-09.csv,2021-12-09 00:00:00+00:00 to 2021-12-09 23:59:00+00:00
2021-12-10,2021,XAU-USD_1Minute_BID_2021-12-10_00_00-23_59_Etc_UTC.csv,processed,1320,XAUUSD_5m_BID_2021-12-10.csv,2021-12-10 00:00:00+00:00 to 2021-12-10 21:59:00+00:00
2021-12-12,2021,XAU-USD_1Minute_BID_2021-12-12_00_00-23_59_Etc_UTC.csv,processed,60,XAUUSD_5m_BID_2021-12-12.csv,2021-12-12 23:00:00+00:00 to 2021-12-12 23:59:00+00:00
2021-12-13,2021,XAU-USD_1Minute_BID_2021-12-13_00_00-23_59_Etc_UTC.csv,processed,1380,XAUUSD_5m_BID_2021-12-13.csv,2021-12-13 00:00:00+00:00 to 2021-12-13 23:59:00+00:00
2021-12-14,2021,XAU-USD_1Minute_BID_2021-12-14_00_00-23_59_Etc_UTC.csv,processed,1377,XAUUSD_5m_BID_2021-12-14.csv,2021-12-14 00:00:00+00:00 to 2021-12-14 23:59:00+00:00
2021-12-15,2021,XAU-USD_1Minute_BID_2021-12-15_00_00-23_59_Etc_UTC.csv,processed,1380,XAUUSD_5m_BID_2021-12-15.csv,2021-12-15 00:00:00+00:00 to 2021-12-15 23:59:00+00:00
2021-12-16,2021,XAU-USD_1Minute_BID_2021-12-16_00_00-23_59_Etc_UTC.csv,processed,1380,XAUUSD_5m_BID_2021-12-16.csv,2021-12-16 00:00:00+00:00 to 2021-12-16 23:59:00+00:00
2021-12-17,2021,XAU-USD_1Minute_BID_2021-12-17_00_00-23_59_Etc_UTC.csv,processed,1320,XAUUSD_5m_BID_2021-12-17.csv,2021-12-17 00:00:00+00:00 to 2021-12-17 21:59:00+00:00
2021-12-19,2021,XAU-USD_1Minute_BID_2021-12-19_00_00-23_59_Etc_UTC.csv,processed,60,XAUUSD_5m_BID_2021-12-19.csv,2021-12-19 23:00:00+00:00 to 2021-12-19 23:59:00+00:00
2021-12-20,2021,XAU-USD_1Minute_BID_2021-12-20_00_00-23_59_Etc_UTC.csv,processed,1380,XAUUSD_5m_BID_2021-12-20.csv,2021-12-20 00:00:00+00:00 to 2021-12-20 23:59:00+00:00
2021-12-21,2021,XAU-USD_1Minute_BID_2021-12-21_00_00-23_59_Etc_UTC.csv,processed,1380,XAUUSD_5m_BID_2021-12-21.csv,2021-12-21 00:00:00+00:00 to 2021-12-21 23:59:00+00:00
2021-12-22,2021,XAU-USD_1Minute_BID_2021-12-22_00_00-23_59_Etc_UTC.csv,processed,1380,XAUUSD_5m_BID_2021-12-22.csv,2021-12-22 00:00:00+00:00 to 2021-12-22 23:59:00+00:00
2021-12-23,2021,XAU-USD_1Minute_BID_2021-12-23_00_00-23_59_Etc_UTC.csv,processed,1319,XAUUSD_5m_BID_2021-12-23.csv,2021-12-23 00:00:00+00:00 to 2021-12-23 21:58:00+00:00
2021-12-26,2021,XAU-USD_1Minute_BID_2021-12-26_00_00-23_59_Etc_UTC.csv,processed,60,XAUUSD_5m_BID_2021-12-26.csv,2021-12-26 23:00:00+00:00 to 2021-12-26 23:59:00+00:00
2021-12-27,2021,XAU-USD_1Minute_BID_2021-12-27_00_00-23_59_Etc_UTC.csv,processed,1378,XAUUSD_5m_BID_2021-12-27.csv,2021-12-27 00:00:00+00:00 to 2021-12-27 23:59:00+00:00
2021-12-28,2021,XAU-USD_1Minute_BID_2021-12-28_00_00-23_59_Etc_UTC.csv,processed,1380,XAUUSD_5m_BID_2021-12-28.csv,2021-12-28 00:00:00+00:00 to 2021-12-28 23:59:00+00:00
2021-12-29,2021,XAU-USD_1Minute_BID_2021-12-29_00_00-23_59_Etc_UTC.csv,processed,1380,XAUUSD_5m_BID_2021-12-29.csv,2021-12-29 00:00:00+00:00 to 2021-12-29 23:59:00+00:00
2021-12-30,2021,XAU-USD_1Minute_BID_2021-12-30_00_00-23_59_Etc_UTC.csv,processed,1380,XAUUSD_5m_BID_2021-12-30.csv,2021-12-30 00:00:00+00:00 to 2021-12-30 23:59:00+00:00
2021-12-31,2021,XAU-USD_1Minute_BID_2021-12-31_00_00-23_59_Etc_UTC.csv,processed,1320,XAUUSD_5m_BID_2021-12-31.csv,2021-12-31 00:00:00+00:00 to 2021-12-31 21:59:00+00:00
2022-01-02,2022,XAU-USD_1Minute_BID_2022-01-02_00_00-23_59_Etc_UTC.csv,processed,60,XAUUSD_5m_BID_2022-01-02.csv,2022-01-02 23:00:00+00:00 to 2022-01-02 23:59:00+00:00
2022-01-03,2022,XAU-USD_1Minute_BID_2022-01-03_00_00-23_59_Etc_UTC.csv,processed,1380,XAUUSD_5m_BID_2022-01-03.csv,2022-01-03 00:00:00+00:00 to 2022-01-03 23:59:00+00:00
2022-01-04,2022,XAU-USD_1Minute_BID_2022-01-04_00_00-23_59_Etc_UTC.csv,processed,1380,XAUUSD_5m_BID_2022-01-04.csv,2022-01-04 00:00:00+00:00 to 2022-01-04 23:59:00+00:00
2022-01-05,2022,XAU-USD_1Minute_BID_2022-01-05_00_00-23_59_Etc_UTC.csv,processed,1380,XAUUSD_5m_BID_2022-01-05.csv,2022-01-05 00:00:00+00:00 to 2022-01-05 23:59:00+00:00
2022-01-06,2022,XAU-USD_1Minute_BID_2022-01-06_00_00-23_59_Etc_UTC.csv,processed,1380,XAUUSD_5m_BID_2022-01-06.csv,2022-01-06 00:00:00+00:00 to 2022-01-06 23:59:00+00:00
2022-01-07,2022,XAU-USD_1Minute_BID_2022-01-07_00_00-23_59_Etc_UTC.csv,processed,1320,XAUUSD_5m_BID_2022-01-07.csv,2022-01-07 00:00:00+00:00 to 2022-01-07 21:59:00+00:00
2022-01-09,2022,XAU-USD_1Minute_BID_2022-01-09_00_00-23_59_Etc_UTC.csv,processed,60,XAUUSD_5m_BID_2022-01-09.csv,2022-01-09 23:00:00+00:00 to 2022-01-09 23:59:00+00:00
2022-01-10,2022,XAU-USD_1Minute_BID_2022-01-10_00_00-23_59_Etc_UTC.csv,processed,1380,XAUUSD_5m_BID_2022-01-10.csv,2022-01-10 00:00:00+00:00 to 2022-01-10 23:59:00+00:00
2022-01-11,2022,XAU-USD_1Minute_BID_2022-01-11_00_00-23_59_Etc_UTC.csv,processed,1380,XAUUSD_5m_BID_2022-01-11.csv,2022-01-11 00:00:00+00:00 to 2022-01-11 23:59:00+00:00
2022-01-12,2022,XAU-USD_1Minute_BID_2022-01-12_00_00-23_59_Etc_UTC.csv,processed,1380,XAUUSD_5m_BID_2022-01-12.csv,2022-01-12 00:00:00+00:00 to 2022-01-12 23:59:00+00:00
2022-01-13,2022,XAU-USD_1Minute_BID_2022-01-13_00_00-23_59_Etc_UTC.csv,processed,1380,XAUUSD_5m_BID_2022-01-13.csv,2022-01-13 00:00:00+00:00 to 2022-01-13 23:59:00+00:00
2022-01-14,2022,XAU-USD_1Minute_BID_2022-01-14_00_00-23_59_Etc_UTC.csv,processed,1320,XAUUSD_5m_BID_2022-01-14.csv,2022-01-14 00:00:00+00:00 to 2022-01-14 21:59:00+00:00
2022-01-16,2022,XAU-USD_1Minute_BID_2022-01-16_00_00-23_59_Etc_UTC.csv,processed,60,XAUUSD_5m_BID_2022-01-16.csv,2022-01-16 23:00:00+00:00 to 2022-01-16 23:59:00+00:00
2022-01-17,2022,XAU-USD_1Minute_BID_2022-01-17_00_00-23_59_Etc_UTC.csv,processed,1139,XAUUSD_5m_BID_2022-01-17.csv,2022-01-17 00:00:00+00:00 to 2022-01-17 23:59:00+00:00
2022-01-18,2022,XAU-USD_1Minute_BID_2022-01-18_00_00-23_59_Etc_UTC.csv,processed,1380,XAUUSD_5m_BID_2022-01-18.csv,2022-01-18 00:00:00+00:00 to 2022-01-18 23:59:00+00:00
2022-01-19,2022,XAU-USD_1Minute_BID_2022-01-19_00_00-23_59_Etc_UTC.csv,processed,1380,XAUUSD_5m_BID_2022-01-19.csv,2022-01-19 00:00:00+00:00 to 2022-01-19 23:59:00+00:00
2022-01-20,2022,XAU-USD_1Minute_BID_2022-01-20_00_00-23_59_Etc_UTC.csv,processed,1380,XAUUSD_5m_BID_2022-01-20.csv,2022-01-20 00:00:00+00:00 to 2022-01-20 23:59:00+00:00
2022-01-21,2022,XAU-USD_1Minute_BID_2022-01-21_00_00-23_59_Etc_UTC.csv,processed,1320,XAUUSD_5m_BID_2022-01-21.csv,2022-01-21 00:00:00+00:00 to 2022-01-21 21:59:00+00:00
2022-01-23,2022,XAU-USD_1Minute_BID_2022-01-23_00_00-23_59_Etc_UTC.csv,processed,60,XAUUSD_5m_BID_2022-01-23.csv,2022-01-23 23:00:00+00:00 to 2022-01-23 23:59:00+00:00
2022-01-24,2022,XAU-USD_1Minute_BID_2022-01-24_00_00-23_59_Etc_UTC.csv,processed,1380,XAUUSD_5m_BID_2022-01-24.csv,2022-01-24 00:00:00+00:00 to 2022-01-24 23:59:00+00:00
2022-01-25,2022,XAU-USD_1Minute_BID_2022-01-25_00_00-23_59_Etc_UTC.csv,processed,1380,XAUUSD_5m_BID_2022-01-25.csv,2022-01-25 00:00:00+00:00 to 2022-01-25 23:59:00+00:00
2022-01-26,2022,XAU-USD_1Minute_BID_2022-01-26_00_00-23_59_Etc_UTC.csv,processed,1380,XAUUSD_5m_BID_2022-01-26.csv,2022-01-26 00:00:00+00:00 to 2022-01-26 23:59:00+00:00
2022-01-27,2022,XAU-USD_1Minute_BID_2022-01-27_00_00-23_59_Etc_UTC.csv,processed,1380,XAUUSD_5m_BID_2022-01-27.csv,2022-01-27 00:00:00+00:00 to 2022-01-27 23:59:00+00:00
2022-01-28,2022,XAU-USD_1Minute_BID_2022-01-28_00_00-23_59_Etc_UTC.csv,processed,1320,XAUUSD_5m_BID_2022-01-28.csv,2022-01-28 00:00:00+00:00 to 2022-01-28 21:59:00+00:00
2022-01-30,2022,XAU-USD_1Minute_BID_2022-01-30_00_00-23_59_Etc_UTC.csv,processed,60,XAUUSD_5m_BID_2022-01-30.csv,2022-01-30 23:00:00+00:00 to 2022-01-30 23:59:00+00:00
2022-01-31,2022,XAU-USD_1Minute_BID_2022-01-31_00_00-23_59_Etc_UTC.csv,processed,1380,XAUUSD_5m_BID_2022-01-31.csv,2022-01-31 00:00:00+00:00 to 2022-01-31 23:59:00+00:00
2022-02-01,2022,XAU-USD_1Minute_BID_2022-02-01_00_00-23_59_Etc_UTC.csv,processed,1380,XAUUSD_5m_BID_2022-02-01.csv,2022-02-01 00:00:00+00:00 to 2022-02-01 23:59:00+00:00
2022-02-02,2022,XAU-USD_1Minute_BID_2022-02-02_00_00-23_59_Etc_UTC.csv,processed,1380,XAUUSD_5m_BID_2022-02-02.csv,2022-02-02 00:00:00+00:00 to 2022-02-02 23:59:00+00:00
2022-02-03,2022,XAU-USD_1Minute_BID_2022-02-03_00_00-23_59_Etc_UTC.csv,processed,1380,XAUUSD_5m_BID_2022-02-03.csv,2022-02-03 00:00:00+00:00 to 2022-02-03 23:59:00+00:00
2022-02-04,2022,XAU-USD_1Minute_BID_2022-02-04_00_00-23_59_Etc_UTC.csv,processed,1320,XAUUSD_5m_BID_2022-02-04.csv,2022-02-04 00:00:00+00:00 to 2022-02-04 21:59:00+00:00
2022-02-06,2022,XAU-USD_1Minute_BID_2022-02-06_00_00-23_59_Etc_UTC.csv,processed,60,XAUUSD_5m_BID_2022-02-06.csv,2022-02-06 23:00:00+00:00 to 2022-02-06 23:59:00+00:00
2022-02-07,2022,XAU-USD_1Minute_BID_2022-02-07_00_00-23_59_Etc_UTC.csv,processed,1380,XAUUSD_5m_BID_2022-02-07.csv,2022-02-07 00:00:00+00:00 to 2022-02-07 23:59:00+00:00
2022-02-08,2022,XAU-USD_1Minute_BID_2022-02-08_00_00-23_59_Etc_UTC.csv,processed,1380,XAUUSD_5m_BID_2022-02-08.csv,2022-02-08 00:00:00+00:00 to 2022-02-08 23:59:00+00:00
2022-02-09,2022,XAU-USD_1Minute_BID_2022-02-09_00_00-23_59_Etc_UTC.csv,processed,1380,XAUUSD_5m_BID_2022-02-09.csv,2022-02-09 00:00:00+00:00 to 2022-02-09 23:59:00+00:00
2022-02-10,2022,XAU-USD_1Minute_BID_2022-02-10_00_00-23_59_Etc_UTC.csv,processed,1380,XAUUSD_5m_BID_2022-02-10.csv,2022-02-10 00:00:00+00:00 to 2022-02-10 23:59:00+00:00
2022-02-11,2022,XAU-USD_1Minute_BID_2022-02-11_00_00-23_59_Etc_UTC.csv,processed,1320,XAUUSD_5m_BID_2022-02-11.csv,2022-02-11 00:00:00+00:00 to 2022-02-11 21:59:00+00:00
2022-02-13,2022,XAU-USD_1Minute_BID_2022-02-13_00_00-23_59_Etc_UTC.csv,processed,60,XAUUSD_5m_BID_2022-02-13.csv,2022-02-13 23:00:00+00:00 to 2022-02-13 23:59:00+00:00
2022-02-14,2022,XAU-USD_1Minute_BID_2022-02-14_00_00-23_59_Etc_UTC.csv,processed,1380,XAUUSD_5m_BID_2022-02-14.csv,2022-02-14 00:00:00+00:00 to 2022-02-14 23:59:00+00:00
2022-02-15,2022,XAU-USD_1Minute_BID_2022-02-15_00_00-23_59_Etc_UTC.csv,processed,1380,XAUUSD_5m_BID_2022-02-15.csv,2022-02-15 00:00:00+00:00 to 2022-02-15 23:59:00+00:00
2022-02-16,2022,XAU-USD_1Minute_BID_2022-02-16_00_00-23_59_Etc_UTC.csv,processed,1380,XAUUSD_5m_BID_2022-02-16.csv,2022-02-16 00:00:00+00:00 to 2022-02-16 23:59:00+00:00
2022-02-17,2022,XAU-USD_1Minute_BID_2022-02-17_00_00-23_59_Etc_UTC.csv,processed,1379,XAUUSD_5m_BID_2022-02-17.csv,2022-02-17 00:00:00+00:00 to 2022-02-17 23:59:00+00:00
2022-02-18,2022,XAU-USD_1Minute_BID_2022-02-18_00_00-23_59_Etc_UTC.csv,processed,1320,XAUUSD_5m_BID_2022-02-18.csv,2022-02-18 00:00:00+00:00 to 2022-02-18 21:59:00+00:00
2022-02-20,2022,XAU-USD_1Minute_BID_2022-02-20_00_00-23_59_Etc_UTC.csv,processed,60,XAUUSD_5m_BID_2022-02-20.csv,2022-02-20 23:00:00+00:00 to 2022-02-20 23:59:00+00:00
2022-02-21,2022,XAU-USD_1Minute_BID_2022-02-21_00_00-23_59_Etc_UTC.csv,processed,1229,XAUUSD_5m_BID_2022-02-21.csv,2022-02-21 00:00:00+00:00 to 2022-02-21 23:59:00+00:00
2022-02-22,2022,XAU-USD_1Minute_BID_2022-02-22_00_00-23_59_Etc_UTC.csv,processed,1380,XAUUSD_5m_BID_2022-02-22.csv,2022-02-22 00:00:00+00:00 to 2022-02-22 23:59:00+00:00
2022-02-23,2022,XAU-USD_1Minute_BID_2022-02-23_00_00-23_59_Etc_UTC.csv,processed,1380,XAUUSD_5m_BID_2022-02-23.csv,2022-02-23 00:00:00+00:00 to 2022-02-23 23:59:00+00:00
2022-02-24,2022,XAU-USD_1Minute_BID_2022-02-24_00_00-23_59_Etc_UTC.csv,processed,1380,XAUUSD_5m_BID_2022-02-24.csv,2022-02-24 00:00:00+00:00 to 2022-02-24 23:59:00+00:00
2022-02-25,2022,XAU-USD_1Minute_BID_2022-02-25_00_00-23_59_Etc_UTC.csv,processed,1320,XAUUSD_5m_BID_2022-02-25.csv,2022-02-25 00:00:00+00:00 to 2022-02-25 21:59:00+00:00
2022-02-27,2022,XAU-USD_1Minute_BID_2022-02-27_00_00-23_59_Etc_UTC.csv,processed,60,XAUUSD_5m_BID_2022-02-27.csv,2022-02-27 23:00:00+00:00 to 2022-02-27 23:59:00+00:00
2022-02-28,2022,XAU-USD_1Minute_BID_2022-02-28_00_00-23_59_Etc_UTC.csv,processed,1380,XAUUSD_5m_BID_2022-02-28.csv,2022-02-28 00:00:00+00:00 to 2022-02-28 23:59:00+00:00
2022-03-01,2022,XAU-USD_1Minute_BID_2022-03-01_00_00-23_59_Etc_UTC.csv,processed,1380,XAUUSD_5m_BID_2022-03-01.csv,2022-03-01 00:00:00+00:00 to 2022-03-01 23:59:00+00:00
2022-03-02,2022,XAU-USD_1Minute_BID_2022-03-02_00_00-23_59_Etc_UTC.csv,processed,1380,XAUUSD_5m_BID_2022-03-02.csv,2022-03-02 00:00:00+00:00 to 2022-03-02 23:59:00+00:00
2022-03-03,2022,XAU-USD_1Minute_BID_2022-03-03_00_00-23_59_Etc_UTC.csv,processed,1380,XAUUSD_5m_BID_2022-03-03.csv,2022-03-03 00:00:00+00:00 to 2022-03-03 23:59:00+00:00
2022-03-04,2022,XAU-USD_1Minute_BID_2022-03-04_00_00-23_59_Etc_UTC.csv,processed,1320,XAUUSD_5m_BID_2022-03-04.csv,2022-03-04 00:00:00+00:00 to 2022-03-04 21:59:00+00:00
2022-03-06,2022,XAU-USD_1Minute_BID_2022-03-06_00_00-23_59_Etc_UTC.csv,processed,60,XAUUSD_5m_BID_2022-03-06.csv,2022-03-06 23:00:00+00:00 to 2022-03-06 23:59:00+00:00
2022-03-07,2022,XAU-USD_1Minute_BID_2022-03-07_00_00-23_59_Etc_UTC.csv,processed,1380,XAUUSD_5m_BID_2022-03-07.csv,2022-03-07 00:00:00+00:00 to 2022-03-07 23:59:00+00:00
2022-03-08,2022,XAU-USD_1Minute_BID_2022-03-08_00_00-23_59_Etc_UTC.csv,processed,1380,XAUUSD_5m_BID_2022-03-08.csv,2022-03-08 00:00:00+00:00 to 2022-03-08 23:59:00+00:00
2022-03-09,2022,XAU-USD_1Minute_BID_2022-03-09_00_00-23_59_Etc_UTC.csv,processed,1380,XAUUSD_5m_BID_2022-03-09.csv,2022-03-09 00:00:00+00:00 to 2022-03-09 23:59:00+00:00
2022-03-10,2022,XAU-USD_1Minute_BID_2022-03-10_00_00-23_59_Etc_UTC.csv,processed,1380,XAUUSD_5m_BID_2022-03-10.csv,2022-03-10 00:00:00+00:00 to 2022-03-10 23:59:00+00:00
2022-03-11,2022,XAU-USD_1Minute_BID_2022-03-11_00_00-23_59_Etc_UTC.csv,processed,1320,XAUUSD_5m_BID_2022-03-11.csv,2022-03-11 00:00:00+00:00 to 2022-03-11 21:59:00+00:00
2022-03-13,2022,XAU-USD_1Minute_BID_2022-03-13_00_00-23_59_Etc_UTC.csv,processed,120,XAUUSD_5m_BID_2022-03-13.csv,2022-03-13 22:00:00+00:00 to 2022-03-13 23:59:00+00:00
2022-03-14,2022,XAU-USD_1Minute_BID_2022-03-14_00_00-23_59_Etc_UTC.csv,processed,1380,XAUUSD_5m_BID_2022-03-14.csv,2022-03-14 00:00:00+00:00 to 2022-03-14 23:59:00+00:00
2022-03-15,2022,XAU-USD_1Minute_BID_2022-03-15_00_00-23_59_Etc_UTC.csv,processed,1380,XAUUSD_5m_BID_2022-03-15.csv,2022-03-15 00:00:00+00:00 to 2022-03-15 23:59:00+00:00
2022-03-16,2022,XAU-USD_1Minute_BID_2022-03-16_00_00-23_59_Etc_UTC.csv,processed,1380,XAUUSD_5m_BID_2022-03-16.csv,2022-03-16 00:00:00+00:00 to 2022-03-16 23:59:00+00:00
2022-03-17,2022,XAU-USD_1Minute_BID_2022-03-17_00_00-23_59_Etc_UTC.csv,processed,1380,XAUUSD_5m_BID_2022-03-17.csv,2022-03-17 00:00:00+00:00 to 2022-03-17 23:59:00+00:00
2022-03-18,2022,XAU-USD_1Minute_BID_2022-03-18_00_00-23_59_Etc_UTC.csv,processed,1260,XAUUSD_5m_BID_2022-03-18.csv,2022-03-18 00:00:00+00:00 to 2022-03-18 20:59:00+00:00
2022-03-20,2022,XAU-USD_1Minute_BID_2022-03-20_00_00-23_59_Etc_UTC.csv,processed,120,XAUUSD_5m_BID_2022-03-20.csv,2022-03-20 22:00:00+00:00 to 2022-03-20 23:59:00+00:00
2022-03-21,2022,XAU-USD_1Minute_BID_2022-03-21_00_00-23_59_Etc_UTC.csv,processed,1380,XAUUSD_5m_BID_2022-03-21.csv,2022-03-21 00:00:00+00:00 to 2022-03-21 23:59:00+00:00
2022-03-22,2022,XAU-USD_1Minute_BID_2022-03-22_00_00-23_59_Etc_UTC.csv,processed,1380,XAUUSD_5m_BID_2022-03-22.csv,2022-03-22 00:00:00+00:00 to 2022-03-22 23:59:00+00:00
2022-03-23,2022,XAU-USD_1Minute_BID_2022-03-23_00_00-23_59_Etc_UTC.csv,processed,1380,XAUUSD_5m_BID_2022-03-23.csv,2022-03-23 00:00:00+00:00 to 2022-03-23 23:59:00+00:00
2022-03-24,2022,XAU-USD_1Minute_BID_2022-03-24_00_00-23_59_Etc_UTC.csv,processed,1380,XAUUSD_5m_BID_2022-03-24.csv,2022-03-24 00:00:00+00:00 to 2022-03-24 23:59:00+00:00
2022-03-25,2022,XAU-USD_1Minute_BID_2022-03-25_00_00-23_59_Etc_UTC.csv,processed,1260,XAUUSD_5m_BID_2022-03-25.csv,2022-03-25 00:00:00+00:00 to 2022-03-25 20:59:00+00:00
2022-03-27,2022,XAU-USD_1Minute_BID_2022-03-27_00_00-23_59_Etc_UTC.csv,processed,120,XAUUSD_5m_BID_2022-03-27.csv,2022-03-27 22:00:00+00:00 to 2022-03-27 23:59:00+00:00
2022-03-28,2022,XAU-USD_1Minute_BID_2022-03-28_00_00-23_59_Etc_UTC.csv,processed,1380,XAUUSD_5m_BID_2022-03-28.csv,2022-03-28 00:00:00+00:00 to 2022-03-28 23:59:00+00:00
2022-03-29,2022,XAU-USD_1Minute_BID_2022-03-29_00_00-23_59_Etc_UTC.csv,processed,1379,XAUUSD_5m_BID_2022-03-29.csv,2022-03-29 00:00:00+00:00 to 2022-03-29 23:59:00+00:00
2022-03-30,2022,XAU-USD_1Minute_BID_2022-03-30_00_00-23_59_Etc_UTC.csv,processed,1380,XAUUSD_5m_BID_2022-03-30.csv,2022-03-30 00:00:00+00:00 to 2022-03-30 23:59:00+00:00
2022-03-31,2022,XAU-USD_1Minute_BID_2022-03-31_00_00-23_59_Etc_UTC.csv,processed,1380,XAUUSD_5m_BID_2022-03-31.csv,2022-03-31 00:00:00+00:00 to 2022-03-31 23:59:00+00:00
2022-04-01,2022,XAU-USD_1Minute_BID_2022-04-01_00_00-23_59_Etc_UTC.csv,processed,1260,XAUUSD_5m_BID_2022-04-01.csv,2022-04-01 00:00:00+00:00 to 2022-04-01 20:59:00+00:00
2022-04-03,2022,XAU-USD_1Minute_BID_2022-04-03_00_00-23_59_Etc_UTC.csv,processed,120,XAUUSD_5m_BID_2022-04-03.csv,2022-04-03 22:00:00+00:00 to 2022-04-03 23:59:00+00:00
2022-04-04,2022,XAU-USD_1Minute_BID_2022-04-04_00_00-23_59_Etc_UTC.csv,processed,1380,XAUUSD_5m_BID_2022-04-04.csv,2022-04-04 00:00:00+00:00 to 2022-04-04 23:59:00+00:00
2022-04-05,2022,XAU-USD_1Minute_BID_2022-04-05_00_00-23_59_Etc_UTC.csv,processed,1380,XAUUSD_5m_BID_2022-04-05.csv,2022-04-05 00:00:00+00:00 to 2022-04-05 23:59:00+00:00
2022-04-06,2022,XAU-USD_1Minute_BID_2022-04-06_00_00-23_59_Etc_UTC.csv,processed,1380,XAUUSD_5m_BID_2022-04-06.csv,2022-04-06 00:00:00+00:00 to 2022-04-06 23:59:00+00:00
2022-04-07,2022,XAU-USD_1Minute_BID_2022-04-07_00_00-23_59_Etc_UTC.csv,processed,1379,XAUUSD_5m_BID_2022-04-07.csv,2022-04-07 00:00:00+00:00 to 2022-04-07 23:59:00+00:00
2022-04-08,2022,XAU-USD_1Minute_BID_2022-04-08_00_00-23_59_Etc_UTC.csv,processed,1260,XAUUSD_5m_BID_2022-04-08.csv,2022-04-08 00:00:00+00:00 to 2022-04-08 20:59:00+00:00
2022-04-10,2022,XAU-USD_1Minute_BID_2022-04-10_00_00-23_59_Etc_UTC.csv,processed,120,XAUUSD_5m_BID_2022-04-10.csv,2022-04-10 22:00:00+00:00 to 2022-04-10 23:59:00+00:00
2022-04-11,2022,XAU-USD_1Minute_BID_2022-04-11_00_00-23_59_Etc_UTC.csv,processed,1380,XAUUSD_5m_BID_2022-04-11.csv,2022-04-11 00:00:00+00:00 to 2022-04-11 23:59:00+00:00
2022-04-12,2022,XAU-USD_1Minute_BID_2022-04-12_00_00-23_59_Etc_UTC.csv,processed,1380,XAUUSD_5m_BID_2022-04-12.csv,2022-04-12 00:00:00+00:00 to 2022-04-12 23:59:00+00:00
2022-04-13,2022,XAU-USD_1Minute_BID_2022-04-13_00_00-23_59_Etc_UTC.csv,processed,1380,XAUUSD_5m_BID_2022-04-13.csv,2022-04-13 00:00:00+00:00 to 2022-04-13 23:59:00+00:00
2022-04-14,2022,XAU-USD_1Minute_BID_2022-04-14_00_00-23_59_Etc_UTC.csv,processed,1259,XAUUSD_5m_BID_2022-04-14.csv,2022-04-14 00:00:00+00:00 to 2022-04-14 20:58:00+00:00
2022-04-17,2022,XAU-USD_1Minute_BID_2022-04-17_00_00-23_59_Etc_UTC.csv,processed,120,XAUUSD_5m_BID_2022-04-17.csv,2022-04-17 22:00:00+00:00 to 2022-04-17 23:59:00+00:00
2022-04-18,2022,XAU-USD_1Minute_BID_2022-04-18_00_00-23_59_Etc_UTC.csv,processed,1379,XAUUSD_5m_BID_2022-04-18.csv,2022-04-18 00:00:00+00:00 to 2022-04-18 23:59:00+00:00
2022-04-19,2022,XAU-USD_1Minute_BID_2022-04-19_00_00-23_59_Etc_UTC.csv,processed,1380,XAUUSD_5m_BID_2022-04-19.csv,2022-04-19 00:00:00+00:00 to 2022-04-19 23:59:00+00:00
2022-04-20,2022,XAU-USD_1Minute_BID_2022-04-20_00_00-23_59_Etc_UTC.csv,processed,1380,XAUUSD_5m_BID_2022-04-20.csv,2022-04-20 00:00:00+00:00 to 2022-04-20 23:59:00+00:00
2022-04-21,2022,XAU-USD_1Minute_BID_2022-04-21_00_00-23_59_Etc_UTC.csv,processed,1380,XAUUSD_5m_BID_2022-04-21.csv,2022-04-21 00:00:00+00:00 to 2022-04-21 23:59:00+00:00
2022-04-22,2022,XAU-USD_1Minute_BID_2022-04-22_00_00-23_59_Etc_UTC.csv,processed,1260,XAUUSD_5m_BID_2022-04-22.csv,2022-04-22 00:00:00+00:00 to 2022-04-22 20:59:00+00:00
2022-04-24,2022,XAU-USD_1Minute_BID_2022-04-24_00_00-23_59_Etc_UTC.csv,processed,120,XAUUSD_5m_BID_2022-04-24.csv,2022-04-24 22:00:00+00:00 to 2022-04-24 23:59:00+00:00
2022-04-25,2022,XAU-USD_1Minute_BID_2022-04-25_00_00-23_59_Etc_UTC.csv,processed,1380,XAUUSD_5m_BID_2022-04-25.csv,2022-04-25 00:00:00+00:00 to 2022-04-25 23:59:00+00:00
2022-04-26,2022,XAU-USD_1Minute_BID_2022-04-26_00_00-23_59_Etc_UTC.csv,processed,1380,XAUUSD_5m_BID_2022-04-26.csv,2022-04-26 00:00:00+00:00 to 2022-04-26 23:59:00+00:00
2022-04-27,2022,XAU-USD_1Minute_BID_2022-04-27_00_00-23_59_Etc_UTC.csv,processed,1380,XAUUSD_5m_BID_2022-04-27.csv,2022-04-27 00:00:00+00:00 to 2022-04-27 23:59:00+00:00
2022-04-28,2022,XAU-USD_1Minute_BID_2022-04-28_00_00-23_59_Etc_UTC.csv,processed,1380,XAUUSD_5m_BID_2022-04-28.csv,2022-04-28 00:00:00+00:00 to 2022-04-28 23:59:00+00:00
2022-04-29,2022,XAU-USD_1Minute_BID_2022-04-29_00_00-23_59_Etc_UTC.csv,processed,1260,XAUUSD_5m_BID_2022-04-29.csv,2022-04-29 00:00:00+00:00 to 2022-04-29 20:59:00+00:00
2022-05-01,2022,XAU-USD_1Minute_BID_2022-05-01_00_00-23_59_Etc_UTC.csv,processed,120,XAUUSD_5m_BID_2022-05-01.csv,2022-05-01 22:00:00+00:00 to 2022-05-01 23:59:00+00:00
2022-05-02,2022,XAU-USD_1Minute_BID_2022-05-02_00_00-23_59_Etc_UTC.csv,processed,1380,XAUUSD_5m_BID_2022-05-02.csv,2022-05-02 00:00:00+00:00 to 2022-05-02 23:59:00+00:00
2022-05-03,2022,XAU-USD_1Minute_BID_2022-05-03_00_00-23_59_Etc_UTC.csv,processed,1380,XAUUSD_5m_BID_2022-05-03.csv,2022-05-03 00:00:00+00:00 to 2022-05-03 23:59:00+00:00
2022-05-04,2022,XAU-USD_1Minute_BID_2022-05-04_00_00-23_59_Etc_UTC.csv,processed,1380,XAUUSD_5m_BID_2022-05-04.csv,2022-05-04 00:00:00+00:00 to 2022-05-04 23:59:00+00:00
2022-05-05,2022,XAU-USD_1Minute_BID_2022-05-05_00_00-23_59_Etc_UTC.csv,processed,1380,XAUUSD_5m_BID_2022-05-05.csv,2022-05-05 00:00:00+00:00 to 2022-05-05 23:59:00+00:00
2022-05-06,2022,XAU-USD_1Minute_BID_2022-05-06_00_00-23_59_Etc_UTC.csv,processed,1260,XAUUSD_5m_BID_2022-05-06.csv,2022-05-06 00:00:00+00:00 to 2022-05-06 20:59:00+00:00
2022-05-08,2022,XAU-USD_1Minute_BID_2022-05-08_00_00-23_59_Etc_UTC.csv,processed,120,XAUUSD_5m_BID_2022-05-08.csv,2022-05-08 22:00:00+00:00 to 2022-05-08 23:59:00+00:00
2022-05-09,2022,XAU-USD_1Minute_BID_2022-05-09_00_00-23_59_Etc_UTC.csv,processed,1380,XAUUSD_5m_BID_2022-05-09.csv,2022-05-09 00:00:00+00:00 to 2022-05-09 23:59:00+00:00
2022-05-10,2022,XAU-USD_1Minute_BID_2022-05-10_00_00-23_59_Etc_UTC.csv,processed,1380,XAUUSD_5m_BID_2022-05-10.csv,2022-05-10 00:00:00+00:00 to 2022-05-10 23:59:00+00:00
2022-05-11,2022,XAU-USD_1Minute_BID_2022-05-11_00_00-23_59_Etc_UTC.csv,processed,1380,XAUUSD_5m_BID_2022-05-11.csv,2022-05-11 00:00:00+00:00 to 2022-05-11 23:59:00+00:00
2022-05-12,2022,XAU-USD_1Minute_BID_2022-05-12_00_00-23_59_Etc_UTC.csv,processed,1380,XAUUSD_5m_BID_2022-05-12.csv,2022-05-12 00:00:00+00:00 to 2022-05-12 23:59:00+00:00
2022-05-13,2022,XAU-USD_1Minute_BID_2022-05-13_00_00-23_59_Etc_UTC.csv,processed,1260,XAUUSD_5m_BID_2022-05-13.csv,2022-05-13 00:00:00+00:00 to 2022-05-13 20:59:00+00:00
2022-05-15,2022,XAU-USD_1Minute_BID_2022-05-15_00_00-23_59_Etc_UTC.csv,processed,120,XAUUSD_5m_BID_2022-05-15.csv,2022-05-15 22:00:00+00:00 to 2022-05-15 23:59:00+00:00
2022-05-16,2022,XAU-USD_1Minute_BID_2022-05-16_00_00-23_59_Etc_UTC.csv,processed,1380,XAUUSD_5m_BID_2022-05-16.csv,2022-05-16 00:00:00+00:00 to 2022-05-16 23:59:00+00:00
2022-05-17,2022,XAU-USD_1Minute_BID_2022-05-17_00_00-23_59_Etc_UTC.csv,processed,1380,XAUUSD_5m_BID_2022-05-17.csv,2022-05-17 00:00:00+00:00 to 2022-05-17 23:59:00+00:00
2022-05-18,2022,XAU-USD_1Minute_BID_2022-05-18_00_00-23_59_Etc_UTC.csv,processed,1380,XAUUSD_5m_BID_2022-05-18.csv,2022-05-18 00:00:00+00:00 to 2022-05-18 23:59:00+00:00
2022-05-19,2022,XAU-USD_1Minute_BID_2022-05-19_00_00-23_59_Etc_UTC.csv,processed,1380,XAUUSD_5m_BID_2022-05-19.csv,2022-05-19 00:00:00+00:00 to 2022-05-19 23:59:00+00:00
2022-05-20,2022,XAU-USD_1Minute_BID_2022-05-20_00_00-23_59_Etc_UTC.csv,processed,1260,XAUUSD_5m_BID_2022-05-20.csv,2022-05-20 00:00:00+00:00 to 2022-05-20 20:59:00+00:00
2022-05-22,2022,XAU-USD_1Minute_BID_2022-05-22_00_00-23_59_Etc_UTC.csv,processed,120,XAUUSD_5m_BID_2022-05-22.csv,2022-05-22 22:00:00+00:00 to 2022-05-22 23:59:00+00:00
2022-05-23,2022,XAU-USD_1Minute_BID_2022-05-23_00_00-23_59_Etc_UTC.csv,processed,1380,XAUUSD_5m_BID_2022-05-23.csv,2022-05-23 00:00:00+00:00 to 2022-05-23 23:59:00+00:00
2022-05-24,2022,XAU-USD_1Minute_BID_2022-05-24_00_00-23_59_Etc_UTC.csv,processed,1380,XAUUSD_5m_BID_2022-05-24.csv,2022-05-24 00:00:00+00:00 to 2022-05-24 23:59:00+00:00
2022-05-25,2022,XAU-USD_1Minute_BID_2022-05-25_00_00-23_59_Etc_UTC.csv,processed,1380,XAUUSD_5m_BID_2022-05-25.csv,2022-05-25 00:00:00+00:00 to 2022-05-25 23:59:00+00:00
2022-05-26,2022,XAU-USD_1Minute_BID_2022-05-26_00_00-23_59_Etc_UTC.csv,processed,1379,XAUUSD_5m_BID_2022-05-26.csv,2022-05-26 00:00:00+00:00 to 2022-05-26 23:59:00+00:00
2022-05-27,2022,XAU-USD_1Minute_BID_2022-05-27_00_00-23_59_Etc_UTC.csv,processed,1259,XAUUSD_5m_BID_2022-05-27.csv,2022-05-27 00:00:00+00:00 to 2022-05-27 20:59:00+00:00
2022-05-29,2022,XAU-USD_1Minute_BID_2022-05-29_00_00-23_59_Etc_UTC.csv,processed,120,XAUUSD_5m_BID_2022-05-29.csv,2022-05-29 22:00:00+00:00 to 2022-05-29 23:59:00+00:00
2022-05-30,2022,XAU-USD_1Minute_BID_2022-05-30_00_00-23_59_Etc_UTC.csv,processed,1229,XAUUSD_5m_BID_2022-05-30.csv,2022-05-30 00:00:00+00:00 to 2022-05-30 23:59:00+00:00
2022-05-31,2022,XAU-USD_1Minute_BID_2022-05-31_00_00-23_59_Etc_UTC.csv,processed,1380,XAUUSD_5m_BID_2022-05-31.csv,2022-05-31 00:00:00+00:00 to 2022-05-31 23:59:00+00:00
2022-06-01,2022,XAU-USD_1Minute_BID_2022-06-01_00_00-23_59_Etc_UTC.csv,processed,1380,XAUUSD_5m_BID_2022-06-01.csv,2022-06-01 00:00:00+00:00 to 2022-06-01 23:59:00+00:00
2022-06-02,2022,XAU-USD_1Minute_BID_2022-06-02_00_00-23_59_Etc_UTC.csv,processed,1380,XAUUSD_5m_BID_2022-06-02.csv,2022-06-02 00:00:00+00:00 to 2022-06-02 23:59:00+00:00
2022-06-03,2022,XAU-USD_1Minute_BID_2022-06-03_00_00-23_59_Etc_UTC.csv,processed,1260,XAUUSD_5m_BID_2022-06-03.csv,2022-06-03 00:00:00+00:00 to 2022-06-03 20:59:00+00:00
2022-06-05,2022,XAU-USD_1Minute_BID_2022-06-05_00_00-23_59_Etc_UTC.csv,processed,120,XAUUSD_5m_BID_2022-06-05.csv,2022-06-05 22:00:00+00:00 to 2022-06-05 23:59:00+00:00
2022-06-06,2022,XAU-USD_1Minute_BID_2022-06-06_00_00-23_59_Etc_UTC.csv,processed,1380,XAUUSD_5m_BID_2022-06-06.csv,2022-06-06 00:00:00+00:00 to 2022-06-06 23:59:00+00:00
2022-06-07,2022,XAU-USD_1Minute_BID_2022-06-07_00_00-23_59_Etc_UTC.csv,processed,1380,XAUUSD_5m_BID_2022-06-07.csv,2022-06-07 00:00:00+00:00 to 2022-06-07 23:59:00+00:00
2022-06-08,2022,XAU-USD_1Minute_BID_2022-06-08_00_00-23_59_Etc_UTC.csv,processed,1380,XAUUSD_5m_BID_2022-06-08.csv,2022-06-08 00:00:00+00:00 to 2022-06-08 23:59:00+00:00
2022-06-09,2022,XAU-USD_1Minute_BID_2022-06-09_00_00-23_59_Etc_UTC.csv,processed,1380,XAUUSD_5m_BID_2022-06-09.csv,2022-06-09 00:00:00+00:00 to 2022-06-09 23:59:00+00:00
2022-06-10,2022,XAU-USD_1Minute_BID_2022-06-10_00_00-23_59_Etc_UTC.csv,processed,1260,XAUUSD_5m_BID_2022-06-10.csv,2022-06-10 00:00:00+00:00 to 2022-06-10 20:59:00+00:00
2022-06-12,2022,XAU-USD_1Minute_BID_2022-06-12_00_00-23_59_Etc_UTC.csv,processed,120,XAUUSD_5m_BID_2022-06-12.csv,2022-06-12 22:00:00+00:00 to 2022-06-12 23:59:00+00:00
2022-06-13,2022,XAU-USD_1Minute_BID_2022-06-13_00_00-23_59_Etc_UTC.csv,processed,1380,XAUUSD_5m_BID_2022-06-13.csv,2022-06-13 00:00:00+00:00 to 2022-06-13 23:59:00+00:00
2022-06-14,2022,XAU-USD_1Minute_BID_2022-06-14_00_00-23_59_Etc_UTC.csv,processed,1380,XAUUSD_5m_BID_2022-06-14.csv,2022-06-14 00:00:00+00:00 to 2022-06-14 23:59:00+00:00
2022-06-15,2022,XAU-USD_1Minute_BID_2022-06-15_00_00-23_59_Etc_UTC.csv,processed,1380,XAUUSD_5m_BID_2022-06-15.csv,2022-06-15 00:00:00+00:00 to 2022-06-15 23:59:00+00:00
2022-06-16,2022,XAU-USD_1Minute_BID_2022-06-16_00_00-23_59_Etc_UTC.csv,processed,1380,XAUUSD_5m_BID_2022-06-16.csv,2022-06-16 00:00:00+00:00 to 2022-06-16 23:59:00+00:00
2022-06-17,2022,XAU-USD_1Minute_BID_2022-06-17_00_00-23_59_Etc_UTC.csv,processed,1260,XAUUSD_5m_BID_2022-06-17.csv,2022-06-17 00:00:00+00:00 to 2022-06-17 20:59:00+00:00
2022-06-19,2022,XAU-USD_1Minute_BID_2022-06-19_00_00-23_59_Etc_UTC.csv,processed,120,XAUUSD_5m_BID_2022-06-19.csv,2022-06-19 22:00:00+00:00 to 2022-06-19 23:59:00+00:00
2022-06-20,2022,XAU-USD_1Minute_BID_2022-06-20_00_00-23_59_Etc_UTC.csv,processed,1229,XAUUSD_5m_BID_2022-06-20.csv,2022-06-20 00:00:00+00:00 to 2022-06-20 23:59:00+00:00
2022-06-21,2022,XAU-USD_1Minute_BID_2022-06-21_00_00-23_59_Etc_UTC.csv,processed,1380,XAUUSD_5m_BID_2022-06-21.csv,2022-06-21 00:00:00+00:00 to 2022-06-21 23:59:00+00:00
2022-06-22,2022,XAU-USD_1Minute_BID_2022-06-22_00_00-23_59_Etc_UTC.csv,processed,1380,XAUUSD_5m_BID_2022-06-22.csv,2022-06-22 00:00:00+00:00 to 2022-06-22 23:59:00+00:00
2022-06-23,2022,XAU-USD_1Minute_BID_2022-06-23_00_00-23_59_Etc_UTC.csv,processed,1380,XAUUSD_5m_BID_2022-06-23.csv,2022-06-23 00:00:00+00:00 to 2022-06-23 23:59:00+00:00
2022-06-24,2022,XAU-USD_1Minute_BID_2022-06-24_00_00-23_59_Etc_UTC.csv,processed,1260,XAUUSD_5m_BID_2022-06-24.csv,2022-06-24 00:00:00+00:00 to 2022-06-24 20:59:00+00:00
2022-06-26,2022,XAU-USD_1Minute_BID_2022-06-26_00_00-23_59_Etc_UTC.csv,processed,120,XAUUSD_5m_BID_2022-06-26.csv,2022-06-26 22:00:00+00:00 to 2022-06-26 23:59:00+00:00
2022-06-27,2022,XAU-USD_1Minute_BID_2022-06-27_00_00-23_59_Etc_UTC.csv,processed,1380,XAUUSD_5m_BID_2022-06-27.csv,2022-06-27 00:00:00+00:00 to 2022-06-27 23:59:00+00:00
2022-06-28,2022,XAU-USD_1Minute_BID_2022-06-28_00_00-23_59_Etc_UTC.csv,processed,1380,XAUUSD_5m_BID_2022-06-28.csv,2022-06-28 00:00:00+00:00 to 2022-06-28 23:59:00+00:00
2022-06-29,2022,XAU-USD_1Minute_BID_2022-06-29_00_00-23_59_Etc_UTC.csv,processed,1380,XAUUSD_5m_BID_2022-06-29.csv,2022-06-29 00:00:00+00:00 to 2022-06-29 23:59:00+00:00
2022-06-30,2022,XAU-USD_1Minute_BID_2022-06-30_00_00-23_59_Etc_UTC.csv,processed,1380,XAUUSD_5m_BID_2022-06-30.csv,2022-06-30 00:00:00+00:00 to 2022-06-30 23:59:00+00:00
2022-07-01,2022,XAU-USD_1Minute_BID_2022-07-01_00_00-23_59_Etc_UTC.csv,processed,1260,XAUUSD_5m_BID_2022-07-01.csv,2022-07-01 00:00:00+00:00 to 2022-07-01 20:59:00+00:00
2022-07-03,2022,XAU-USD_1Minute_BID_2022-07-03_00_00-23_59_Etc_UTC.csv,processed,120,XAUUSD_5m_BID_2022-07-03.csv,2022-07-03 22:00:00+00:00 to 2022-07-03 23:59:00+00:00
2022-07-04,2022,XAU-USD_1Minute_BID_2022-07-04_00_00-23_59_Etc_UTC.csv,processed,1229,XAUUSD_5m_BID_2022-07-04.csv,2022-07-04 00:00:00+00:00 to 2022-07-04 23:59:00+00:00
2022-07-05,2022,XAU-USD_1Minute_BID_2022-07-05_00_00-23_59_Etc_UTC.csv,processed,1380,XAUUSD_5m_BID_2022-07-05.csv,2022-07-05 00:00:00+00:00 to 2022-07-05 23:59:00+00:00
2022-07-06,2022,XAU-USD_1Minute_BID_2022-07-06_00_00-23_59_Etc_UTC.csv,processed,1380,XAUUSD_5m_BID_2022-07-06.csv,2022-07-06 00:00:00+00:00 to 2022-07-06 23:59:00+00:00
2022-07-07,2022,XAU-USD_1Minute_BID_2022-07-07_00_00-23_59_Etc_UTC.csv,processed,1380,XAUUSD_5m_BID_2022-07-07.csv,2022-07-07 00:00:00+00:00 to 2022-07-07 23:59:00+00:00
2022-07-08,2022,XAU-USD_1Minute_BID_2022-07-08_00_00-23_59_Etc_UTC.csv,processed,1260,XAUUSD_5m_BID_2022-07-08.csv,2022-07-08 00:00:00+00:00 to 2022-07-08 20:59:00+00:00
2022-07-10,2022,XAU-USD_1Minute_BID_2022-07-10_00_00-23_59_Etc_UTC.csv,processed,120,XAUUSD_5m_BID_2022-07-10.csv,2022-07-10 22:00:00+00:00 to 2022-07-10 23:59:00+00:00
2022-07-11,2022,XAU-USD_1Minute_BID_2022-07-11_00_00-23_59_Etc_UTC.csv,processed,1380,XAUUSD_5m_BID_2022-07-11.csv,2022-07-11 00:00:00+00:00 to 2022-07-11 23:59:00+00:00
2022-07-12,2022,XAU-USD_1Minute_BID_2022-07-12_00_00-23_59_Etc_UTC.csv,processed,1380,XAUUSD_5m_BID_2022-07-12.csv,2022-07-12 00:00:00+00:00 to 2022-07-12 23:59:00+00:00
2022-07-13,2022,XAU-USD_1Minute_BID_2022-07-13_00_00-23_59_Etc_UTC.csv,processed,1380,XAUUSD_5m_BID_2022-07-13.csv,2022-07-13 00:00:00+00:00 to 2022-07-13 23:59:00+00:00
2022-07-14,2022,XAU-USD_1Minute_BID_2022-07-14_00_00-23_59_Etc_UTC.csv,processed,1380,XAUUSD_5m_BID_2022-07-14.csv,2022-07-14 00:00:00+00:00 to 2022-07-14 23:59:00+00:00
2022-07-15,2022,XAU-USD_1Minute_BID_2022-07-15_00_00-23_59_Etc_UTC.csv,processed,1260,XAUUSD_5m_BID_2022-07-15.csv,2022-07-15 00:00:00+00:00 to 2022-07-15 20:59:00+00:00
2022-07-17,2022,XAU-USD_1Minute_BID_2022-07-17_00_00-23_59_Etc_UTC.csv,processed,120,XAUUSD_5m_BID_2022-07-17.csv,2022-07-17 22:00:00+00:00 to 2022-07-17 23:59:00+00:00
2022-07-18,2022,XAU-USD_1Minute_BID_2022-07-18_00_00-23_59_Etc_UTC.csv,processed,1380,XAUUSD_5m_BID_2022-07-18.csv,2022-07-18 00:00:00+00:00 to 2022-07-18 23:59:00+00:00
2022-07-19,2022,XAU-USD_1Minute_BID_2022-07-19_00_00-23_59_Etc_UTC.csv,processed,1378,XAUUSD_5m_BID_2022-07-19.csv,2022-07-19 00:00:00+00:00 to 2022-07-19 23:59:00+00:00
2022-07-20,2022,XAU-USD_1Minute_BID_2022-07-20_00_00-23_59_Etc_UTC.csv,processed,1380,XAUUSD_5m_BID_2022-07-20.csv,2022-07-20 00:00:00+00:00 to 2022-07-20 23:59:00+00:00
2022-07-21,2022,XAU-USD_1Minute_BID_2022-07-21_00_00-23_59_Etc_UTC.csv,processed,1380,XAUUSD_5m_BID_2022-07-21.csv,2022-07-21 00:00:00+00:00 to 2022-07-21 23:59:00+00:00
2022-07-22,2022,XAU-USD_1Minute_BID_2022-07-22_00_00-23_59_Etc_UTC.csv,processed,1260,XAUUSD_5m_BID_2022-07-22.csv,2022-07-22 00:00:00+00:00 to 2022-07-22 20:59:00+00:00
2022-07-24,2022,XAU-USD_1Minute_BID_2022-07-24_00_00-23_59_Etc_UTC.csv,processed,120,XAUUSD_5m_BID_2022-07-24.csv,2022-07-24 22:00:00+00:00 to 2022-07-24 23:59:00+00:00
2022-07-25,2022,XAU-USD_1Minute_BID_2022-07-25_00_00-23_59_Etc_UTC.csv,processed,1380,XAUUSD_5m_BID_2022-07-25.csv,2022-07-25 00:00:00+00:00 to 2022-07-25 23:59:00+00:00
2022-07-26,2022,XAU-USD_1Minute_BID_2022-07-26_00_00-23_59_Etc_UTC.csv,processed,1380,XAUUSD_5m_BID_2022-07-26.csv,2022-07-26 00:00:00+00:00 to 2022-07-26 23:59:00+00:00
2022-07-27,2022,XAU-USD_1Minute_BID_2022-07-27_00_00-23_59_Etc_UTC.csv,processed,1380,XAUUSD_5m_BID_2022-07-27.csv,2022-07-27 00:00:00+00:00 to 2022-07-27 23:59:00+00:00
2022-07-28,2022,XAU-USD_1Minute_BID_2022-07-28_00_00-23_59_Etc_UTC.csv,processed,1380,XAUUSD_5m_BID_2022-07-28.csv,2022-07-28 00:00:00+00:00 to 2022-07-28 23:59:00+00:00
2022-07-29,2022,XAU-USD_1Minute_BID_2022-07-29_00_00-23_59_Etc_UTC.csv,processed,1260,XAUUSD_5m_BID_2022-07-29.csv,2022-07-29 00:00:00+00:00 to 2022-07-29 20:59:00+00:00
2022-07-31,2022,XAU-USD_1Minute_BID_2022-07-31_00_00-23_59_Etc_UTC.csv,processed,120,XAUUSD_5m_BID_2022-07-31.csv,2022-07-31 22:00:00+00:00 to 2022-07-31 23:59:00+00:00
2022-08-01,2022,XAU-USD_1Minute_BID_2022-08-01_00_00-23_59_Etc_UTC.csv,processed,1379,XAUUSD_5m_BID_2022-08-01.csv,2022-08-01 00:00:00+00:00 to 2022-08-01 23:59:00+00:00
2022-08-02,2022,XAU-USD_1Minute_BID_2022-08-02_00_00-23_59_Etc_UTC.csv,processed,1380,XAUUSD_5m_BID_2022-08-02.csv,2022-08-02 00:00:00+00:00 to 2022-08-02 23:59:00+00:00
2022-08-03,2022,XAU-USD_1Minute_BID_2022-08-03_00_00-23_59_Etc_UTC.csv,processed,1380,XAUUSD_5m_BID_2022-08-03.csv,2022-08-03 00:00:00+00:00 to 2022-08-03 23:59:00+00:00
2022-08-04,2022,XAU-USD_1Minute_BID_2022-08-04_00_00-23_59_Etc_UTC.csv,processed,1380,XAUUSD_5m_BID_2022-08-04.csv,2022-08-04 00:00:00+00:00 to 2022-08-04 23:59:00+00:00
2022-08-05,2022,XAU-USD_1Minute_BID_2022-08-05_00_00-23_59_Etc_UTC.csv,processed,1260,XAUUSD_5m_BID_2022-08-05.csv,2022-08-05 00:00:00+00:00 to 2022-08-05 20:59:00+00:00
2022-08-07,2022,XAU-USD_1Minute_BID_2022-08-07_00_00-23_59_Etc_UTC.csv,processed,120,XAUUSD_5m_BID_2022-08-07.csv,2022-08-07 22:00:00+00:00 to 2022-08-07 23:59:00+00:00
2022-08-08,2022,XAU-USD_1Minute_BID_2022-08-08_00_00-23_59_Etc_UTC.csv,processed,1380,XAUUSD_5m_BID_2022-08-08.csv,2022-08-08 00:00:00+00:00 to 2022-08-08 23:59:00+00:00
2022-08-09,2022,XAU-USD_1Minute_BID_2022-08-09_00_00-23_59_Etc_UTC.csv,processed,1378,XAUUSD_5m_BID_2022-08-09.csv,2022-08-09 00:00:00+00:00 to 2022-08-09 23:59:00+00:00
2022-08-10,2022,XAU-USD_1Minute_BID_2022-08-10_00_00-23_59_Etc_UTC.csv,processed,1380,XAUUSD_5m_BID_2022-08-10.csv,2022-08-10 00:00:00+00:00 to 2022-08-10 23:59:00+00:00
2022-08-11,2022,XAU-USD_1Minute_BID_2022-08-11_00_00-23_59_Etc_UTC.csv,processed,1380,XAUUSD_5m_BID_2022-08-11.csv,2022-08-11 00:00:00+00:00 to 2022-08-11 23:59:00+00:00
2022-08-12,2022,XAU-USD_1Minute_BID_2022-08-12_00_00-23_59_Etc_UTC.csv,processed,1260,XAUUSD_5m_BID_2022-08-12.csv,2022-08-12 00:00:00+00:00 to 2022-08-12 20:59:00+00:00
2022-08-14,2022,XAU-USD_1Minute_BID_2022-08-14_00_00-23_59_Etc_UTC.csv,processed,120,XAUUSD_5m_BID_2022-08-14.csv,2022-08-14 22:00:00+00:00 to 2022-08-14 23:59:00+00:00
2022-08-15,2022,XAU-USD_1Minute_BID_2022-08-15_00_00-23_59_Etc_UTC.csv,processed,1380,XAUUSD_5m_BID_2022-08-15.csv,2022-08-15 00:00:00+00:00 to 2022-08-15 23:59:00+00:00
2022-08-16,2022,XAU-USD_1Minute_BID_2022-08-16_00_00-23_59_Etc_UTC.csv,processed,1380,XAUUSD_5m_BID_2022-08-16.csv,2022-08-16 00:00:00+00:00 to 2022-08-16 23:59:00+00:00
2022-08-17,2022,XAU-USD_1Minute_BID_2022-08-17_00_00-23_59_Etc_UTC.csv,processed,1380,XAUUSD_5m_BID_2022-08-17.csv,2022-08-17 00:00:00+00:00 to 2022-08-17 23:59:00+00:00
2022-08-18,2022,XAU-USD_1Minute_BID_2022-08-18_00_00-23_59_Etc_UTC.csv,processed,1380,XAUUSD_5m_BID_2022-08-18.csv,2022-08-18 00:00:00+00:00 to 2022-08-18 23:59:00+00:00
2022-08-19,2022,XAU-USD_1Minute_BID_2022-08-19_00_00-23_59_Etc_UTC.csv,processed,1260,XAUUSD_5m_BID_2022-08-19.csv,2022-08-19 00:00:00+00:00 to 2022-08-19 20:59:00+00:00
2022-08-21,2022,XAU-USD_1Minute_BID_2022-08-21_00_00-23_59_Etc_UTC.csv,processed,120,XAUUSD_5m_BID_2022-08-21.csv,2022-08-21 22:00:00+00:00 to 2022-08-21 23:59:00+00:00
2022-08-22,2022,XAU-USD_1Minute_BID_2022-08-22_00_00-23_59_Etc_UTC.csv,processed,1379,XAUUSD_5m_BID_2022-08-22.csv,2022-08-22 00:00:00+00:00 to 2022-08-22 23:59:00+00:00
2022-08-23,2022,XAU-USD_1Minute_BID_2022-08-23_00_00-23_59_Etc_UTC.csv,processed,1380,XAUUSD_5m_BID_2022-08-23.csv,2022-08-23 00:00:00+00:00 to 2022-08-23 23:59:00+00:00
2022-08-24,2022,XAU-USD_1Minute_BID_2022-08-24_00_00-23_59_Etc_UTC.csv,processed,1380,XAUUSD_5m_BID_2022-08-24.csv,2022-08-24 00:00:00+00:00 to 2022-08-24 23:59:00+00:00
2022-08-25,2022,XAU-USD_1Minute_BID_2022-08-25_00_00-23_59_Etc_UTC.csv,processed,1379,XAUUSD_5m_BID_2022-08-25.csv,2022-08-25 00:00:00+00:00 to 2022-08-25 23:59:00+00:00
2022-08-26,2022,XAU-USD_1Minute_BID_2022-08-26_00_00-23_59_Etc_UTC.csv,processed,1260,XAUUSD_5m_BID_2022-08-26.csv,2022-08-26 00:00:00+00:00 to 2022-08-26 20:59:00+00:00
2022-08-28,2022,XAU-USD_1Minute_BID_2022-08-28_00_00-23_59_Etc_UTC.csv,processed,120,XAUUSD_5m_BID_2022-08-28.csv,2022-08-28 22:00:00+00:00 to 2022-08-28 23:59:00+00:00
2022-08-29,2022,XAU-USD_1Minute_BID_2022-08-29_00_00-23_59_Etc_UTC.csv,processed,1379,XAUUSD_5m_BID_2022-08-29.csv,2022-08-29 00:00:00+00:00 to 2022-08-29 23:59:00+00:00
2022-08-30,2022,XAU-USD_1Minute_BID_2022-08-30_00_00-23_59_Etc_UTC.csv,processed,1380,XAUUSD_5m_BID_2022-08-30.csv,2022-08-30 00:00:00+00:00 to 2022-08-30 23:59:00+00:00
2022-08-31,2022,XAU-USD_1Minute_BID_2022-08-31_00_00-23_59_Etc_UTC.csv,processed,1380,XAUUSD_5m_BID_2022-08-31.csv,2022-08-31 00:00:00+00:00 to 2022-08-31 23:59:00+00:00
2022-09-01,2022,XAU-USD_1Minute_BID_2022-09-01_00_00-23_59_Etc_UTC.csv,processed,1380,XAUUSD_5m_BID_2022-09-01.csv,2022-09-01 00:00:00+00:00 to 2022-09-01 23:59:00+00:00
2022-09-02,2022,XAU-USD_1Minute_BID_2022-09-02_00_00-23_59_Etc_UTC.csv,processed,1260,XAUUSD_5m_BID_2022-09-02.csv,2022-09-02 00:00:00+00:00 to 2022-09-02 20:59:00+00:00
2022-09-04,2022,XAU-USD_1Minute_BID_2022-09-04_00_00-23_59_Etc_UTC.csv,processed,120,XAUUSD_5m_BID_2022-09-04.csv,2022-09-04 22:00:00+00:00 to 2022-09-04 23:59:00+00:00
2022-09-05,2022,XAU-USD_1Minute_BID_2022-09-05_00_00-23_59_Etc_UTC.csv,processed,1229,XAUUSD_5m_BID_2022-09-05.csv,2022-09-05 00:00:00+00:00 to 2022-09-05 23:59:00+00:00
2022-09-06,2022,XAU-USD_1Minute_BID_2022-09-06_00_00-23_59_Etc_UTC.csv,processed,1380,XAUUSD_5m_BID_2022-09-06.csv,2022-09-06 00:00:00+00:00 to 2022-09-06 23:59:00+00:00
2022-09-07,2022,XAU-USD_1Minute_BID_2022-09-07_00_00-23_59_Etc_UTC.csv,processed,1380,XAUUSD_5m_BID_2022-09-07.csv,2022-09-07 00:00:00+00:00 to 2022-09-07 23:59:00+00:00
2022-09-08,2022,XAU-USD_1Minute_BID_2022-09-08_00_00-23_59_Etc_UTC.csv,processed,1380,XAUUSD_5m_BID_2022-09-08.csv,2022-09-08 00:00:00+00:00 to 2022-09-08 23:59:00+00:00
2022-09-09,2022,XAU-USD_1Minute_BID_2022-09-09_00_00-23_59_Etc_UTC.csv,processed,1260,XAUUSD_5m_BID_2022-09-09.csv,2022-09-09 00:00:00+00:00 to 2022-09-09 20:59:00+00:00
2022-09-11,2022,XAU-USD_1Minute_BID_2022-09-11_00_00-23_59_Etc_UTC.csv,processed,120,XAUUSD_5m_BID_2022-09-11.csv,2022-09-11 22:00:00+00:00 to 2022-09-11 23:59:00+00:00
2022-09-12,2022,XAU-USD_1Minute_BID_2022-09-12_00_00-23_59_Etc_UTC.csv,processed,1380,XAUUSD_5m_BID_2022-09-12.csv,2022-09-12 00:00:00+00:00 to 2022-09-12 23:59:00+00:00
2022-09-13,2022,XAU-USD_1Minute_BID_2022-09-13_00_00-23_59_Etc_UTC.csv,processed,1380,XAUUSD_5m_BID_2022-09-13.csv,2022-09-13 00:00:00+00:00 to 2022-09-13 23:59:00+00:00
2022-09-14,2022,XAU-USD_1Minute_BID_2022-09-14_00_00-23_59_Etc_UTC.csv,processed,1380,XAUUSD_5m_BID_2022-09-14.csv,2022-09-14 00:00:00+00:00 to 2022-09-14 23:59:00+00:00
2022-09-15,2022,XAU-USD_1Minute_BID_2022-09-15_00_00-23_59_Etc_UTC.csv,processed,1380,XAUUSD_5m_BID_2022-09-15.csv,2022-09-15 00:00:00+00:00 to 2022-09-15 23:59:00+00:00
2022-09-16,2022,XAU-USD_1Minute_BID_2022-09-16_00_00-23_59_Etc_UTC.csv,processed,1260,XAUUSD_5m_BID_2022-09-16.csv,2022-09-16 00:00:00+00:00 to 2022-09-16 20:59:00+00:00
2022-09-18,2022,XAU-USD_1Minute_BID_2022-09-18_00_00-23_59_Etc_UTC.csv,processed,120,XAUUSD_5m_BID_2022-09-18.csv,2022-09-18 22:00:00+00:00 to 2022-09-18 23:59:00+00:00
2022-09-19,2022,XAU-USD_1Minute_BID_2022-09-19_00_00-23_59_Etc_UTC.csv,processed,1380,XAUUSD_5m_BID_2022-09-19.csv,2022-09-19 00:00:00+00:00 to 2022-09-19 23:59:00+00:00
2022-09-20,2022,XAU-USD_1Minute_BID_2022-09-20_00_00-23_59_Etc_UTC.csv,processed,1380,XAUUSD_5m_BID_2022-09-20.csv,2022-09-20 00:00:00+00:00 to 2022-09-20 23:59:00+00:00
2022-09-21,2022,XAU-USD_1Minute_BID_2022-09-21_00_00-23_59_Etc_UTC.csv,processed,1380,XAUUSD_5m_BID_2022-09-21.csv,2022-09-21 00:00:00+00:00 to 2022-09-21 23:59:00+00:00
2022-09-22,2022,XAU-USD_1Minute_BID_2022-09-22_00_00-23_59_Etc_UTC.csv,processed,1380,XAUUSD_5m_BID_2022-09-22.csv,2022-09-22 00:00:00+00:00 to 2022-09-22 23:59:00+00:00
2022-09-23,2022,XAU-USD_1Minute_BID_2022-09-23_00_00-23_59_Etc_UTC.csv,processed,1260,XAUUSD_5m_BID_2022-09-23.csv,2022-09-23 00:00:00+00:00 to 2022-09-23 20:59:00+00:00
2022-09-25,2022,XAU-USD_1Minute_BID_2022-09-25_00_00-23_59_Etc_UTC.csv,processed,120,XAUUSD_5m_BID_2022-09-25.csv,2022-09-25 22:00:00+00:00 to 2022-09-25 23:59:00+00:00
2022-09-26,2022,XAU-USD_1Minute_BID_2022-09-26_00_00-23_59_Etc_UTC.csv,processed,1380,XAUUSD_5m_BID_2022-09-26.csv,2022-09-26 00:00:00+00:00 to 2022-09-26 23:59:00+00:00
2022-09-27,2022,XAU-USD_1Minute_BID_2022-09-27_00_00-23_59_Etc_UTC.csv,processed,1380,XAUUSD_5m_BID_2022-09-27.csv,2022-09-27 00:00:00+00:00 to 2022-09-27 23:59:00+00:00
2022-09-28,2022,XAU-USD_1Minute_BID_2022-09-28_00_00-23_59_Etc_UTC.csv,processed,1380,XAUUSD_5m_BID_2022-09-28.csv,2022-09-28 00:00:00+00:00 to 2022-09-28 23:59:00+00:00
2022-09-29,2022,XAU-USD_1Minute_BID_2022-09-29_00_00-23_59_Etc_UTC.csv,processed,1380,XAUUSD_5m_BID_2022-09-29.csv,2022-09-29 00:00:00+00:00 to 2022-09-29 23:59:00+00:00
2022-09-30,2022,XAU-USD_1Minute_BID_2022-09-30_00_00-23_59_Etc_UTC.csv,processed,1260,XAUUSD_5m_BID_2022-09-30.csv,2022-09-30 00:00:00+00:00 to 2022-09-30 20:59:00+00:00
2022-10-02,2022,XAU-USD_1Minute_BID_2022-10-02_00_00-23_59_Etc_UTC.csv,processed,120,XAUUSD_5m_BID_2022-10-02.csv,2022-10-02 22:00:00+00:00 to 2022-10-02 23:59:00+00:00
2022-10-03,2022,XAU-USD_1Minute_BID_2022-10-03_00_00-23_59_Etc_UTC.csv,processed,1380,XAUUSD_5m_BID_2022-10-03.csv,2022-10-03 00:00:00+00:00 to 2022-10-03 23:59:00+00:00
2022-10-04,2022,XAU-USD_1Minute_BID_2022-10-04_00_00-23_59_Etc_UTC.csv,processed,1380,XAUUSD_5m_BID_2022-10-04.csv,2022-10-04 00:00:00+00:00 to 2022-10-04 23:59:00+00:00
2022-10-05,2022,XAU-USD_1Minute_BID_2022-10-05_00_00-23_59_Etc_UTC.csv,processed,1380,XAUUSD_5m_BID_2022-10-05.csv,2022-10-05 00:00:00+00:00 to 2022-10-05 23:59:00+00:00
2022-10-06,2022,XAU-USD_1Minute_BID_2022-10-06_00_00-23_59_Etc_UTC.csv,processed,1380,XAUUSD_5m_BID_2022-10-06.csv,2022-10-06 00:00:00+00:00 to 2022-10-06 23:59:00+00:00
2022-10-07,2022,XAU-USD_1Minute_BID_2022-10-07_00_00-23_59_Etc_UTC.csv,processed,1260,XAUUSD_5m_BID_2022-10-07.csv,2022-10-07 00:00:00+00:00 to 2022-10-07 20:59:00+00:00
2022-10-09,2022,XAU-USD_1Minute_BID_2022-10-09_00_00-23_59_Etc_UTC.csv,processed,117,XAUUSD_5m_BID_2022-10-09.csv,2022-10-09 22:03:00+00:00 to 2022-10-09 23:59:00+00:00
2022-10-10,2022,XAU-USD_1Minute_BID_2022-10-10_00_00-23_59_Etc_UTC.csv,processed,1379,XAUUSD_5m_BID_2022-10-10.csv,2022-10-10 00:00:00+00:00 to 2022-10-10 23:59:00+00:00
2022-10-11,2022,XAU-USD_1Minute_BID_2022-10-11_00_00-23_59_Etc_UTC.csv,processed,1380,XAUUSD_5m_BID_2022-10-11.csv,2022-10-11 00:00:00+00:00 to 2022-10-11 23:59:00+00:00
2022-10-12,2022,XAU-USD_1Minute_BID_2022-10-12_00_00-23_59_Etc_UTC.csv,processed,1380,XAUUSD_5m_BID_2022-10-12.csv,2022-10-12 00:00:00+00:00 to 2022-10-12 23:59:00+00:00
2022-10-13,2022,XAU-USD_1Minute_BID_2022-10-13_00_00-23_59_Etc_UTC.csv,processed,1379,XAUUSD_5m_BID_2022-10-13.csv,2022-10-13 00:00:00+00:00 to 2022-10-13 23:59:00+00:00
2022-10-14,2022,XAU-USD_1Minute_BID_2022-10-14_00_00-23_59_Etc_UTC.csv,processed,1260,XAUUSD_5m_BID_2022-10-14.csv,2022-10-14 00:00:00+00:00 to 2022-10-14 20:59:00+00:00
2022-10-16,2022,XAU-USD_1Minute_BID_2022-10-16_00_00-23_59_Etc_UTC.csv,processed,120,XAUUSD_5m_BID_2022-10-16.csv,2022-10-16 22:00:00+00:00 to 2022-10-16 23:59:00+00:00
2022-10-17,2022,XAU-USD_1Minute_BID_2022-10-17_00_00-23_59_Etc_UTC.csv,processed,1380,XAUUSD_5m_BID_2022-10-17.csv,2022-10-17 00:00:00+00:00 to 2022-10-17 23:59:00+00:00
2022-10-18,2022,XAU-USD_1Minute_BID_2022-10-18_00_00-23_59_Etc_UTC.csv,processed,1372,XAUUSD_5m_BID_2022-10-18.csv,2022-10-18 00:00:00+00:00 to 2022-10-18 23:59:00+00:00
2022-10-19,2022,XAU-USD_1Minute_BID_2022-10-19_00_00-23_59_Etc_UTC.csv,processed,1379,XAUUSD_5m_BID_2022-10-19.csv,2022-10-19 00:00:00+00:00 to 2022-10-19 23:59:00+00:00
2022-10-20,2022,XAU-USD_1Minute_BID_2022-10-20_00_00-23_59_Etc_UTC.csv,processed,1380,XAUUSD_5m_BID_2022-10-20.csv,2022-10-20 00:00:00+00:00 to 2022-10-20 23:59:00+00:00
2022-10-21,2022,XAU-USD_1Minute_BID_2022-10-21_00_00-23_59_Etc_UTC.csv,processed,1260,XAUUSD_5m_BID_2022-10-21.csv,2022-10-21 00:00:00+00:00 to 2022-10-21 20:59:00+00:00
2022-10-23,2022,XAU-USD_1Minute_BID_2022-10-23_00_00-23_59_Etc_UTC.csv,processed,120,XAUUSD_5m_BID_2022-10-23.csv,2022-10-23 22:00:00+00:00 to 2022-10-23 23:59:00+00:00
2022-10-24,2022,XAU-USD_1Minute_BID_2022-10-24_00_00-23_59_Etc_UTC.csv,processed,1380,XAUUSD_5m_BID_2022-10-24.csv,2022-10-24 00:00:00+00:00 to 2022-10-24 23:59:00+00:00
2022-10-25,2022,XAU-USD_1Minute_BID_2022-10-25_00_00-23_59_Etc_UTC.csv,processed,1380,XAUUSD_5m_BID_2022-10-25.csv,2022-10-25 00:00:00+00:00 to 2022-10-25 23:59:00+00:00
2022-10-26,2022,XAU-USD_1Minute_BID_2022-10-26_00_00-23_59_Etc_UTC.csv,processed,1378,XAUUSD_5m_BID_2022-10-26.csv,2022-10-26 00:00:00+00:00 to 2022-10-26 23:59:00+00:00
2022-10-27,2022,XAU-USD_1Minute_BID_2022-10-27_00_00-23_59_Etc_UTC.csv,processed,1380,XAUUSD_5m_BID_2022-10-27.csv,2022-10-27 00:00:00+00:00 to 2022-10-27 23:59:00+00:00
2022-10-28,2022,XAU-USD_1Minute_BID_2022-10-28_00_00-23_59_Etc_UTC.csv,processed,1260,XAUUSD_5m_BID_2022-10-28.csv,2022-10-28 00:00:00+00:00 to 2022-10-28 20:59:00+00:00
2022-10-30,2022,XAU-USD_1Minute_BID_2022-10-30_00_00-23_59_Etc_UTC.csv,processed,120,XAUUSD_5m_BID_2022-10-30.csv,2022-10-30 22:00:00+00:00 to 2022-10-30 23:59:00+00:00
2022-10-31,2022,XAU-USD_1Minute_BID_2022-10-31_00_00-23_59_Etc_UTC.csv,processed,1378,XAUUSD_5m_BID_2022-10-31.csv,2022-10-31 00:00:00+00:00 to 2022-10-31 23:59:00+00:00
2022-11-01,2022,XAU-USD_1Minute_BID_2022-11-01_00_00-23_59_Etc_UTC.csv,processed,1378,XAUUSD_5m_BID_2022-11-01.csv,2022-11-01 00:00:00+00:00 to 2022-11-01 23:59:00+00:00
2022-11-02,2022,XAU-USD_1Minute_BID_2022-11-02_00_00-23_59_Etc_UTC.csv,processed,1380,XAUUSD_5m_BID_2022-11-02.csv,2022-11-02 00:00:00+00:00 to 2022-11-02 23:59:00+00:00
2022-11-03,2022,XAU-USD_1Minute_BID_2022-11-03_00_00-23_59_Etc_UTC.csv,processed,1377,XAUUSD_5m_BID_2022-11-03.csv,2022-11-03 00:00:00+00:00 to 2022-11-03 23:59:00+00:00
2022-11-04,2022,XAU-USD_1Minute_BID_2022-11-04_00_00-23_59_Etc_UTC.csv,processed,1260,XAUUSD_5m_BID_2022-11-04.csv,2022-11-04 00:00:00+00:00 to 2022-11-04 20:59:00+00:00
2022-11-06,2022,XAU-USD_1Minute_BID_2022-11-06_00_00-23_59_Etc_UTC.csv,processed,60,XAUUSD_5m_BID_2022-11-06.csv,2022-11-06 23:00:00+00:00 to 2022-11-06 23:59:00+00:00
2022-11-07,2022,XAU-USD_1Minute_BID_2022-11-07_00_00-23_59_Etc_UTC.csv,processed,1378,XAUUSD_5m_BID_2022-11-07.csv,2022-11-07 00:00:00+00:00 to 2022-11-07 23:59:00+00:00
2022-11-08,2022,XAU-USD_1Minute_BID_2022-11-08_00_00-23_59_Etc_UTC.csv,processed,1380,XAUUSD_5m_BID_2022-11-08.csv,2022-11-08 00:00:00+00:00 to 2022-11-08 23:59:00+00:00
2022-11-09,2022,XAU-USD_1Minute_BID_2022-11-09_00_00-23_59_Etc_UTC.csv,processed,1380,XAUUSD_5m_BID_2022-11-09.csv,2022-11-09 00:00:00+00:00 to 2022-11-09 23:59:00+00:00
2022-11-10,2022,XAU-USD_1Minute_BID_2022-11-10_00_00-23_59_Etc_UTC.csv,processed,1380,XAUUSD_5m_BID_2022-11-10.csv,2022-11-10 00:00:00+00:00 to 2022-11-10 23:59:00+00:00
2022-11-11,2022,XAU-USD_1Minute_BID_2022-11-11_00_00-23_59_Etc_UTC.csv,processed,1320,XAUUSD_5m_BID_2022-11-11.csv,2022-11-11 00:00:00+00:00 to 2022-11-11 21:59:00+00:00
2022-11-13,2022,XAU-USD_1Minute_BID_2022-11-13_00_00-23_59_Etc_UTC.csv,processed,60,XAUUSD_5m_BID_2022-11-13.csv,2022-11-13 23:00:00+00:00 to 2022-11-13 23:59:00+00:00
2022-11-14,2022,XAU-USD_1Minute_BID_2022-11-14_00_00-23_59_Etc_UTC.csv,processed,1379,XAUUSD_5m_BID_2022-11-14.csv,2022-11-14 00:00:00+00:00 to 2022-11-14 23:59:00+00:00
2022-11-15,2022,XAU-USD_1Minute_BID_2022-11-15_00_00-23_59_Etc_UTC.csv,processed,1379,XAUUSD_5m_BID_2022-11-15.csv,2022-11-15 00:00:00+00:00 to 2022-11-15 23:59:00+00:00
2022-11-16,2022,XAU-USD_1Minute_BID_2022-11-16_00_00-23_59_Etc_UTC.csv,processed,1380,XAUUSD_5m_BID_2022-11-16.csv,2022-11-16 00:00:00+00:00 to 2022-11-16 23:59:00+00:00
2022-11-17,2022,XAU-USD_1Minute_BID_2022-11-17_00_00-23_59_Etc_UTC.csv,processed,1379,XAUUSD_5m_BID_2022-11-17.csv,2022-11-17 00:00:00+00:00 to 2022-11-17 23:59:00+00:00
2022-11-18,2022,XAU-USD_1Minute_BID_2022-11-18_00_00-23_59_Etc_UTC.csv,processed,1319,XAUUSD_5m_BID_2022-11-18.csv,2022-11-18 00:00:00+00:00 to 2022-11-18 21:59:00+00:00
2022-11-20,2022,XAU-USD_1Minute_BID_2022-11-20_00_00-23_59_Etc_UTC.csv,processed,60,XAUUSD_5m_BID_2022-11-20.csv,2022-11-20 23:00:00+00:00 to 2022-11-20 23:59:00+00:00
2022-11-21,2022,XAU-USD_1Minute_BID_2022-11-21_00_00-23_59_Etc_UTC.csv,processed,1379,XAUUSD_5m_BID_2022-11-21.csv,2022-11-21 00:00:00+00:00 to 2022-11-21 23:59:00+00:00
2022-11-22,2022,XAU-USD_1Minute_BID_2022-11-22_00_00-23_59_Etc_UTC.csv,processed,1378,XAUUSD_5m_BID_2022-11-22.csv,2022-11-22 00:00:00+00:00 to 2022-11-22 23:59:00+00:00
2022-11-23,2022,XAU-USD_1Minute_BID_2022-11-23_00_00-23_59_Etc_UTC.csv,processed,1380,XAUUSD_5m_BID_2022-11-23.csv,2022-11-23 00:00:00+00:00 to 2022-11-23 23:59:00+00:00
2022-11-24,2022,XAU-USD_1Minute_BID_2022-11-24_00_00-23_59_Etc_UTC.csv,processed,1228,XAUUSD_5m_BID_2022-11-24.csv,2022-11-24 00:00:00+00:00 to 2022-11-24 23:59:00+00:00
2022-11-25,2022,XAU-USD_1Minute_BID_2022-11-25_00_00-23_59_Etc_UTC.csv,processed,1124,XAUUSD_5m_BID_2022-11-25.csv,2022-11-25 00:00:00+00:00 to 2022-11-25 18:43:00+00:00
2022-11-27,2022,XAU-USD_1Minute_BID_2022-11-27_00_00-23_59_Etc_UTC.csv,processed,59,XAUUSD_5m_BID_2022-11-27.csv,2022-11-27 23:00:00+00:00 to 2022-11-27 23:59:00+00:00
2022-11-28,2022,XAU-USD_1Minute_BID_2022-11-28_00_00-23_59_Etc_UTC.csv,processed,1380,XAUUSD_5m_BID_2022-11-28.csv,2022-11-28 00:00:00+00:00 to 2022-11-28 23:59:00+00:00
2022-11-29,2022,XAU-USD_1Minute_BID_2022-11-29_00_00-23_59_Etc_UTC.csv,processed,1378,XAUUSD_5m_BID_2022-11-29.csv,2022-11-29 00:00:00+00:00 to 2022-11-29 23:59:00+00:00
2022-11-30,2022,XAU-USD_1Minute_BID_2022-11-30_00_00-23_59_Etc_UTC.csv,processed,1380,XAUUSD_5m_BID_2022-11-30.csv,2022-11-30 00:00:00+00:00 to 2022-11-30 23:59:00+00:00
2022-12-01,2022,XAU-USD_1Minute_BID_2022-12-01_00_00-23_59_Etc_UTC.csv,processed,1380,XAUUSD_5m_BID_2022-12-01.csv,2022-12-01 00:00:00+00:00 to 2022-12-01 23:59:00+00:00
2022-12-02,2022,XAU-USD_1Minute_BID_2022-12-02_00_00-23_59_Etc_UTC.csv,processed,1320,XAUUSD_5m_BID_2022-12-02.csv,2022-12-02 00:00:00+00:00 to 2022-12-02 21:59:00+00:00
2022-12-04,2022,XAU-USD_1Minute_BID_2022-12-04_00_00-23_59_Etc_UTC.csv,processed,60,XAUUSD_5m_BID_2022-12-04.csv,2022-12-04 23:00:00+00:00 to 2022-12-04 23:59:00+00:00
2022-12-05,2022,XAU-USD_1Minute_BID_2022-12-05_00_00-23_59_Etc_UTC.csv,processed,1380,XAUUSD_5m_BID_2022-12-05.csv,2022-12-05 00:00:00+00:00 to 2022-12-05 23:59:00+00:00
2022-12-06,2022,XAU-USD_1Minute_BID_2022-12-06_00_00-23_59_Etc_UTC.csv,processed,1378,XAUUSD_5m_BID_2022-12-06.csv,2022-12-06 00:00:00+00:00 to 2022-12-06 23:59:00+00:00
2022-12-07,2022,XAU-USD_1Minute_BID_2022-12-07_00_00-23_59_Etc_UTC.csv,processed,1378,XAUUSD_5m_BID_2022-12-07.csv,2022-12-07 00:00:00+00:00 to 2022-12-07 23:59:00+00:00
2022-12-08,2022,XAU-USD_1Minute_BID_2022-12-08_00_00-23_59_Etc_UTC.csv,processed,1379,XAUUSD_5m_BID_2022-12-08.csv,2022-12-08 00:00:00+00:00 to 2022-12-08 23:59:00+00:00
2022-12-09,2022,XAU-USD_1Minute_BID_2022-12-09_00_00-23_59_Etc_UTC.csv,processed,1320,XAUUSD_5m_BID_2022-12-09.csv,2022-12-09 00:00:00+00:00 to 2022-12-09 21:59:00+00:00
2022-12-11,2022,XAU-USD_1Minute_BID_2022-12-11_00_00-23_59_Etc_UTC.csv,processed,60,XAUUSD_5m_BID_2022-12-11.csv,2022-12-11 23:00:00+00:00 to 2022-12-11 23:59:00+00:00
2022-12-12,2022,XAU-USD_1Minute_BID_2022-12-12_00_00-23_59_Etc_UTC.csv,processed,1379,XAUUSD_5m_BID_2022-12-12.csv,2022-12-12 00:00:00+00:00 to 2022-12-12 23:59:00+00:00
2022-12-13,2022,XAU-USD_1Minute_BID_2022-12-13_00_00-23_59_Etc_UTC.csv,processed,1380,XAUUSD_5m_BID_2022-12-13.csv,2022-12-13 00:00:00+00:00 to 2022-12-13 23:59:00+00:00
2022-12-14,2022,XAU-USD_1Minute_BID_2022-12-14_00_00-23_59_Etc_UTC.csv,processed,1380,XAUUSD_5m_BID_2022-12-14.csv,2022-12-14 00:00:00+00:00 to 2022-12-14 23:59:00+00:00
2022-12-15,2022,XAU-USD_1Minute_BID_2022-12-15_00_00-23_59_Etc_UTC.csv,processed,1380,XAUUSD_5m_BID_2022-12-15.csv,2022-12-15 00:00:00+00:00 to 2022-12-15 23:59:00+00:00
2022-12-16,2022,XAU-USD_1Minute_BID_2022-12-16_00_00-23_59_Etc_UTC.csv,processed,1320,XAUUSD_5m_BID_2022-12-16.csv,2022-12-16 00:00:00+00:00 to 2022-12-16 21:59:00+00:00
2022-12-18,2022,XAU-USD_1Minute_BID_2022-12-18_00_00-23_59_Etc_UTC.csv,processed,60,XAUUSD_5m_BID_2022-12-18.csv,2022-12-18 23:00:00+00:00 to 2022-12-18 23:59:00+00:00
2022-12-19,2022,XAU-USD_1Minute_BID_2022-12-19_00_00-23_59_Etc_UTC.csv,processed,1380,XAUUSD_5m_BID_2022-12-19.csv,2022-12-19 00:00:00+00:00 to 2022-12-19 23:59:00+00:00
2022-12-20,2022,XAU-USD_1Minute_BID_2022-12-20_00_00-23_59_Etc_UTC.csv,processed,1380,XAUUSD_5m_BID_2022-12-20.csv,2022-12-20 00:00:00+00:00 to 2022-12-20 23:59:00+00:00
2022-12-21,2022,XAU-USD_1Minute_BID_2022-12-21_00_00-23_59_Etc_UTC.csv,processed,1380,XAUUSD_5m_BID_2022-12-21.csv,2022-12-21 00:00:00+00:00 to 2022-12-21 23:59:00+00:00
2022-12-22,2022,XAU-USD_1Minute_BID_2022-12-22_00_00-23_59_Etc_UTC.csv,processed,1380,XAUUSD_5m_BID_2022-12-22.csv,2022-12-22 00:00:00+00:00 to 2022-12-22 23:59:00+00:00
2022-12-23,2022,XAU-USD_1Minute_BID_2022-12-23_00_00-23_59_Etc_UTC.csv,processed,1319,XAUUSD_5m_BID_2022-12-23.csv,2022-12-23 00:00:00+00:00 to 2022-12-23 21:58:00+00:00
2022-12-26,2022,XAU-USD_1Minute_BID_2022-12-26_00_00-23_59_Etc_UTC.csv,processed,60,XAUUSD_5m_BID_2022-12-26.csv,2022-12-26 23:00:00+00:00 to 2022-12-26 23:59:00+00:00
2022-12-27,2022,XAU-USD_1Minute_BID_2022-12-27_00_00-23_59_Etc_UTC.csv,processed,1376,XAUUSD_5m_BID_2022-12-27.csv,2022-12-27 00:00:00+00:00 to 2022-12-27 23:59:00+00:00
2022-12-28,2022,XAU-USD_1Minute_BID_2022-12-28_00_00-23_59_Etc_UTC.csv,processed,1379,XAUUSD_5m_BID_2022-12-28.csv,2022-12-28 00:00:00+00:00 to 2022-12-28 23:59:00+00:00
2022-12-29,2022,XAU-USD_1Minute_BID_2022-12-29_00_00-23_59_Etc_UTC.csv,processed,1380,XAUUSD_5m_BID_2022-12-29.csv,2022-12-29 00:00:00+00:00 to 2022-12-29 23:59:00+00:00
2022-12-30,2022,XAU-USD_1Minute_BID_2022-12-30_00_00-23_59_Etc_UTC.csv,processed,1319,XAUUSD_5m_BID_2022-12-30.csv,2022-12-30 00:00:00+00:00 to 2022-12-30 21:58:00+00:00
2023-01-02,2023,XAU-USD_1Minute_BID_2023-01-02_00_00-23_59_Etc_UTC.csv,processed,58,XAUUSD_5m_BID_2023-01-02.csv,2023-01-02 23:00:00+00:00 to 2023-01-02 23:59:00+00:00
2023-01-03,2023,XAU-USD_1Minute_BID_2023-01-03_00_00-23_59_Etc_UTC.csv,processed,1380,XAUUSD_5m_BID_2023-01-03.csv,2023-01-03 00:00:00+00:00 to 2023-01-03 23:59:00+00:00
2023-01-04,2023,XAU-USD_1Minute_BID_2023-01-04_00_00-23_59_Etc_UTC.csv,processed,1380,XAUUSD_5m_BID_2023-01-04.csv,2023-01-04 00:00:00+00:00 to 2023-01-04 23:59:00+00:00
2023-01-05,2023,XAU-USD_1Minute_BID_2023-01-05_00_00-23_59_Etc_UTC.csv,processed,1380,XAUUSD_5m_BID_2023-01-05.csv,2023-01-05 00:00:00+00:00 to 2023-01-05 23:59:00+00:00
2023-01-06,2023,XAU-USD_1Minute_BID_2023-01-06_00_00-23_59_Etc_UTC.csv,processed,1320,XAUUSD_5m_BID_2023-01-06.csv,2023-01-06 00:00:00+00:00 to 2023-01-06 21:59:00+00:00
2023-01-08,2023,XAU-USD_1Minute_BID_2023-01-08_00_00-23_59_Etc_UTC.csv,processed,60,XAUUSD_5m_BID_2023-01-08.csv,2023-01-08 23:00:00+00:00 to 2023-01-08 23:59:00+00:00
2023-01-09,2023,XAU-USD_1Minute_BID_2023-01-09_00_00-23_59_Etc_UTC.csv,processed,1380,XAUUSD_5m_BID_2023-01-09.csv,2023-01-09 00:00:00+00:00 to 2023-01-09 23:59:00+00:00
2023-01-10,2023,XAU-USD_1Minute_BID_2023-01-10_00_00-23_59_Etc_UTC.csv,processed,1380,XAUUSD_5m_BID_2023-01-10.csv,2023-01-10 00:00:00+00:00 to 2023-01-10 23:59:00+00:00
2023-01-11,2023,XAU-USD_1Minute_BID_2023-01-11_00_00-23_59_Etc_UTC.csv,processed,1380,XAUUSD_5m_BID_2023-01-11.csv,2023-01-11 00:00:00+00:00 to 2023-01-11 23:59:00+00:00
2023-01-12,2023,XAU-USD_1Minute_BID_2023-01-12_00_00-23_59_Etc_UTC.csv,processed,1380,XAUUSD_5m_BID_2023-01-12.csv,2023-01-12 00:00:00+00:00 to 2023-01-12 23:59:00+00:00
2023-01-13,2023,XAU-USD_1Minute_BID_2023-01-13_00_00-23_59_Etc_UTC.csv,processed,1320,XAUUSD_5m_BID_2023-01-13.csv,2023-01-13 00:00:00+00:00 to 2023-01-13 21:59:00+00:00
2023-01-15,2023,XAU-USD_1Minute_BID_2023-01-15_00_00-23_59_Etc_UTC.csv,processed,60,XAUUSD_5m_BID_2023-01-15.csv,2023-01-15 23:00:00+00:00 to 2023-01-15 23:59:00+00:00
2023-01-16,2023,XAU-USD_1Minute_BID_2023-01-16_00_00-23_59_Etc_UTC.csv,processed,1139,XAUUSD_5m_BID_2023-01-16.csv,2023-01-16 00:00:00+00:00 to 2023-01-16 23:59:00+00:00
2023-01-17,2023,XAU-USD_1Minute_BID_2023-01-17_00_00-23_59_Etc_UTC.csv,processed,1379,XAUUSD_5m_BID_2023-01-17.csv,2023-01-17 00:00:00+00:00 to 2023-01-17 23:59:00+00:00
2023-01-18,2023,XAU-USD_1Minute_BID_2023-01-18_00_00-23_59_Etc_UTC.csv,processed,1380,XAUUSD_5m_BID_2023-01-18.csv,2023-01-18 00:00:00+00:00 to 2023-01-18 23:59:00+00:00
2023-01-19,2023,XAU-USD_1Minute_BID_2023-01-19_00_00-23_59_Etc_UTC.csv,processed,1380,XAUUSD_5m_BID_2023-01-19.csv,2023-01-19 00:00:00+00:00 to 2023-01-19 23:59:00+00:00
2023-01-20,2023,XAU-USD_1Minute_BID_2023-01-20_00_00-23_59_Etc_UTC.csv,processed,1320,XAUUSD_5m_BID_2023-01-20.csv,2023-01-20 00:00:00+00:00 to 2023-01-20 21:59:00+00:00
2023-01-22,2023,XAU-USD_1Minute_BID_2023-01-22_00_00-23_59_Etc_UTC.csv,processed,60,XAUUSD_5m_BID_2023-01-22.csv,2023-01-22 23:00:00+00:00 to 2023-01-22 23:59:00+00:00
2023-01-23,2023,XAU-USD_1Minute_BID_2023-01-23_00_00-23_59_Etc_UTC.csv,processed,1379,XAUUSD_5m_BID_2023-01-23.csv,2023-01-23 00:00:00+00:00 to 2023-01-23 23:59:00+00:00
2023-01-24,2023,XAU-USD_1Minute_BID_2023-01-24_00_00-23_59_Etc_UTC.csv,processed,1380,XAUUSD_5m_BID_2023-01-24.csv,2023-01-24 00:00:00+00:00 to 2023-01-24 23:59:00+00:00
2023-01-25,2023,XAU-USD_1Minute_BID_2023-01-25_00_00-23_59_Etc_UTC.csv,processed,1380,XAUUSD_5m_BID_2023-01-25.csv,2023-01-25 00:00:00+00:00 to 2023-01-25 23:59:00+00:00
2023-01-26,2023,XAU-USD_1Minute_BID_2023-01-26_00_00-23_59_Etc_UTC.csv,processed,1379,XAUUSD_5m_BID_2023-01-26.csv,2023-01-26 00:00:00+00:00 to 2023-01-26 23:59:00+00:00
2023-01-27,2023,XAU-USD_1Minute_BID_2023-01-27_00_00-23_59_Etc_UTC.csv,processed,1320,XAUUSD_5m_BID_2023-01-27.csv,2023-01-27 00:00:00+00:00 to 2023-01-27 21:59:00+00:00
2023-01-29,2023,XAU-USD_1Minute_BID_2023-01-29_00_00-23_59_Etc_UTC.csv,processed,60,XAUUSD_5m_BID_2023-01-29.csv,2023-01-29 23:00:00+00:00 to 2023-01-29 23:59:00+00:00
2023-01-30,2023,XAU-USD_1Minute_BID_2023-01-30_00_00-23_59_Etc_UTC.csv,processed,1380,XAUUSD_5m_BID_2023-01-30.csv,2023-01-30 00:00:00+00:00 to 2023-01-30 23:59:00+00:00
2023-01-31,2023,XAU-USD_1Minute_BID_2023-01-31_00_00-23_59_Etc_UTC.csv,processed,1380,XAUUSD_5m_BID_2023-01-31.csv,2023-01-31 00:00:00+00:00 to 2023-01-31 23:59:00+00:00
2023-02-01,2023,XAU-USD_1Minute_BID_2023-02-01_00_00-23_59_Etc_UTC.csv,processed,1380,XAUUSD_5m_BID_2023-02-01.csv,2023-02-01 00:00:00+00:00 to 2023-02-01 23:59:00+00:00
2023-02-02,2023,XAU-USD_1Minute_BID_2023-02-02_00_00-23_59_Etc_UTC.csv,processed,1380,XAUUSD_5m_BID_2023-02-02.csv,2023-02-02 00:00:00+00:00 to 2023-02-02 23:59:00+00:00
2023-02-03,2023,XAU-USD_1Minute_BID_2023-02-03_00_00-23_59_Etc_UTC.csv,processed,1320,XAUUSD_5m_BID_2023-02-03.csv,2023-02-03 00:00:00+00:00 to 2023-02-03 21:59:00+00:00
2023-02-05,2023,XAU-USD_1Minute_BID_2023-02-05_00_00-23_59_Etc_UTC.csv,processed,60,XAUUSD_5m_BID_2023-02-05.csv,2023-02-05 23:00:00+00:00 to 2023-02-05 23:59:00+00:00
2023-02-06,2023,XAU-USD_1Minute_BID_2023-02-06_00_00-23_59_Etc_UTC.csv,processed,1380,XAUUSD_5m_BID_2023-02-06.csv,2023-02-06 00:00:00+00:00 to 2023-02-06 23:59:00+00:00
2023-02-07,2023,XAU-USD_1Minute_BID_2023-02-07_00_00-23_59_Etc_UTC.csv,processed,1379,XAUUSD_5m_BID_2023-02-07.csv,2023-02-07 00:00:00+00:00 to 2023-02-07 23:59:00+00:00
2023-02-08,2023,XAU-USD_1Minute_BID_2023-02-08_00_00-23_59_Etc_UTC.csv,processed,1380,XAUUSD_5m_BID_2023-02-08.csv,2023-02-08 00:00:00+00:00 to 2023-02-08 23:59:00+00:00
2023-02-09,2023,XAU-USD_1Minute_BID_2023-02-09_00_00-23_59_Etc_UTC.csv,processed,1380,XAUUSD_5m_BID_2023-02-09.csv,2023-02-09 00:00:00+00:00 to 2023-02-09 23:59:00+00:00
2023-02-10,2023,XAU-USD_1Minute_BID_2023-02-10_00_00-23_59_Etc_UTC.csv,processed,1320,XAUUSD_5m_BID_2023-02-10.csv,2023-02-10 00:00:00+00:00 to 2023-02-10 21:59:00+00:00
2023-02-12,2023,XAU-USD_1Minute_BID_2023-02-12_00_00-23_59_Etc_UTC.csv,processed,60,XAUUSD_5m_BID_2023-02-12.csv,2023-02-12 23:00:00+00:00 to 2023-02-12 23:59:00+00:00
2023-02-13,2023,XAU-USD_1Minute_BID_2023-02-13_00_00-23_59_Etc_UTC.csv,processed,1380,XAUUSD_5m_BID_2023-02-13.csv,2023-02-13 00:00:00+00:00 to 2023-02-13 23:59:00+00:00
2023-02-14,2023,XAU-USD_1Minute_BID_2023-02-14_00_00-23_59_Etc_UTC.csv,processed,1379,XAUUSD_5m_BID_2023-02-14.csv,2023-02-14 00:00:00+00:00 to 2023-02-14 23:59:00+00:00
2023-02-15,2023,XAU-USD_1Minute_BID_2023-02-15_00_00-23_59_Etc_UTC.csv,processed,1380,XAUUSD_5m_BID_2023-02-15.csv,2023-02-15 00:00:00+00:00 to 2023-02-15 23:59:00+00:00
2023-02-16,2023,XAU-USD_1Minute_BID_2023-02-16_00_00-23_59_Etc_UTC.csv,processed,1380,XAUUSD_5m_BID_2023-02-16.csv,2023-02-16 00:00:00+00:00 to 2023-02-16 23:59:00+00:00
2023-02-17,2023,XAU-USD_1Minute_BID_2023-02-17_00_00-23_59_Etc_UTC.csv,processed,1320,XAUUSD_5m_BID_2023-02-17.csv,2023-02-17 00:00:00+00:00 to 2023-02-17 21:59:00+00:00
2023-02-19,2023,XAU-USD_1Minute_BID_2023-02-19_00_00-23_59_Etc_UTC.csv,processed,60,XAUUSD_5m_BID_2023-02-19.csv,2023-02-19 23:00:00+00:00 to 2023-02-19 23:59:00+00:00
2023-02-20,2023,XAU-USD_1Minute_BID_2023-02-20_00_00-23_59_Etc_UTC.csv,processed,1229,XAUUSD_5m_BID_2023-02-20.csv,2023-02-20 00:00:00+00:00 to 2023-02-20 23:59:00+00:00
2023-02-21,2023,XAU-USD_1Minute_BID_2023-02-21_00_00-23_59_Etc_UTC.csv,processed,1380,XAUUSD_5m_BID_2023-02-21.csv,2023-02-21 00:00:00+00:00 to 2023-02-21 23:59:00+00:00
2023-02-22,2023,XAU-USD_1Minute_BID_2023-02-22_00_00-23_59_Etc_UTC.csv,processed,1379,XAUUSD_5m_BID_2023-02-22.csv,2023-02-22 00:00:00+00:00 to 2023-02-22 23:59:00+00:00
2023-02-23,2023,XAU-USD_1Minute_BID_2023-02-23_00_00-23_59_Etc_UTC.csv,processed,1380,XAUUSD_5m_BID_2023-02-23.csv,2023-02-23 00:00:00+00:00 to 2023-02-23 23:59:00+00:00
2023-02-24,2023,XAU-USD_1Minute_BID_2023-02-24_00_00-23_59_Etc_UTC.csv,processed,1319,XAUUSD_5m_BID_2023-02-24.csv,2023-02-24 00:00:00+00:00 to 2023-02-24 21:59:00+00:00
2023-02-26,2023,XAU-USD_1Minute_BID_2023-02-26_00_00-23_59_Etc_UTC.csv,processed,60,XAUUSD_5m_BID_2023-02-26.csv,2023-02-26 23:00:00+00:00 to 2023-02-26 23:59:00+00:00
2023-02-27,2023,XAU-USD_1Minute_BID_2023-02-27_00_00-23_59_Etc_UTC.csv,processed,1378,XAUUSD_5m_BID_2023-02-27.csv,2023-02-27 00:00:00+00:00 to 2023-02-27 23:59:00+00:00
2023-02-28,2023,XAU-USD_1Minute_BID_2023-02-28_00_00-23_59_Etc_UTC.csv,processed,1380,XAUUSD_5m_BID_2023-02-28.csv,2023-02-28 00:00:00+00:00 to 2023-02-28 23:59:00+00:00
2023-03-01,2023,XAU-USD_1Minute_BID_2023-03-01_00_00-23_59_Etc_UTC.csv,processed,1378,XAUUSD_5m_BID_2023-03-01.csv,2023-03-01 00:00:00+00:00 to 2023-03-01 23:59:00+00:00
2023-03-02,2023,XAU-USD_1Minute_BID_2023-03-02_00_00-23_59_Etc_UTC.csv,processed,1380,XAUUSD_5m_BID_2023-03-02.csv,2023-03-02 00:00:00+00:00 to 2023-03-02 23:59:00+00:00
2023-03-03,2023,XAU-USD_1Minute_BID_2023-03-03_00_00-23_59_Etc_UTC.csv,processed,1319,XAUUSD_5m_BID_2023-03-03.csv,2023-03-03 00:00:00+00:00 to 2023-03-03 21:59:00+00:00
2023-03-05,2023,XAU-USD_1Minute_BID_2023-03-05_00_00-23_59_Etc_UTC.csv,processed,60,XAUUSD_5m_BID_2023-03-05.csv,2023-03-05 23:00:00+00:00 to 2023-03-05 23:59:00+00:00
2023-03-06,2023,XAU-USD_1Minute_BID_2023-03-06_00_00-23_59_Etc_UTC.csv,processed,1380,XAUUSD_5m_BID_2023-03-06.csv,2023-03-06 00:00:00+00:00 to 2023-03-06 23:59:00+00:00
2023-03-07,2023,XAU-USD_1Minute_BID_2023-03-07_00_00-23_59_Etc_UTC.csv,processed,1380,XAUUSD_5m_BID_2023-03-07.csv,2023-03-07 00:00:00+00:00 to 2023-03-07 23:59:00+00:00
2023-03-08,2023,XAU-USD_1Minute_BID_2023-03-08_00_00-23_59_Etc_UTC.csv,processed,1379,XAUUSD_5m_BID_2023-03-08.csv,2023-03-08 00:00:00+00:00 to 2023-03-08 23:59:00+00:00
2023-03-09,2023,XAU-USD_1Minute_BID_2023-03-09_00_00-23_59_Etc_UTC.csv,processed,1379,XAUUSD_5m_BID_2023-03-09.csv,2023-03-09 00:00:00+00:00 to 2023-03-09 23:59:00+00:00
2023-03-10,2023,XAU-USD_1Minute_BID_2023-03-10_00_00-23_59_Etc_UTC.csv,processed,1320,XAUUSD_5m_BID_2023-03-10.csv,2023-03-10 00:00:00+00:00 to 2023-03-10 21:59:00+00:00
2023-03-12,2023,XAU-USD_1Minute_BID_2023-03-12_00_00-23_59_Etc_UTC.csv,processed,120,XAUUSD_5m_BID_2023-03-12.csv,2023-03-12 22:00:00+00:00 to 2023-03-12 23:59:00+00:00
2023-03-13,2023,XAU-USD_1Minute_BID_2023-03-13_00_00-23_59_Etc_UTC.csv,processed,1380,XAUUSD_5m_BID_2023-03-13.csv,2023-03-13 00:00:00+00:00 to 2023-03-13 23:59:00+00:00
2023-03-14,2023,XAU-USD_1Minute_BID_2023-03-14_00_00-23_59_Etc_UTC.csv,processed,1380,XAUUSD_5m_BID_2023-03-14.csv,2023-03-14 00:00:00+00:00 to 2023-03-14 23:59:00+00:00
2023-03-15,2023,XAU-USD_1Minute_BID_2023-03-15_00_00-23_59_Etc_UTC.csv,processed,1380,XAUUSD_5m_BID_2023-03-15.csv,2023-03-15 00:00:00+00:00 to 2023-03-15 23:59:00+00:00
2023-03-16,2023,XAU-USD_1Minute_BID_2023-03-16_00_00-23_59_Etc_UTC.csv,processed,1380,XAUUSD_5m_BID_2023-03-16.csv,2023-03-16 00:00:00+00:00 to 2023-03-16 23:59:00+00:00
2023-03-17,2023,XAU-USD_1Minute_BID_2023-03-17_00_00-23_59_Etc_UTC.csv,processed,1260,XAUUSD_5m_BID_2023-03-17.csv,2023-03-17 00:00:00+00:00 to 2023-03-17 20:59:00+00:00
2023-03-19,2023,XAU-USD_1Minute_BID_2023-03-19_00_00-23_59_Etc_UTC.csv,processed,120,XAUUSD_5m_BID_2023-03-19.csv,2023-03-19 22:00:00+00:00 to 2023-03-19 23:59:00+00:00
2023-03-20,2023,XAU-USD_1Minute_BID_2023-03-20_00_00-23_59_Etc_UTC.csv,processed,1378,XAUUSD_5m_BID_2023-03-20.csv,2023-03-20 00:00:00+00:00 to 2023-03-20 23:59:00+00:00
2023-03-21,2023,XAU-USD_1Minute_BID_2023-03-21_00_00-23_59_Etc_UTC.csv,processed,1380,XAUUSD_5m_BID_2023-03-21.csv,2023-03-21 00:00:00+00:00 to 2023-03-21 23:59:00+00:00
2023-03-22,2023,XAU-USD_1Minute_BID_2023-03-22_00_00-23_59_Etc_UTC.csv,processed,1380,XAUUSD_5m_BID_2023-03-22.csv,2023-03-22 00:00:00+00:00 to 2023-03-22 23:59:00+00:00
2023-03-23,2023,XAU-USD_1Minute_BID_2023-03-23_00_00-23_59_Etc_UTC.csv,processed,1380,XAUUSD_5m_BID_2023-03-23.csv,2023-03-23 00:00:00+00:00 to 2023-03-23 23:59:00+00:00
2023-03-24,2023,XAU-USD_1Minute_BID_2023-03-24_00_00-23_59_Etc_UTC.csv,processed,1260,XAUUSD_5m_BID_2023-03-24.csv,2023-03-24 00:00:00+00:00 to 2023-03-24 20:59:00+00:00
2023-03-26,2023,XAU-USD_1Minute_BID_2023-03-26_00_00-23_59_Etc_UTC.csv,processed,120,XAUUSD_5m_BID_2023-03-26.csv,2023-03-26 22:00:00+00:00 to 2023-03-26 23:59:00+00:00
2023-03-27,2023,XAU-USD_1Minute_BID_2023-03-27_00_00-23_59_Etc_UTC.csv,processed,1380,XAUUSD_5m_BID_2023-03-27.csv,2023-03-27 00:00:00+00:00 to 2023-03-27 23:59:00+00:00
2023-03-28,2023,XAU-USD_1Minute_BID_2023-03-28_00_00-23_59_Etc_UTC.csv,processed,1380,XAUUSD_5m_BID_2023-03-28.csv,2023-03-28 00:00:00+00:00 to 2023-03-28 23:59:00+00:00
2023-03-29,2023,XAU-USD_1Minute_BID_2023-03-29_00_00-23_59_Etc_UTC.csv,processed,1380,XAUUSD_5m_BID_2023-03-29.csv,2023-03-29 00:00:00+00:00 to 2023-03-29 23:59:00+00:00
2023-03-30,2023,XAU-USD_1Minute_BID_2023-03-30_00_00-23_59_Etc_UTC.csv,processed,1380,XAUUSD_5m_BID_2023-03-30.csv,2023-03-30 00:00:00+00:00 to 2023-03-30 23:59:00+00:00
2023-03-31,2023,XAU-USD_1Minute_BID_2023-03-31_00_00-23_59_Etc_UTC.csv,processed,1260,XAUUSD_5m_BID_2023-03-31.csv,2023-03-31 00:00:00+00:00 to 2023-03-31 20:59:00+00:00
2023-04-02,2023,XAU-USD_1Minute_BID_2023-04-02_00_00-23_59_Etc_UTC.csv,processed,120,XAUUSD_5m_BID_2023-04-02.csv,2023-04-02 22:00:00+00:00 to 2023-04-02 23:59:00+00:00
2023-04-03,2023,XAU-USD_1Minute_BID_2023-04-03_00_00-23_59_Etc_UTC.csv,processed,1380,XAUUSD_5m_BID_2023-04-03.csv,2023-04-03 00:00:00+00:00 to 2023-04-03 23:59:00+00:00
2023-04-04,2023,XAU-USD_1Minute_BID_2023-04-04_00_00-23_59_Etc_UTC.csv,processed,1380,XAUUSD_5m_BID_2023-04-04.csv,2023-04-04 00:00:00+00:00 to 2023-04-04 23:59:00+00:00
2023-04-05,2023,XAU-USD_1Minute_BID_2023-04-05_00_00-23_59_Etc_UTC.csv,processed,1380,XAUUSD_5m_BID_2023-04-05.csv,2023-04-05 00:00:00+00:00 to 2023-04-05 23:59:00+00:00
2023-04-06,2023,XAU-USD_1Minute_BID_2023-04-06_00_00-23_59_Etc_UTC.csv,processed,1259,XAUUSD_5m_BID_2023-04-06.csv,2023-04-06 00:00:00+00:00 to 2023-04-06 20:58:00+00:00
2023-04-09,2023,XAU-USD_1Minute_BID_2023-04-09_00_00-23_59_Etc_UTC.csv,processed,116,XAUUSD_5m_BID_2023-04-09.csv,2023-04-09 22:00:00+00:00 to 2023-04-09 23:59:00+00:00
2023-04-10,2023,XAU-USD_1Minute_BID_2023-04-10_00_00-23_59_Etc_UTC.csv,processed,1380,XAUUSD_5m_BID_2023-04-10.csv,2023-04-10 00:00:00+00:00 to 2023-04-10 23:59:00+00:00
2023-04-11,2023,XAU-USD_1Minute_BID_2023-04-11_00_00-23_59_Etc_UTC.csv,processed,1379,XAUUSD_5m_BID_2023-04-11.csv,2023-04-11 00:00:00+00:00 to 2023-04-11 23:59:00+00:00
2023-04-12,2023,XAU-USD_1Minute_BID_2023-04-12_00_00-23_59_Etc_UTC.csv,processed,1377,XAUUSD_5m_BID_2023-04-12.csv,2023-04-12 00:00:00+00:00 to 2023-04-12 23:59:00+00:00
2023-04-13,2023,XAU-USD_1Minute_BID_2023-04-13_00_00-23_59_Etc_UTC.csv,processed,1380,XAUUSD_5m_BID_2023-04-13.csv,2023-04-13 00:00:00+00:00 to 2023-04-13 23:59:00+00:00
2023-04-14,2023,XAU-USD_1Minute_BID_2023-04-14_00_00-23_59_Etc_UTC.csv,processed,1260,XAUUSD_5m_BID_2023-04-14.csv,2023-04-14 00:00:00+00:00 to 2023-04-14 20:59:00+00:00
2023-04-16,2023,XAU-USD_1Minute_BID_2023-04-16_00_00-23_59_Etc_UTC.csv,processed,120,XAUUSD_5m_BID_2023-04-16.csv,2023-04-16 22:00:00+00:00 to 2023-04-16 23:59:00+00:00
2023-04-17,2023,XAU-USD_1Minute_BID_2023-04-17_00_00-23_59_Etc_UTC.csv,processed,1380,XAUUSD_5m_BID_2023-04-17.csv,2023-04-17 00:00:00+00:00 to 2023-04-17 23:59:00+00:00
2023-04-18,2023,XAU-USD_1Minute_BID_2023-04-18_00_00-23_59_Etc_UTC.csv,processed,1377,XAUUSD_5m_BID_2023-04-18.csv,2023-04-18 00:00:00+00:00 to 2023-04-18 23:59:00+00:00
2023-04-19,2023,XAU-USD_1Minute_BID_2023-04-19_00_00-23_59_Etc_UTC.csv,processed,1380,XAUUSD_5m_BID_2023-04-19.csv,2023-04-19 00:00:00+00:00 to 2023-04-19 23:59:00+00:00
2023-04-20,2023,XAU-USD_1Minute_BID_2023-04-20_00_00-23_59_Etc_UTC.csv,processed,1380,XAUUSD_5m_BID_2023-04-20.csv,2023-04-20 00:00:00+00:00 to 2023-04-20 23:59:00+00:00
2023-04-21,2023,XAU-USD_1Minute_BID_2023-04-21_00_00-23_59_Etc_UTC.csv,processed,1260,XAUUSD_5m_BID_2023-04-21.csv,2023-04-21 00:00:00+00:00 to 2023-04-21 20:59:00+00:00
2023-04-23,2023,XAU-USD_1Minute_BID_2023-04-23_00_00-23_59_Etc_UTC.csv,processed,120,XAUUSD_5m_BID_2023-04-23.csv,2023-04-23 22:00:00+00:00 to 2023-04-23 23:59:00+00:00
2023-04-24,2023,XAU-USD_1Minute_BID_2023-04-24_00_00-23_59_Etc_UTC.csv,processed,1380,XAUUSD_5m_BID_2023-04-24.csv,2023-04-24 00:00:00+00:00 to 2023-04-24 23:59:00+00:00
2023-04-25,2023,XAU-USD_1Minute_BID_2023-04-25_00_00-23_59_Etc_UTC.csv,processed,1380,XAUUSD_5m_BID_2023-04-25.csv,2023-04-25 00:00:00+00:00 to 2023-04-25 23:59:00+00:00
2023-04-26,2023,XAU-USD_1Minute_BID_2023-04-26_00_00-23_59_Etc_UTC.csv,processed,1380,XAUUSD_5m_BID_2023-04-26.csv,2023-04-26 00:00:00+00:00 to 2023-04-26 23:59:00+00:00
2023-04-27,2023,XAU-USD_1Minute_BID_2023-04-27_00_00-23_59_Etc_UTC.csv,processed,1380,XAUUSD_5m_BID_2023-04-27.csv,2023-04-27 00:00:00+00:00 to 2023-04-27 23:59:00+00:00
2023-04-28,2023,XAU-USD_1Minute_BID_2023-04-28_00_00-23_59_Etc_UTC.csv,processed,1260,XAUUSD_5m_BID_2023-04-28.csv,2023-04-28 00:00:00+00:00 to 2023-04-28 20:59:00+00:00
2023-04-30,2023,XAU-USD_1Minute_BID_2023-04-30_00_00-23_59_Etc_UTC.csv,processed,120,XAUUSD_5m_BID_2023-04-30.csv,2023-04-30 22:00:00+00:00 to 2023-04-30 23:59:00+00:00
2023-05-01,2023,XAU-USD_1Minute_BID_2023-05-01_00_00-23_59_Etc_UTC.csv,processed,1380,XAUUSD_5m_BID_2023-05-01.csv,2023-05-01 00:00:00+00:00 to 2023-05-01 23:59:00+00:00
2023-05-02,2023,XAU-USD_1Minute_BID_2023-05-02_00_00-23_59_Etc_UTC.csv,processed,1380,XAUUSD_5m_BID_2023-05-02.csv,2023-05-02 00:00:00+00:00 to 2023-05-02 23:59:00+00:00
2023-05-03,2023,XAU-USD_1Minute_BID_2023-05-03_00_00-23_59_Etc_UTC.csv,processed,1380,XAUUSD_5m_BID_2023-05-03.csv,2023-05-03 00:00:00+00:00 to 2023-05-03 23:59:00+00:00
2023-05-04,2023,XAU-USD_1Minute_BID_2023-05-04_00_00-23_59_Etc_UTC.csv,processed,1380,XAUUSD_5m_BID_2023-05-04.csv,2023-05-04 00:00:00+00:00 to 2023-05-04 23:59:00+00:00
2023-05-05,2023,XAU-USD_1Minute_BID_2023-05-05_00_00-23_59_Etc_UTC.csv,processed,1260,XAUUSD_5m_BID_2023-05-05.csv,2023-05-05 00:00:00+00:00 to 2023-05-05 20:59:00+00:00
2023-05-07,2023,XAU-USD_1Minute_BID_2023-05-07_00_00-23_59_Etc_UTC.csv,processed,120,XAUUSD_5m_BID_2023-05-07.csv,2023-05-07 22:00:00+00:00 to 2023-05-07 23:59:00+00:00
2023-05-08,2023,XAU-USD_1Minute_BID_2023-05-08_00_00-23_59_Etc_UTC.csv,processed,1380,XAUUSD_5m_BID_2023-05-08.csv,2023-05-08 00:00:00+00:00 to 2023-05-08 23:59:00+00:00
2023-05-09,2023,XAU-USD_1Minute_BID_2023-05-09_00_00-23_59_Etc_UTC.csv,processed,1380,XAUUSD_5m_BID_2023-05-09.csv,2023-05-09 00:00:00+00:00 to 2023-05-09 23:59:00+00:00
2023-05-10,2023,XAU-USD_1Minute_BID_2023-05-10_00_00-23_59_Etc_UTC.csv,processed,1380,XAUUSD_5m_BID_2023-05-10.csv,2023-05-10 00:00:00+00:00 to 2023-05-10 23:59:00+00:00
2023-05-11,2023,XAU-USD_1Minute_BID_2023-05-11_00_00-23_59_Etc_UTC.csv,processed,1380,XAUUSD_5m_BID_2023-05-11.csv,2023-05-11 00:00:00+00:00 to 2023-05-11 23:59:00+00:00
2023-05-12,2023,XAU-USD_1Minute_BID_2023-05-12_00_00-23_59_Etc_UTC.csv,processed,1260,XAUUSD_5m_BID_2023-05-12.csv,2023-05-12 00:00:00+00:00 to 2023-05-12 20:59:00+00:00
2023-05-14,2023,XAU-USD_1Minute_BID_2023-05-14_00_00-23_59_Etc_UTC.csv,processed,120,XAUUSD_5m_BID_2023-05-14.csv,2023-05-14 22:00:00+00:00 to 2023-05-14 23:59:00+00:00
2023-05-15,2023,XAU-USD_1Minute_BID_2023-05-15_00_00-23_59_Etc_UTC.csv,processed,1380,XAUUSD_5m_BID_2023-05-15.csv,2023-05-15 00:00:00+00:00 to 2023-05-15 23:59:00+00:00
2023-05-16,2023,XAU-USD_1Minute_BID_2023-05-16_00_00-23_59_Etc_UTC.csv,processed,1380,XAUUSD_5m_BID_2023-05-16.csv,2023-05-16 00:00:00+00:00 to 2023-05-16 23:59:00+00:00
2023-05-17,2023,XAU-USD_1Minute_BID_2023-05-17_00_00-23_59_Etc_UTC.csv,processed,1380,XAUUSD_5m_BID_2023-05-17.csv,2023-05-17 00:00:00+00:00 to 2023-05-17 23:59:00+00:00
2023-05-18,2023,XAU-USD_1Minute_BID_2023-05-18_00_00-23_59_Etc_UTC.csv,processed,1380,XAUUSD_5m_BID_2023-05-18.csv,2023-05-18 00:00:00+00:00 to 2023-05-18 23:59:00+00:00
2023-05-19,2023,XAU-USD_1Minute_BID_2023-05-19_00_00-23_59_Etc_UTC.csv,processed,1260,XAUUSD_5m_BID_2023-05-19.csv,2023-05-19 00:00:00+00:00 to 2023-05-19 20:59:00+00:00
2023-05-21,2023,XAU-USD_1Minute_BID_2023-05-21_00_00-23_59_Etc_UTC.csv,processed,120,XAUUSD_5m_BID_2023-05-21.csv,2023-05-21 22:00:00+00:00 to 2023-05-21 23:59:00+00:00
2023-05-22,2023,XAU-USD_1Minute_BID_2023-05-22_00_00-23_59_Etc_UTC.csv,processed,1378,XAUUSD_5m_BID_2023-05-22.csv,2023-05-22 00:00:00+00:00 to 2023-05-22 23:59:00+00:00
2023-05-23,2023,XAU-USD_1Minute_BID_2023-05-23_00_00-23_59_Etc_UTC.csv,processed,1378,XAUUSD_5m_BID_2023-05-23.csv,2023-05-23 00:00:00+00:00 to 2023-05-23 23:59:00+00:00
2023-05-24,2023,XAU-USD_1Minute_BID_2023-05-24_00_00-23_59_Etc_UTC.csv,processed,1380,XAUUSD_5m_BID_2023-05-24.csv,2023-05-24 00:00:00+00:00 to 2023-05-24 23:59:00+00:00
2023-05-25,2023,XAU-USD_1Minute_BID_2023-05-25_00_00-23_59_Etc_UTC.csv,processed,1380,XAUUSD_5m_BID_2023-05-25.csv,2023-05-25 00:00:00+00:00 to 2023-05-25 23:59:00+00:00
2023-05-26,2023,XAU-USD_1Minute_BID_2023-05-26_00_00-23_59_Etc_UTC.csv,processed,1260,XAUUSD_5m_BID_2023-05-26.csv,2023-05-26 00:00:00+00:00 to 2023-05-26 20:59:00+00:00
2023-05-28,2023,XAU-USD_1Minute_BID_2023-05-28_00_00-23_59_Etc_UTC.csv,processed,120,XAUUSD_5m_BID_2023-05-28.csv,2023-05-28 22:00:00+00:00 to 2023-05-28 23:59:00+00:00
2023-05-29,2023,XAU-USD_1Minute_BID_2023-05-29_00_00-23_59_Etc_UTC.csv,processed,1229,XAUUSD_5m_BID_2023-05-29.csv,2023-05-29 00:00:00+00:00 to 2023-05-29 23:59:00+00:00
2023-05-30,2023,XAU-USD_1Minute_BID_2023-05-30_00_00-23_59_Etc_UTC.csv,processed,1378,XAUUSD_5m_BID_2023-05-30.csv,2023-05-30 00:00:00+00:00 to 2023-05-30 23:59:00+00:00
2023-05-31,2023,XAU-USD_1Minute_BID_2023-05-31_00_00-23_59_Etc_UTC.csv,processed,1380,XAUUSD_5m_BID_2023-05-31.csv,2023-05-31 00:00:00+00:00 to 2023-05-31 23:59:00+00:00
2023-06-01,2023,XAU-USD_1Minute_BID_2023-06-01_00_00-23_59_Etc_UTC.csv,processed,1380,XAUUSD_5m_BID_2023-06-01.csv,2023-06-01 00:00:00+00:00 to 2023-06-01 23:59:00+00:00
2023-06-02,2023,XAU-USD_1Minute_BID_2023-06-02_00_00-23_59_Etc_UTC.csv,processed,1260,XAUUSD_5m_BID_2023-06-02.csv,2023-06-02 00:00:00+00:00 to 2023-06-02 20:59:00+00:00
2023-06-04,2023,XAU-USD_1Minute_BID_2023-06-04_00_00-23_59_Etc_UTC.csv,processed,120,XAUUSD_5m_BID_2023-06-04.csv,2023-06-04 22:00:00+00:00 to 2023-06-04 23:59:00+00:00
2023-06-05,2023,XAU-USD_1Minute_BID_2023-06-05_00_00-23_59_Etc_UTC.csv,processed,1380,XAUUSD_5m_BID_2023-06-05.csv,2023-06-05 00:00:00+00:00 to 2023-06-05 23:59:00+00:00
2023-06-06,2023,XAU-USD_1Minute_BID_2023-06-06_00_00-23_59_Etc_UTC.csv,processed,1378,XAUUSD_5m_BID_2023-06-06.csv,2023-06-06 00:00:00+00:00 to 2023-06-06 23:59:00+00:00
2023-06-07,2023,XAU-USD_1Minute_BID_2023-06-07_00_00-23_59_Etc_UTC.csv,processed,1380,XAUUSD_5m_BID_2023-06-07.csv,2023-06-07 00:00:00+00:00 to 2023-06-07 23:59:00+00:00
2023-06-08,2023,XAU-USD_1Minute_BID_2023-06-08_00_00-23_59_Etc_UTC.csv,processed,1380,XAUUSD_5m_BID_2023-06-08.csv,2023-06-08 00:00:00+00:00 to 2023-06-08 23:59:00+00:00
2023-06-09,2023,XAU-USD_1Minute_BID_2023-06-09_00_00-23_59_Etc_UTC.csv,processed,1260,XAUUSD_5m_BID_2023-06-09.csv,2023-06-09 00:00:00+00:00 to 2023-06-09 20:59:00+00:00
2023-06-11,2023,XAU-USD_1Minute_BID_2023-06-11_00_00-23_59_Etc_UTC.csv,processed,120,XAUUSD_5m_BID_2023-06-11.csv,2023-06-11 22:00:00+00:00 to 2023-06-11 23:59:00+00:00
2023-06-12,2023,XAU-USD_1Minute_BID_2023-06-12_00_00-23_59_Etc_UTC.csv,processed,1380,XAUUSD_5m_BID_2023-06-12.csv,2023-06-12 00:00:00+00:00 to 2023-06-12 23:59:00+00:00
2023-06-13,2023,XAU-USD_1Minute_BID_2023-06-13_00_00-23_59_Etc_UTC.csv,processed,1380,XAUUSD_5m_BID_2023-06-13.csv,2023-06-13 00:00:00+00:00 to 2023-06-13 23:59:00+00:00
2023-06-14,2023,XAU-USD_1Minute_BID_2023-06-14_00_00-23_59_Etc_UTC.csv,processed,1380,XAUUSD_5m_BID_2023-06-14.csv,2023-06-14 00:00:00+00:00 to 2023-06-14 23:59:00+00:00
2023-06-15,2023,XAU-USD_1Minute_BID_2023-06-15_00_00-23_59_Etc_UTC.csv,processed,1380,XAUUSD_5m_BID_2023-06-15.csv,2023-06-15 00:00:00+00:00 to 2023-06-15 23:59:00+00:00
2023-06-16,2023,XAU-USD_1Minute_BID_2023-06-16_00_00-23_59_Etc_UTC.csv,processed,1260,XAUUSD_5m_BID_2023-06-16.csv,2023-06-16 00:00:00+00:00 to 2023-06-16 20:59:00+00:00
2023-06-18,2023,XAU-USD_1Minute_BID_2023-06-18_00_00-23_59_Etc_UTC.csv,processed,120,XAUUSD_5m_BID_2023-06-18.csv,2023-06-18 22:00:00+00:00 to 2023-06-18 23:59:00+00:00
2023-06-19,2023,XAU-USD_1Minute_BID_2023-06-19_00_00-23_59_Etc_UTC.csv,processed,1226,XAUUSD_5m_BID_2023-06-19.csv,2023-06-19 00:00:00+00:00 to 2023-06-19 23:59:00+00:00
2023-06-20,2023,XAU-USD_1Minute_BID_2023-06-20_00_00-23_59_Etc_UTC.csv,processed,1378,XAUUSD_5m_BID_2023-06-20.csv,2023-06-20 00:00:00+00:00 to 2023-06-20 23:59:00+00:00
2023-06-21,2023,XAU-USD_1Minute_BID_2023-06-21_00_00-23_59_Etc_UTC.csv,processed,1380,XAUUSD_5m_BID_2023-06-21.csv,2023-06-21 00:00:00+00:00 to 2023-06-21 23:59:00+00:00
2023-06-22,2023,XAU-USD_1Minute_BID_2023-06-22_00_00-23_59_Etc_UTC.csv,processed,1378,XAUUSD_5m_BID_2023-06-22.csv,2023-06-22 00:00:00+00:00 to 2023-06-22 23:59:00+00:00
2023-06-23,2023,XAU-USD_1Minute_BID_2023-06-23_00_00-23_59_Etc_UTC.csv,processed,1260,XAUUSD_5m_BID_2023-06-23.csv,2023-06-23 00:00:00+00:00 to 2023-06-23 20:59:00+00:00
2023-06-25,2023,XAU-USD_1Minute_BID_2023-06-25_00_00-23_59_Etc_UTC.csv,processed,120,XAUUSD_5m_BID_2023-06-25.csv,2023-06-25 22:00:00+00:00 to 2023-06-25 23:59:00+00:00
2023-06-26,2023,XAU-USD_1Minute_BID_2023-06-26_00_00-23_59_Etc_UTC.csv,processed,1376,XAUUSD_5m_BID_2023-06-26.csv,2023-06-26 00:00:00+00:00 to 2023-06-26 23:59:00+00:00
2023-06-27,2023,XAU-USD_1Minute_BID_2023-06-27_00_00-23_59_Etc_UTC.csv,processed,1379,XAUUSD_5m_BID_2023-06-27.csv,2023-06-27 00:00:00+00:00 to 2023-06-27 23:59:00+00:00
2023-06-28,2023,XAU-USD_1Minute_BID_2023-06-28_00_00-23_59_Etc_UTC.csv,processed,1380,XAUUSD_5m_BID_2023-06-28.csv,2023-06-28 00:00:00+00:00 to 2023-06-28 23:59:00+00:00
2023-06-29,2023,XAU-USD_1Minute_BID_2023-06-29_00_00-23_59_Etc_UTC.csv,processed,1380,XAUUSD_5m_BID_2023-06-29.csv,2023-06-29 00:00:00+00:00 to 2023-06-29 23:59:00+00:00
2023-06-30,2023,XAU-USD_1Minute_BID_2023-06-30_00_00-23_59_Etc_UTC.csv,processed,1260,XAUUSD_5m_BID_2023-06-30.csv,2023-06-30 00:00:00+00:00 to 2023-06-30 20:59:00+00:00
2023-07-02,2023,XAU-USD_1Minute_BID_2023-07-02_00_00-23_59_Etc_UTC.csv,processed,120,XAUUSD_5m_BID_2023-07-02.csv,2023-07-02 22:00:00+00:00 to 2023-07-02 23:59:00+00:00
2023-07-03,2023,XAU-USD_1Minute_BID_2023-07-03_00_00-23_59_Etc_UTC.csv,processed,1363,XAUUSD_5m_BID_2023-07-03.csv,2023-07-03 00:00:00+00:00 to 2023-07-03 23:59:00+00:00
2023-07-04,2023,XAU-USD_1Minute_BID_2023-07-04_00_00-23_59_Etc_UTC.csv,processed,1229,XAUUSD_5m_BID_2023-07-04.csv,2023-07-04 00:00:00+00:00 to 2023-07-04 23:59:00+00:00
2023-07-05,2023,XAU-USD_1Minute_BID_2023-07-05_00_00-23_59_Etc_UTC.csv,processed,1380,XAUUSD_5m_BID_2023-07-05.csv,2023-07-05 00:00:00+00:00 to 2023-07-05 23:59:00+00:00
2023-07-06,2023,XAU-USD_1Minute_BID_2023-07-06_00_00-23_59_Etc_UTC.csv,processed,1378,XAUUSD_5m_BID_2023-07-06.csv,2023-07-06 00:00:00+00:00 to 2023-07-06 23:59:00+00:00
2023-07-07,2023,XAU-USD_1Minute_BID_2023-07-07_00_00-23_59_Etc_UTC.csv,processed,1259,XAUUSD_5m_BID_2023-07-07.csv,2023-07-07 00:00:00+00:00 to 2023-07-07 20:59:00+00:00
2023-07-09,2023,XAU-USD_1Minute_BID_2023-07-09_00_00-23_59_Etc_UTC.csv,processed,120,XAUUSD_5m_BID_2023-07-09.csv,2023-07-09 22:00:00+00:00 to 2023-07-09 23:59:00+00:00
2023-07-10,2023,XAU-USD_1Minute_BID_2023-07-10_00_00-23_59_Etc_UTC.csv,processed,1378,XAUUSD_5m_BID_2023-07-10.csv,2023-07-10 00:00:00+00:00 to 2023-07-10 23:59:00+00:00
2023-07-11,2023,XAU-USD_1Minute_BID_2023-07-11_00_00-23_59_Etc_UTC.csv,processed,1378,XAUUSD_5m_BID_2023-07-11.csv,2023-07-11 00:00:00+00:00 to 2023-07-11 23:59:00+00:00
2023-07-12,2023,XAU-USD_1Minute_BID_2023-07-12_00_00-23_59_Etc_UTC.csv,processed,1380,XAUUSD_5m_BID_2023-07-12.csv,2023-07-12 00:00:00+00:00 to 2023-07-12 23:59:00+00:00
2023-07-13,2023,XAU-USD_1Minute_BID_2023-07-13_00_00-23_59_Etc_UTC.csv,processed,1379,XAUUSD_5m_BID_2023-07-13.csv,2023-07-13 00:00:00+00:00 to 2023-07-13 23:59:00+00:00
2023-07-14,2023,XAU-USD_1Minute_BID_2023-07-14_00_00-23_59_Etc_UTC.csv,processed,1260,XAUUSD_5m_BID_2023-07-14.csv,2023-07-14 00:00:00+00:00 to 2023-07-14 20:59:00+00:00
2023-07-16,2023,XAU-USD_1Minute_BID_2023-07-16_00_00-23_59_Etc_UTC.csv,processed,120,XAUUSD_5m_BID_2023-07-16.csv,2023-07-16 22:00:00+00:00 to 2023-07-16 23:59:00+00:00
2023-07-17,2023,XAU-USD_1Minute_BID_2023-07-17_00_00-23_59_Etc_UTC.csv,processed,1378,XAUUSD_5m_BID_2023-07-17.csv,2023-07-17 00:00:00+00:00 to 2023-07-17 23:59:00+00:00
2023-07-18,2023,XAU-USD_1Minute_BID_2023-07-18_00_00-23_59_Etc_UTC.csv,processed,1379,XAUUSD_5m_BID_2023-07-18.csv,2023-07-18 00:00:00+00:00 to 2023-07-18 23:59:00+00:00
2023-07-19,2023,XAU-USD_1Minute_BID_2023-07-19_00_00-23_59_Etc_UTC.csv,processed,1380,XAUUSD_5m_BID_2023-07-19.csv,2023-07-19 00:00:00+00:00 to 2023-07-19 23:59:00+00:00
2023-07-20,2023,XAU-USD_1Minute_BID_2023-07-20_00_00-23_59_Etc_UTC.csv,processed,1378,XAUUSD_5m_BID_2023-07-20.csv,2023-07-20 00:00:00+00:00 to 2023-07-20 23:59:00+00:00
2023-07-21,2023,XAU-USD_1Minute_BID_2023-07-21_00_00-23_59_Etc_UTC.csv,processed,1260,XAUUSD_5m_BID_2023-07-21.csv,2023-07-21 00:00:00+00:00 to 2023-07-21 20:59:00+00:00
2023-07-23,2023,XAU-USD_1Minute_BID_2023-07-23_00_00-23_59_Etc_UTC.csv,processed,120,XAUUSD_5m_BID_2023-07-23.csv,2023-07-23 22:00:00+00:00 to 2023-07-23 23:59:00+00:00
2023-07-24,2023,XAU-USD_1Minute_BID_2023-07-24_00_00-23_59_Etc_UTC.csv,processed,1380,XAUUSD_5m_BID_2023-07-24.csv,2023-07-24 00:00:00+00:00 to 2023-07-24 23:59:00+00:00
2023-07-25,2023,XAU-USD_1Minute_BID_2023-07-25_00_00-23_59_Etc_UTC.csv,processed,1380,XAUUSD_5m_BID_2023-07-25.csv,2023-07-25 00:00:00+00:00 to 2023-07-25 23:59:00+00:00
2023-07-26,2023,XAU-USD_1Minute_BID_2023-07-26_00_00-23_59_Etc_UTC.csv,processed,1380,XAUUSD_5m_BID_2023-07-26.csv,2023-07-26 00:00:00+00:00 to 2023-07-26 23:59:00+00:00
2023-07-27,2023,XAU-USD_1Minute_BID_2023-07-27_00_00-23_59_Etc_UTC.csv,processed,1380,XAUUSD_5m_BID_2023-07-27.csv,2023-07-27 00:00:00+00:00 to 2023-07-27 23:59:00+00:00
2023-07-28,2023,XAU-USD_1Minute_BID_2023-07-28_00_00-23_59_Etc_UTC.csv,processed,1260,XAUUSD_5m_BID_2023-07-28.csv,2023-07-28 00:00:00+00:00 to 2023-07-28 20:59:00+00:00
2023-07-30,2023,XAU-USD_1Minute_BID_2023-07-30_00_00-23_59_Etc_UTC.csv,processed,120,XAUUSD_5m_BID_2023-07-30.csv,2023-07-30 22:00:00+00:00 to 2023-07-30 23:59:00+00:00
2023-07-31,2023,XAU-USD_1Minute_BID_2023-07-31_00_00-23_59_Etc_UTC.csv,processed,1380,XAUUSD_5m_BID_2023-07-31.csv,2023-07-31 00:00:00+00:00 to 2023-07-31 23:59:00+00:00
2023-08-01,2023,XAU-USD_1Minute_BID_2023-08-01_00_00-23_59_Etc_UTC.csv,processed,1380,XAUUSD_5m_BID_2023-08-01.csv,2023-08-01 00:00:00+00:00 to 2023-08-01 23:59:00+00:00
2023-08-02,2023,XAU-USD_1Minute_BID_2023-08-02_00_00-23_59_Etc_UTC.csv,processed,1380,XAUUSD_5m_BID_2023-08-02.csv,2023-08-02 00:00:00+00:00 to 2023-08-02 23:59:00+00:00
2023-08-03,2023,XAU-USD_1Minute_BID_2023-08-03_00_00-23_59_Etc_UTC.csv,processed,1380,XAUUSD_5m_BID_2023-08-03.csv,2023-08-03 00:00:00+00:00 to 2023-08-03 23:59:00+00:00
2023-08-04,2023,XAU-USD_1Minute_BID_2023-08-04_00_00-23_59_Etc_UTC.csv,processed,1260,XAUUSD_5m_BID_2023-08-04.csv,2023-08-04 00:00:00+00:00 to 2023-08-04 20:59:00+00:00
2023-08-06,2023,XAU-USD_1Minute_BID_2023-08-06_00_00-23_59_Etc_UTC.csv,processed,120,XAUUSD_5m_BID_2023-08-06.csv,2023-08-06 22:00:00+00:00 to 2023-08-06 23:59:00+00:00
2023-08-07,2023,XAU-USD_1Minute_BID_2023-08-07_00_00-23_59_Etc_UTC.csv,processed,1379,XAUUSD_5m_BID_2023-08-07.csv,2023-08-07 00:00:00+00:00 to 2023-08-07 23:59:00+00:00
2023-08-08,2023,XAU-USD_1Minute_BID_2023-08-08_00_00-23_59_Etc_UTC.csv,processed,1376,XAUUSD_5m_BID_2023-08-08.csv,2023-08-08 00:00:00+00:00 to 2023-08-08 23:59:00+00:00
2023-08-09,2023,XAU-USD_1Minute_BID_2023-08-09_00_00-23_59_Etc_UTC.csv,processed,1378,XAUUSD_5m_BID_2023-08-09.csv,2023-08-09 00:00:00+00:00 to 2023-08-09 23:59:00+00:00
2023-08-10,2023,XAU-USD_1Minute_BID_2023-08-10_00_00-23_59_Etc_UTC.csv,processed,1376,XAUUSD_5m_BID_2023-08-10.csv,2023-08-10 00:00:00+00:00 to 2023-08-10 23:58:00+00:00
2023-08-11,2023,XAU-USD_1Minute_BID_2023-08-11_00_00-23_59_Etc_UTC.csv,processed,1260,XAUUSD_5m_BID_2023-08-11.csv,2023-08-11 00:00:00+00:00 to 2023-08-11 20:59:00+00:00
2023-08-13,2023,XAU-USD_1Minute_BID_2023-08-13_00_00-23_59_Etc_UTC.csv,processed,120,XAUUSD_5m_BID_2023-08-13.csv,2023-08-13 22:00:00+00:00 to 2023-08-13 23:59:00+00:00
2023-08-14,2023,XAU-USD_1Minute_BID_2023-08-14_00_00-23_59_Etc_UTC.csv,processed,1378,XAUUSD_5m_BID_2023-08-14.csv,2023-08-14 00:00:00+00:00 to 2023-08-14 23:59:00+00:00
2023-08-15,2023,XAU-USD_1Minute_BID_2023-08-15_00_00-23_59_Etc_UTC.csv,processed,1379,XAUUSD_5m_BID_2023-08-15.csv,2023-08-15 00:00:00+00:00 to 2023-08-15 23:59:00+00:00
2023-08-16,2023,XAU-USD_1Minute_BID_2023-08-16_00_00-23_59_Etc_UTC.csv,processed,1380,XAUUSD_5m_BID_2023-08-16.csv,2023-08-16 00:00:00+00:00 to 2023-08-16 23:59:00+00:00
2023-08-17,2023,XAU-USD_1Minute_BID_2023-08-17_00_00-23_59_Etc_UTC.csv,processed,1379,XAUUSD_5m_BID_2023-08-17.csv,2023-08-17 00:00:00+00:00 to 2023-08-17 23:59:00+00:00
2023-08-18,2023,XAU-USD_1Minute_BID_2023-08-18_00_00-23_59_Etc_UTC.csv,processed,1260,XAUUSD_5m_BID_2023-08-18.csv,2023-08-18 00:00:00+00:00 to 2023-08-18 20:59:00+00:00
2023-08-20,2023,XAU-USD_1Minute_BID_2023-08-20_00_00-23_59_Etc_UTC.csv,processed,120,XAUUSD_5m_BID_2023-08-20.csv,2023-08-20 22:00:00+00:00 to 2023-08-20 23:59:00+00:00
2023-08-21,2023,XAU-USD_1Minute_BID_2023-08-21_00_00-23_59_Etc_UTC.csv,processed,1370,XAUUSD_5m_BID_2023-08-21.csv,2023-08-21 00:00:00+00:00 to 2023-08-21 23:59:00+00:00
2023-08-22,2023,XAU-USD_1Minute_BID_2023-08-22_00_00-23_59_Etc_UTC.csv,processed,1370,XAUUSD_5m_BID_2023-08-22.csv,2023-08-22 00:00:00+00:00 to 2023-08-22 23:59:00+00:00
2023-08-23,2023,XAU-USD_1Minute_BID_2023-08-23_00_00-23_59_Etc_UTC.csv,processed,1377,XAUUSD_5m_BID_2023-08-23.csv,2023-08-23 00:00:00+00:00 to 2023-08-23 23:59:00+00:00
2023-08-24,2023,XAU-USD_1Minute_BID_2023-08-24_00_00-23_59_Etc_UTC.csv,processed,1371,XAUUSD_5m_BID_2023-08-24.csv,2023-08-24 00:00:00+00:00 to 2023-08-24 23:59:00+00:00
2023-08-25,2023,XAU-USD_1Minute_BID_2023-08-25_00_00-23_59_Etc_UTC.csv,processed,1260,XAUUSD_5m_BID_2023-08-25.csv,2023-08-25 00:00:00+00:00 to 2023-08-25 20:59:00+00:00
2023-08-27,2023,XAU-USD_1Minute_BID_2023-08-27_00_00-23_59_Etc_UTC.csv,processed,120,XAUUSD_5m_BID_2023-08-27.csv,2023-08-27 22:00:00+00:00 to 2023-08-27 23:59:00+00:00
2023-08-28,2023,XAU-USD_1Minute_BID_2023-08-28_00_00-23_59_Etc_UTC.csv,processed,1372,XAUUSD_5m_BID_2023-08-28.csv,2023-08-28 00:00:00+00:00 to 2023-08-28 23:59:00+00:00
2023-08-29,2023,XAU-USD_1Minute_BID_2023-08-29_00_00-23_59_Etc_UTC.csv,processed,1377,XAUUSD_5m_BID_2023-08-29.csv,2023-08-29 00:00:00+00:00 to 2023-08-29 23:59:00+00:00
2023-08-30,2023,XAU-USD_1Minute_BID_2023-08-30_00_00-23_59_Etc_UTC.csv,processed,1377,XAUUSD_5m_BID_2023-08-30.csv,2023-08-30 00:00:00+00:00 to 2023-08-30 23:59:00+00:00
2023-08-31,2023,XAU-USD_1Minute_BID_2023-08-31_00_00-23_59_Etc_UTC.csv,processed,1375,XAUUSD_5m_BID_2023-08-31.csv,2023-08-31 00:00:00+00:00 to 2023-08-31 23:59:00+00:00
2023-09-01,2023,XAU-USD_1Minute_BID_2023-09-01_00_00-23_59_Etc_UTC.csv,processed,1259,XAUUSD_5m_BID_2023-09-01.csv,2023-09-01 00:00:00+00:00 to 2023-09-01 20:59:00+00:00
2023-09-03,2023,XAU-USD_1Minute_BID_2023-09-03_00_00-23_59_Etc_UTC.csv,processed,120,XAUUSD_5m_BID_2023-09-03.csv,2023-09-03 22:00:00+00:00 to 2023-09-03 23:59:00+00:00
2023-09-04,2023,XAU-USD_1Minute_BID_2023-09-04_00_00-23_59_Etc_UTC.csv,processed,1222,XAUUSD_5m_BID_2023-09-04.csv,2023-09-04 00:00:00+00:00 to 2023-09-04 23:59:00+00:00
2023-09-05,2023,XAU-USD_1Minute_BID_2023-09-05_00_00-23_59_Etc_UTC.csv,processed,1378,XAUUSD_5m_BID_2023-09-05.csv,2023-09-05 00:00:00+00:00 to 2023-09-05 23:59:00+00:00
2023-09-06,2023,XAU-USD_1Minute_BID_2023-09-06_00_00-23_59_Etc_UTC.csv,processed,1378,XAUUSD_5m_BID_2023-09-06.csv,2023-09-06 00:00:00+00:00 to 2023-09-06 23:59:00+00:00
2023-09-07,2023,XAU-USD_1Minute_BID_2023-09-07_00_00-23_59_Etc_UTC.csv,processed,1379,XAUUSD_5m_BID_2023-09-07.csv,2023-09-07 00:00:00+00:00 to 2023-09-07 23:59:00+00:00
2023-09-08,2023,XAU-USD_1Minute_BID_2023-09-08_00_00-23_59_Etc_UTC.csv,processed,1259,XAUUSD_5m_BID_2023-09-08.csv,2023-09-08 00:00:00+00:00 to 2023-09-08 20:59:00+00:00
2023-09-10,2023,XAU-USD_1Minute_BID_2023-09-10_00_00-23_59_Etc_UTC.csv,processed,120,XAUUSD_5m_BID_2023-09-10.csv,2023-09-10 22:00:00+00:00 to 2023-09-10 23:59:00+00:00
2023-09-11,2023,XAU-USD_1Minute_BID_2023-09-11_00_00-23_59_Etc_UTC.csv,processed,1371,XAUUSD_5m_BID_2023-09-11.csv,2023-09-11 00:00:00+00:00 to 2023-09-11 23:59:00+00:00
2023-09-12,2023,XAU-USD_1Minute_BID_2023-09-12_00_00-23_59_Etc_UTC.csv,processed,1369,XAUUSD_5m_BID_2023-09-12.csv,2023-09-12 00:00:00+00:00 to 2023-09-12 23:59:00+00:00
2023-09-13,2023,XAU-USD_1Minute_BID_2023-09-13_00_00-23_59_Etc_UTC.csv,processed,1377,XAUUSD_5m_BID_2023-09-13.csv,2023-09-13 00:00:00+00:00 to 2023-09-13 23:59:00+00:00
2023-09-14,2023,XAU-USD_1Minute_BID_2023-09-14_00_00-23_59_Etc_UTC.csv,processed,1380,XAUUSD_5m_BID_2023-09-14.csv,2023-09-14 00:00:00+00:00 to 2023-09-14 23:59:00+00:00
2023-09-15,2023,XAU-USD_1Minute_BID_2023-09-15_00_00-23_59_Etc_UTC.csv,processed,1260,XAUUSD_5m_BID_2023-09-15.csv,2023-09-15 00:00:00+00:00 to 2023-09-15 20:59:00+00:00
2023-09-17,2023,XAU-USD_1Minute_BID_2023-09-17_00_00-23_59_Etc_UTC.csv,processed,120,XAUUSD_5m_BID_2023-09-17.csv,2023-09-17 22:00:00+00:00 to 2023-09-17 23:59:00+00:00
2023-09-18,2023,XAU-USD_1Minute_BID_2023-09-18_00_00-23_59_Etc_UTC.csv,processed,1379,XAUUSD_5m_BID_2023-09-18.csv,2023-09-18 00:00:00+00:00 to 2023-09-18 23:59:00+00:00
2023-09-19,2023,XAU-USD_1Minute_BID_2023-09-19_00_00-23_59_Etc_UTC.csv,processed,1377,XAUUSD_5m_BID_2023-09-19.csv,2023-09-19 00:00:00+00:00 to 2023-09-19 23:59:00+00:00
2023-09-20,2023,XAU-USD_1Minute_BID_2023-09-20_00_00-23_59_Etc_UTC.csv,processed,1379,XAUUSD_5m_BID_2023-09-20.csv,2023-09-20 00:00:00+00:00 to 2023-09-20 23:59:00+00:00
2023-09-21,2023,XAU-USD_1Minute_BID_2023-09-21_00_00-23_59_Etc_UTC.csv,processed,1378,XAUUSD_5m_BID_2023-09-21.csv,2023-09-21 00:00:00+00:00 to 2023-09-21 23:59:00+00:00
2023-09-22,2023,XAU-USD_1Minute_BID_2023-09-22_00_00-23_59_Etc_UTC.csv,processed,1258,XAUUSD_5m_BID_2023-09-22.csv,2023-09-22 00:00:00+00:00 to 2023-09-22 20:59:00+00:00
2023-09-24,2023,XAU-USD_1Minute_BID_2023-09-24_00_00-23_59_Etc_UTC.csv,processed,119,XAUUSD_5m_BID_2023-09-24.csv,2023-09-24 22:00:00+00:00 to 2023-09-24 23:59:00+00:00
2023-09-25,2023,XAU-USD_1Minute_BID_2023-09-25_00_00-23_59_Etc_UTC.csv,processed,1379,XAUUSD_5m_BID_2023-09-25.csv,2023-09-25 00:00:00+00:00 to 2023-09-25 23:59:00+00:00
2023-09-26,2023,XAU-USD_1Minute_BID_2023-09-26_00_00-23_59_Etc_UTC.csv,processed,1378,XAUUSD_5m_BID_2023-09-26.csv,2023-09-26 00:00:00+00:00 to 2023-09-26 23:59:00+00:00
2023-09-27,2023,XAU-USD_1Minute_BID_2023-09-27_00_00-23_59_Etc_UTC.csv,processed,1380,XAUUSD_5m_BID_2023-09-27.csv,2023-09-27 00:00:00+00:00 to 2023-09-27 23:59:00+00:00
2023-09-28,2023,XAU-USD_1Minute_BID_2023-09-28_00_00-23_59_Etc_UTC.csv,processed,1380,XAUUSD_5m_BID_2023-09-28.csv,2023-09-28 00:00:00+00:00 to 2023-09-28 23:59:00+00:00
2023-09-29,2023,XAU-USD_1Minute_BID_2023-09-29_00_00-23_59_Etc_UTC.csv,processed,1259,XAUUSD_5m_BID_2023-09-29.csv,2023-09-29 00:00:00+00:00 to 2023-09-29 20:59:00+00:00
2023-10-01,2023,XAU-USD_1Minute_BID_2023-10-01_00_00-23_59_Etc_UTC.csv,processed,120,XAUUSD_5m_BID_2023-10-01.csv,2023-10-01 22:00:00+00:00 to 2023-10-01 23:59:00+00:00
2023-10-02,2023,XAU-USD_1Minute_BID_2023-10-02_00_00-23_59_Etc_UTC.csv,processed,1379,XAUUSD_5m_BID_2023-10-02.csv,2023-10-02 00:00:00+00:00 to 2023-10-02 23:59:00+00:00
2023-10-03,2023,XAU-USD_1Minute_BID_2023-10-03_00_00-23_59_Etc_UTC.csv,processed,1379,XAUUSD_5m_BID_2023-10-03.csv,2023-10-03 00:00:00+00:00 to 2023-10-03 23:59:00+00:00
2023-10-04,2023,XAU-USD_1Minute_BID_2023-10-04_00_00-23_59_Etc_UTC.csv,processed,1379,XAUUSD_5m_BID_2023-10-04.csv,2023-10-04 00:00:00+00:00 to 2023-10-04 23:59:00+00:00
2023-10-05,2023,XAU-USD_1Minute_BID_2023-10-05_00_00-23_59_Etc_UTC.csv,processed,1379,XAUUSD_5m_BID_2023-10-05.csv,2023-10-05 00:00:00+00:00 to 2023-10-05 23:59:00+00:00
2023-10-06,2023,XAU-USD_1Minute_BID_2023-10-06_00_00-23_59_Etc_UTC.csv,processed,1259,XAUUSD_5m_BID_2023-10-06.csv,2023-10-06 00:00:00+00:00 to 2023-10-06 20:59:00+00:00
2023-10-08,2023,XAU-USD_1Minute_BID_2023-10-08_00_00-23_59_Etc_UTC.csv,processed,120,XAUUSD_5m_BID_2023-10-08.csv,2023-10-08 22:00:00+00:00 to 2023-10-08 23:59:00+00:00
2023-10-09,2023,XAU-USD_1Minute_BID_2023-10-09_00_00-23_59_Etc_UTC.csv,processed,1379,XAUUSD_5m_BID_2023-10-09.csv,2023-10-09 00:00:00+00:00 to 2023-10-09 23:59:00+00:00
2023-10-10,2023,XAU-USD_1Minute_BID_2023-10-10_00_00-23_59_Etc_UTC.csv,processed,1377,XAUUSD_5m_BID_2023-10-10.csv,2023-10-10 00:00:00+00:00 to 2023-10-10 23:59:00+00:00
2023-10-11,2023,XAU-USD_1Minute_BID_2023-10-11_00_00-23_59_Etc_UTC.csv,processed,1379,XAUUSD_5m_BID_2023-10-11.csv,2023-10-11 00:00:00+00:00 to 2023-10-11 23:59:00+00:00
2023-10-12,2023,XAU-USD_1Minute_BID_2023-10-12_00_00-23_59_Etc_UTC.csv,processed,1380,XAUUSD_5m_BID_2023-10-12.csv,2023-10-12 00:00:00+00:00 to 2023-10-12 23:59:00+00:00
2023-10-13,2023,XAU-USD_1Minute_BID_2023-10-13_00_00-23_59_Etc_UTC.csv,processed,1260,XAUUSD_5m_BID_2023-10-13.csv,2023-10-13 00:00:00+00:00 to 2023-10-13 20:59:00+00:00
2023-10-15,2023,XAU-USD_1Minute_BID_2023-10-15_00_00-23_59_Etc_UTC.csv,processed,120,XAUUSD_5m_BID_2023-10-15.csv,2023-10-15 22:00:00+00:00 to 2023-10-15 23:59:00+00:00
2023-10-16,2023,XAU-USD_1Minute_BID_2023-10-16_00_00-23_59_Etc_UTC.csv,processed,1379,XAUUSD_5m_BID_2023-10-16.csv,2023-10-16 00:00:00+00:00 to 2023-10-16 23:59:00+00:00
2023-10-17,2023,XAU-USD_1Minute_BID_2023-10-17_00_00-23_59_Etc_UTC.csv,processed,1379,XAUUSD_5m_BID_2023-10-17.csv,2023-10-17 00:00:00+00:00 to 2023-10-17 23:59:00+00:00
2023-10-18,2023,XAU-USD_1Minute_BID_2023-10-18_00_00-23_59_Etc_UTC.csv,processed,1380,XAUUSD_5m_BID_2023-10-18.csv,2023-10-18 00:00:00+00:00 to 2023-10-18 23:59:00+00:00
2023-10-19,2023,XAU-USD_1Minute_BID_2023-10-19_00_00-23_59_Etc_UTC.csv,processed,1380,XAUUSD_5m_BID_2023-10-19.csv,2023-10-19 00:00:00+00:00 to 2023-10-19 23:59:00+00:00
2023-10-20,2023,XAU-USD_1Minute_BID_2023-10-20_00_00-23_59_Etc_UTC.csv,processed,1260,XAUUSD_5m_BID_2023-10-20.csv,2023-10-20 00:00:00+00:00 to 2023-10-20 20:59:00+00:00
2023-10-22,2023,XAU-USD_1Minute_BID_2023-10-22_00_00-23_59_Etc_UTC.csv,processed,120,XAUUSD_5m_BID_2023-10-22.csv,2023-10-22 22:00:00+00:00 to 2023-10-22 23:59:00+00:00
2023-10-23,2023,XAU-USD_1Minute_BID_2023-10-23_00_00-23_59_Etc_UTC.csv,processed,1380,XAUUSD_5m_BID_2023-10-23.csv,2023-10-23 00:00:00+00:00 to 2023-10-23 23:59:00+00:00
2023-10-24,2023,XAU-USD_1Minute_BID_2023-10-24_00_00-23_59_Etc_UTC.csv,processed,1377,XAUUSD_5m_BID_2023-10-24.csv,2023-10-24 00:00:00+00:00 to 2023-10-24 23:59:00+00:00
2023-10-25,2023,XAU-USD_1Minute_BID_2023-10-25_00_00-23_59_Etc_UTC.csv,processed,1380,XAUUSD_5m_BID_2023-10-25.csv,2023-10-25 00:00:00+00:00 to 2023-10-25 23:59:00+00:00
2023-10-26,2023,XAU-USD_1Minute_BID_2023-10-26_00_00-23_59_Etc_UTC.csv,processed,1379,XAUUSD_5m_BID_2023-10-26.csv,2023-10-26 00:00:00+00:00 to 2023-10-26 23:59:00+00:00
2023-10-27,2023,XAU-USD_1Minute_BID_2023-10-27_00_00-23_59_Etc_UTC.csv,processed,1260,XAUUSD_5m_BID_2023-10-27.csv,2023-10-27 00:00:00+00:00 to 2023-10-27 20:59:00+00:00
2023-10-29,2023,XAU-USD_1Minute_BID_2023-10-29_00_00-23_59_Etc_UTC.csv,processed,120,XAUUSD_5m_BID_2023-10-29.csv,2023-10-29 22:00:00+00:00 to 2023-10-29 23:59:00+00:00
2023-10-30,2023,XAU-USD_1Minute_BID_2023-10-30_00_00-23_59_Etc_UTC.csv,processed,1380,XAUUSD_5m_BID_2023-10-30.csv,2023-10-30 00:00:00+00:00 to 2023-10-30 23:59:00+00:00
2023-10-31,2023,XAU-USD_1Minute_BID_2023-10-31_00_00-23_59_Etc_UTC.csv,processed,1380,XAUUSD_5m_BID_2023-10-31.csv,2023-10-31 00:00:00+00:00 to 2023-10-31 23:59:00+00:00
2023-11-01,2023,XAU-USD_1Minute_BID_2023-11-01_00_00-23_59_Etc_UTC.csv,processed,1380,XAUUSD_5m_BID_2023-11-01.csv,2023-11-01 00:00:00+00:00 to 2023-11-01 23:59:00+00:00
2023-11-02,2023,XAU-USD_1Minute_BID_2023-11-02_00_00-23_59_Etc_UTC.csv,processed,1379,XAUUSD_5m_BID_2023-11-02.csv,2023-11-02 00:00:00+00:00 to 2023-11-02 23:59:00+00:00
2023-11-03,2023,XAU-USD_1Minute_BID_2023-11-03_00_00-23_59_Etc_UTC.csv,processed,1260,XAUUSD_5m_BID_2023-11-03.csv,2023-11-03 00:00:00+00:00 to 2023-11-03 20:59:00+00:00
2023-11-05,2023,XAU-USD_1Minute_BID_2023-11-05_00_00-23_59_Etc_UTC.csv,processed,60,XAUUSD_5m_BID_2023-11-05.csv,2023-11-05 23:00:00+00:00 to 2023-11-05 23:59:00+00:00
2023-11-06,2023,XAU-USD_1Minute_BID_2023-11-06_00_00-23_59_Etc_UTC.csv,processed,1380,XAUUSD_5m_BID_2023-11-06.csv,2023-11-06 00:00:00+00:00 to 2023-11-06 23:59:00+00:00
2023-11-07,2023,XAU-USD_1Minute_BID_2023-11-07_00_00-23_59_Etc_UTC.csv,processed,1380,XAUUSD_5m_BID_2023-11-07.csv,2023-11-07 00:00:00+00:00 to 2023-11-07 23:59:00+00:00
2023-11-08,2023,XAU-USD_1Minute_BID_2023-11-08_00_00-23_59_Etc_UTC.csv,processed,1380,XAUUSD_5m_BID_2023-11-08.csv,2023-11-08 00:00:00+00:00 to 2023-11-08 23:59:00+00:00
2023-11-09,2023,XAU-USD_1Minute_BID_2023-11-09_00_00-23_59_Etc_UTC.csv,processed,1379,XAUUSD_5m_BID_2023-11-09.csv,2023-11-09 00:00:00+00:00 to 2023-11-09 23:59:00+00:00
2023-11-10,2023,XAU-USD_1Minute_BID_2023-11-10_00_00-23_59_Etc_UTC.csv,processed,1320,XAUUSD_5m_BID_2023-11-10.csv,2023-11-10 00:00:00+00:00 to 2023-11-10 21:59:00+00:00
2023-11-12,2023,XAU-USD_1Minute_BID_2023-11-12_00_00-23_59_Etc_UTC.csv,processed,59,XAUUSD_5m_BID_2023-11-12.csv,2023-11-12 23:00:00+00:00 to 2023-11-12 23:59:00+00:00
2023-11-13,2023,XAU-USD_1Minute_BID_2023-11-13_00_00-23_59_Etc_UTC.csv,processed,1379,XAUUSD_5m_BID_2023-11-13.csv,2023-11-13 00:00:00+00:00 to 2023-11-13 23:59:00+00:00
2023-11-14,2023,XAU-USD_1Minute_BID_2023-11-14_00_00-23_59_Etc_UTC.csv,processed,1377,XAUUSD_5m_BID_2023-11-14.csv,2023-11-14 00:00:00+00:00 to 2023-11-14 23:59:00+00:00
2023-11-15,2023,XAU-USD_1Minute_BID_2023-11-15_00_00-23_59_Etc_UTC.csv,processed,1380,XAUUSD_5m_BID_2023-11-15.csv,2023-11-15 00:00:00+00:00 to 2023-11-15 23:59:00+00:00
2023-11-16,2023,XAU-USD_1Minute_BID_2023-11-16_00_00-23_59_Etc_UTC.csv,processed,1380,XAUUSD_5m_BID_2023-11-16.csv,2023-11-16 00:00:00+00:00 to 2023-11-16 23:59:00+00:00
2023-11-17,2023,XAU-USD_1Minute_BID_2023-11-17_00_00-23_59_Etc_UTC.csv,processed,1320,XAUUSD_5m_BID_2023-11-17.csv,2023-11-17 00:00:00+00:00 to 2023-11-17 21:59:00+00:00
2023-11-19,2023,XAU-USD_1Minute_BID_2023-11-19_00_00-23_59_Etc_UTC.csv,processed,60,XAUUSD_5m_BID_2023-11-19.csv,2023-11-19 23:00:00+00:00 to 2023-11-19 23:59:00+00:00
2023-11-20,2023,XAU-USD_1Minute_BID_2023-11-20_00_00-23_59_Etc_UTC.csv,processed,1380,XAUUSD_5m_BID_2023-11-20.csv,2023-11-20 00:00:00+00:00 to 2023-11-20 23:59:00+00:00
2023-11-21,2023,XAU-USD_1Minute_BID_2023-11-21_00_00-23_59_Etc_UTC.csv,processed,1380,XAUUSD_5m_BID_2023-11-21.csv,2023-11-21 00:00:00+00:00 to 2023-11-21 23:59:00+00:00
2023-11-22,2023,XAU-USD_1Minute_BID_2023-11-22_00_00-23_59_Etc_UTC.csv,processed,1380,XAUUSD_5m_BID_2023-11-22.csv,2023-11-22 00:00:00+00:00 to 2023-11-22 23:59:00+00:00
2023-11-23,2023,XAU-USD_1Minute_BID_2023-11-23_00_00-23_59_Etc_UTC.csv,processed,1169,XAUUSD_5m_BID_2023-11-23.csv,2023-11-23 00:00:00+00:00 to 2023-11-23 23:59:00+00:00
2023-11-24,2023,XAU-USD_1Minute_BID_2023-11-24_00_00-23_59_Etc_UTC.csv,processed,1064,XAUUSD_5m_BID_2023-11-24.csv,2023-11-24 00:00:00+00:00 to 2023-11-24 17:43:00+00:00
2023-11-26,2023,XAU-USD_1Minute_BID_2023-11-26_00_00-23_59_Etc_UTC.csv,processed,60,XAUUSD_5m_BID_2023-11-26.csv,2023-11-26 23:00:00+00:00 to 2023-11-26 23:59:00+00:00
2023-11-27,2023,XAU-USD_1Minute_BID_2023-11-27_00_00-23_59_Etc_UTC.csv,processed,1380,XAUUSD_5m_BID_2023-11-27.csv,2023-11-27 00:00:00+00:00 to 2023-11-27 23:59:00+00:00
2023-11-28,2023,XAU-USD_1Minute_BID_2023-11-28_00_00-23_59_Etc_UTC.csv,processed,1380,XAUUSD_5m_BID_2023-11-28.csv,2023-11-28 00:00:00+00:00 to 2023-11-28 23:59:00+00:00
2023-11-29,2023,XAU-USD_1Minute_BID_2023-11-29_00_00-23_59_Etc_UTC.csv,processed,1378,XAUUSD_5m_BID_2023-11-29.csv,2023-11-29 00:00:00+00:00 to 2023-11-29 23:59:00+00:00
2023-11-30,2023,XAU-USD_1Minute_BID_2023-11-30_00_00-23_59_Etc_UTC.csv,processed,1380,XAUUSD_5m_BID_2023-11-30.csv,2023-11-30 00:00:00+00:00 to 2023-11-30 23:59:00+00:00
2023-12-01,2023,XAU-USD_1Minute_BID_2023-12-01_00_00-23_59_Etc_UTC.csv,processed,1320,XAUUSD_5m_BID_2023-12-01.csv,2023-12-01 00:00:00+00:00 to 2023-12-01 21:59:00+00:00
2023-12-03,2023,XAU-USD_1Minute_BID_2023-12-03_00_00-23_59_Etc_UTC.csv,processed,59,XAUUSD_5m_BID_2023-12-03.csv,2023-12-03 23:00:00+00:00 to 2023-12-03 23:59:00+00:00
2023-12-04,2023,XAU-USD_1Minute_BID_2023-12-04_00_00-23_59_Etc_UTC.csv,processed,1380,XAUUSD_5m_BID_2023-12-04.csv,2023-12-04 00:00:00+00:00 to 2023-12-04 23:59:00+00:00
2023-12-05,2023,XAU-USD_1Minute_BID_2023-12-05_00_00-23_59_Etc_UTC.csv,processed,1380,XAUUSD_5m_BID_2023-12-05.csv,2023-12-05 00:00:00+00:00 to 2023-12-05 23:59:00+00:00
2023-12-06,2023,XAU-USD_1Minute_BID_2023-12-06_00_00-23_59_Etc_UTC.csv,processed,1380,XAUUSD_5m_BID_2023-12-06.csv,2023-12-06 00:00:00+00:00 to 2023-12-06 23:59:00+00:00
2023-12-07,2023,XAU-USD_1Minute_BID_2023-12-07_00_00-23_59_Etc_UTC.csv,processed,1380,XAUUSD_5m_BID_2023-12-07.csv,2023-12-07 00:00:00+00:00 to 2023-12-07 23:59:00+00:00
2023-12-08,2023,XAU-USD_1Minute_BID_2023-12-08_00_00-23_59_Etc_UTC.csv,processed,1320,XAUUSD_5m_BID_2023-12-08.csv,2023-12-08 00:00:00+00:00 to 2023-12-08 21:59:00+00:00
2023-12-10,2023,XAU-USD_1Minute_BID_2023-12-10_00_00-23_59_Etc_UTC.csv,processed,60,XAUUSD_5m_BID_2023-12-10.csv,2023-12-10 23:00:00+00:00 to 2023-12-10 23:59:00+00:00
2023-12-11,2023,XAU-USD_1Minute_BID_2023-12-11_00_00-23_59_Etc_UTC.csv,processed,1380,XAUUSD_5m_BID_2023-12-11.csv,2023-12-11 00:00:00+00:00 to 2023-12-11 23:59:00+00:00
2023-12-12,2023,XAU-USD_1Minute_BID_2023-12-12_00_00-23_59_Etc_UTC.csv,processed,1380,XAUUSD_5m_BID_2023-12-12.csv,2023-12-12 00:00:00+00:00 to 2023-12-12 23:59:00+00:00
2023-12-13,2023,XAU-USD_1Minute_BID_2023-12-13_00_00-23_59_Etc_UTC.csv,processed,1380,XAUUSD_5m_BID_2023-12-13.csv,2023-12-13 00:00:00+00:00 to 2023-12-13 23:59:00+00:00
2023-12-14,2023,XAU-USD_1Minute_BID_2023-12-14_00_00-23_59_Etc_UTC.csv,processed,1380,XAUUSD_5m_BID_2023-12-14.csv,2023-12-14 00:00:00+00:00 to 2023-12-14 23:59:00+00:00
2023-12-15,2023,XAU-USD_1Minute_BID_2023-12-15_00_00-23_59_Etc_UTC.csv,processed,1320,XAUUSD_5m_BID_2023-12-15.csv,2023-12-15 00:00:00+00:00 to 2023-12-15 21:59:00+00:00
2023-12-17,2023,XAU-USD_1Minute_BID_2023-12-17_00_00-23_59_Etc_UTC.csv,processed,60,XAUUSD_5m_BID_2023-12-17.csv,2023-12-17 23:00:00+00:00 to 2023-12-17 23:59:00+00:00
2023-12-18,2023,XAU-USD_1Minute_BID_2023-12-18_00_00-23_59_Etc_UTC.csv,processed,1380,XAUUSD_5m_BID_2023-12-18.csv,2023-12-18 00:00:00+00:00 to 2023-12-18 23:59:00+00:00
2023-12-19,2023,XAU-USD_1Minute_BID_2023-12-19_00_00-23_59_Etc_UTC.csv,processed,1379,XAUUSD_5m_BID_2023-12-19.csv,2023-12-19 00:00:00+00:00 to 2023-12-19 23:59:00+00:00
2023-12-20,2023,XAU-USD_1Minute_BID_2023-12-20_00_00-23_59_Etc_UTC.csv,processed,1380,XAUUSD_5m_BID_2023-12-20.csv,2023-12-20 00:00:00+00:00 to 2023-12-20 23:59:00+00:00
2023-12-21,2023,XAU-USD_1Minute_BID_2023-12-21_00_00-23_59_Etc_UTC.csv,processed,1380,XAUUSD_5m_BID_2023-12-21.csv,2023-12-21 00:00:00+00:00 to 2023-12-21 23:59:00+00:00
2023-12-22,2023,XAU-USD_1Minute_BID_2023-12-22_00_00-23_59_Etc_UTC.csv,processed,1319,XAUUSD_5m_BID_2023-12-22.csv,2023-12-22 00:00:00+00:00 to 2023-12-22 21:58:00+00:00
2023-12-25,2023,XAU-USD_1Minute_BID_2023-12-25_00_00-23_59_Etc_UTC.csv,processed,58,XAUUSD_5m_BID_2023-12-25.csv,2023-12-25 23:00:00+00:00 to 2023-12-25 23:59:00+00:00
2023-12-26,2023,XAU-USD_1Minute_BID_2023-12-26_00_00-23_59_Etc_UTC.csv,processed,1380,XAUUSD_5m_BID_2023-12-26.csv,2023-12-26 00:00:00+00:00 to 2023-12-26 23:59:00+00:00
2023-12-27,2023,XAU-USD_1Minute_BID_2023-12-27_00_00-23_59_Etc_UTC.csv,processed,1380,XAUUSD_5m_BID_2023-12-27.csv,2023-12-27 00:00:00+00:00 to 2023-12-27 23:59:00+00:00
2023-12-28,2023,XAU-USD_1Minute_BID_2023-12-28_00_00-23_59_Etc_UTC.csv,processed,1380,XAUUSD_5m_BID_2023-12-28.csv,2023-12-28 00:00:00+00:00 to 2023-12-28 23:59:00+00:00
2023-12-29,2023,XAU-USD_1Minute_BID_2023-12-29_00_00-23_59_Etc_UTC.csv,processed,1319,XAUUSD_5m_BID_2023-12-29.csv,2023-12-29 00:00:00+00:00 to 2023-12-29 21:58:00+00:00
2024-01-01,2024,XAU-USD_1Minute_BID_2024-01-01_00_00-23_59_Etc_UTC.csv,processed,60,XAUUSD_5m_BID_2024-01-01.csv,2024-01-01 23:00:00+00:00 to 2024-01-01 23:59:00+00:00
2024-01-02,2024,XAU-USD_1Minute_BID_2024-01-02_00_00-23_59_Etc_UTC.csv,processed,1380,XAUUSD_5m_BID_2024-01-02.csv,2024-01-02 00:00:00+00:00 to 2024-01-02 23:59:00+00:00
2024-01-03,2024,XAU-USD_1Minute_BID_2024-01-03_00_00-23_59_Etc_UTC.csv,processed,1380,XAUUSD_5m_BID_2024-01-03.csv,2024-01-03 00:00:00+00:00 to 2024-01-03 23:59:00+00:00
2024-01-04,2024,XAU-USD_1Minute_BID_2024-01-04_00_00-23_59_Etc_UTC.csv,processed,1380,XAUUSD_5m_BID_2024-01-04.csv,2024-01-04 00:00:00+00:00 to 2024-01-04 23:59:00+00:00
2024-01-05,2024,XAU-USD_1Minute_BID_2024-01-05_00_00-23_59_Etc_UTC.csv,processed,1320,XAUUSD_5m_BID_2024-01-05.csv,2024-01-05 00:00:00+00:00 to 2024-01-05 21:59:00+00:00
2024-01-07,2024,XAU-USD_1Minute_BID_2024-01-07_00_00-23_59_Etc_UTC.csv,processed,60,XAUUSD_5m_BID_2024-01-07.csv,2024-01-07 23:00:00+00:00 to 2024-01-07 23:59:00+00:00
2024-01-08,2024,XAU-USD_1Minute_BID_2024-01-08_00_00-23_59_Etc_UTC.csv,processed,1380,XAUUSD_5m_BID_2024-01-08.csv,2024-01-08 00:00:00+00:00 to 2024-01-08 23:59:00+00:00
2024-01-09,2024,XAU-USD_1Minute_BID_2024-01-09_00_00-23_59_Etc_UTC.csv,processed,1380,XAUUSD_5m_BID_2024-01-09.csv,2024-01-09 00:00:00+00:00 to 2024-01-09 23:59:00+00:00
2024-01-10,2024,XAU-USD_1Minute_BID_2024-01-10_00_00-23_59_Etc_UTC.csv,processed,1380,XAUUSD_5m_BID_2024-01-10.csv,2024-01-10 00:00:00+00:00 to 2024-01-10 23:59:00+00:00
2024-01-11,2024,XAU-USD_1Minute_BID_2024-01-11_00_00-23_59_Etc_UTC.csv,processed,1380,XAUUSD_5m_BID_2024-01-11.csv,2024-01-11 00:00:00+00:00 to 2024-01-11 23:59:00+00:00
2024-01-12,2024,XAU-USD_1Minute_BID_2024-01-12_00_00-23_59_Etc_UTC.csv,processed,1320,XAUUSD_5m_BID_2024-01-12.csv,2024-01-12 00:00:00+00:00 to 2024-01-12 21:59:00+00:00
2024-01-14,2024,XAU-USD_1Minute_BID_2024-01-14_00_00-23_59_Etc_UTC.csv,processed,60,XAUUSD_5m_BID_2024-01-14.csv,2024-01-14 23:00:00+00:00 to 2024-01-14 23:59:00+00:00
2024-01-15,2024,XAU-USD_1Minute_BID_2024-01-15_00_00-23_59_Etc_UTC.csv,processed,1228,XAUUSD_5m_BID_2024-01-15.csv,2024-01-15 00:00:00+00:00 to 2024-01-15 23:59:00+00:00
2024-01-16,2024,XAU-USD_1Minute_BID_2024-01-16_00_00-23_59_Etc_UTC.csv,processed,1380,XAUUSD_5m_BID_2024-01-16.csv,2024-01-16 00:00:00+00:00 to 2024-01-16 23:59:00+00:00
2024-01-17,2024,XAU-USD_1Minute_BID_2024-01-17_00_00-23_59_Etc_UTC.csv,processed,1380,XAUUSD_5m_BID_2024-01-17.csv,2024-01-17 00:00:00+00:00 to 2024-01-17 23:59:00+00:00
2024-01-18,2024,XAU-USD_1Minute_BID_2024-01-18_00_00-23_59_Etc_UTC.csv,processed,1380,XAUUSD_5m_BID_2024-01-18.csv,2024-01-18 00:00:00+00:00 to 2024-01-18 23:59:00+00:00
2024-01-19,2024,XAU-USD_1Minute_BID_2024-01-19_00_00-23_59_Etc_UTC.csv,processed,1320,XAUUSD_5m_BID_2024-01-19.csv,2024-01-19 00:00:00+00:00 to 2024-01-19 21:59:00+00:00
2024-01-21,2024,XAU-USD_1Minute_BID_2024-01-21_00_00-23_59_Etc_UTC.csv,processed,60,XAUUSD_5m_BID_2024-01-21.csv,2024-01-21 23:00:00+00:00 to 2024-01-21 23:59:00+00:00
2024-01-22,2024,XAU-USD_1Minute_BID_2024-01-22_00_00-23_59_Etc_UTC.csv,processed,1380,XAUUSD_5m_BID_2024-01-22.csv,2024-01-22 00:00:00+00:00 to 2024-01-22 23:59:00+00:00
2024-01-23,2024,XAU-USD_1Minute_BID_2024-01-23_00_00-23_59_Etc_UTC.csv,processed,1380,XAUUSD_5m_BID_2024-01-23.csv,2024-01-23 00:00:00+00:00 to 2024-01-23 23:59:00+00:00
2024-01-24,2024,XAU-USD_1Minute_BID_2024-01-24_00_00-23_59_Etc_UTC.csv,processed,1380,XAUUSD_5m_BID_2024-01-24.csv,2024-01-24 00:00:00+00:00 to 2024-01-24 23:59:00+00:00
2024-01-25,2024,XAU-USD_1Minute_BID_2024-01-25_00_00-23_59_Etc_UTC.csv,processed,1380,XAUUSD_5m_BID_2024-01-25.csv,2024-01-25 00:00:00+00:00 to 2024-01-25 23:59:00+00:00
2024-01-26,2024,XAU-USD_1Minute_BID_2024-01-26_00_00-23_59_Etc_UTC.csv,processed,1320,XAUUSD_5m_BID_2024-01-26.csv,2024-01-26 00:00:00+00:00 to 2024-01-26 21:59:00+00:00
2024-01-28,2024,XAU-USD_1Minute_BID_2024-01-28_00_00-23_59_Etc_UTC.csv,processed,60,XAUUSD_5m_BID_2024-01-28.csv,2024-01-28 23:00:00+00:00 to 2024-01-28 23:59:00+00:00
2024-01-29,2024,XAU-USD_1Minute_BID_2024-01-29_00_00-23_59_Etc_UTC.csv,processed,1380,XAUUSD_5m_BID_2024-01-29.csv,2024-01-29 00:00:00+00:00 to 2024-01-29 23:59:00+00:00
2024-01-30,2024,XAU-USD_1Minute_BID_2024-01-30_00_00-23_59_Etc_UTC.csv,processed,1380,XAUUSD_5m_BID_2024-01-30.csv,2024-01-30 00:00:00+00:00 to 2024-01-30 23:59:00+00:00
2024-01-31,2024,XAU-USD_1Minute_BID_2024-01-31_00_00-23_59_Etc_UTC.csv,processed,1380,XAUUSD_5m_BID_2024-01-31.csv,2024-01-31 00:00:00+00:00 to 2024-01-31 23:59:00+00:00
2024-02-01,2024,XAU-USD_1Minute_BID_2024-02-01_00_00-23_59_Etc_UTC.csv,processed,1380,XAUUSD_5m_BID_2024-02-01.csv,2024-02-01 00:00:00+00:00 to 2024-02-01 23:59:00+00:00
2024-02-02,2024,XAU-USD_1Minute_BID_2024-02-02_00_00-23_59_Etc_UTC.csv,processed,1320,XAUUSD_5m_BID_2024-02-02.csv,2024-02-02 00:00:00+00:00 to 2024-02-02 21:59:00+00:00
2024-02-04,2024,XAU-USD_1Minute_BID_2024-02-04_00_00-23_59_Etc_UTC.csv,processed,60,XAUUSD_5m_BID_2024-02-04.csv,2024-02-04 23:00:00+00:00 to 2024-02-04 23:59:00+00:00
2024-02-05,2024,XAU-USD_1Minute_BID_2024-02-05_00_00-23_59_Etc_UTC.csv,processed,1380,XAUUSD_5m_BID_2024-02-05.csv,2024-02-05 00:00:00+00:00 to 2024-02-05 23:59:00+00:00
2024-02-06,2024,XAU-USD_1Minute_BID_2024-02-06_00_00-23_59_Etc_UTC.csv,processed,1378,XAUUSD_5m_BID_2024-02-06.csv,2024-02-06 00:00:00+00:00 to 2024-02-06 23:59:00+00:00
2024-02-07,2024,XAU-USD_1Minute_BID_2024-02-07_00_00-23_59_Etc_UTC.csv,processed,1380,XAUUSD_5m_BID_2024-02-07.csv,2024-02-07 00:00:00+00:00 to 2024-02-07 23:59:00+00:00
2024-02-08,2024,XAU-USD_1Minute_BID_2024-02-08_00_00-23_59_Etc_UTC.csv,processed,1380,XAUUSD_5m_BID_2024-02-08.csv,2024-02-08 00:00:00+00:00 to 2024-02-08 23:59:00+00:00
2024-02-09,2024,XAU-USD_1Minute_BID_2024-02-09_00_00-23_59_Etc_UTC.csv,processed,1319,XAUUSD_5m_BID_2024-02-09.csv,2024-02-09 00:00:00+00:00 to 2024-02-09 21:59:00+00:00
2024-02-11,2024,XAU-USD_1Minute_BID_2024-02-11_00_00-23_59_Etc_UTC.csv,processed,60,XAUUSD_5m_BID_2024-02-11.csv,2024-02-11 23:00:00+00:00 to 2024-02-11 23:59:00+00:00
2024-02-12,2024,XAU-USD_1Minute_BID_2024-02-12_00_00-23_59_Etc_UTC.csv,processed,1379,XAUUSD_5m_BID_2024-02-12.csv,2024-02-12 00:00:00+00:00 to 2024-02-12 23:59:00+00:00
2024-02-13,2024,XAU-USD_1Minute_BID_2024-02-13_00_00-23_59_Etc_UTC.csv,processed,1380,XAUUSD_5m_BID_2024-02-13.csv,2024-02-13 00:00:00+00:00 to 2024-02-13 23:59:00+00:00
2024-02-14,2024,XAU-USD_1Minute_BID_2024-02-14_00_00-23_59_Etc_UTC.csv,processed,1379,XAUUSD_5m_BID_2024-02-14.csv,2024-02-14 00:00:00+00:00 to 2024-02-14 23:59:00+00:00
2024-02-15,2024,XAU-USD_1Minute_BID_2024-02-15_00_00-23_59_Etc_UTC.csv,processed,1380,XAUUSD_5m_BID_2024-02-15.csv,2024-02-15 00:00:00+00:00 to 2024-02-15 23:59:00+00:00
2024-02-16,2024,XAU-USD_1Minute_BID_2024-02-16_00_00-23_59_Etc_UTC.csv,processed,1320,XAUUSD_5m_BID_2024-02-16.csv,2024-02-16 00:00:00+00:00 to 2024-02-16 21:59:00+00:00
2024-02-18,2024,XAU-USD_1Minute_BID_2024-02-18_00_00-23_59_Etc_UTC.csv,processed,48,XAUUSD_5m_BID_2024-02-18.csv,2024-02-18 23:00:00+00:00 to 2024-02-18 23:59:00+00:00
2024-02-19,2024,XAU-USD_1Minute_BID_2024-02-19_00_00-23_59_Etc_UTC.csv,processed,1229,XAUUSD_5m_BID_2024-02-19.csv,2024-02-19 00:00:00+00:00 to 2024-02-19 23:59:00+00:00
2024-02-20,2024,XAU-USD_1Minute_BID_2024-02-20_00_00-23_59_Etc_UTC.csv,processed,1380,XAUUSD_5m_BID_2024-02-20.csv,2024-02-20 00:00:00+00:00 to 2024-02-20 23:59:00+00:00
2024-02-21,2024,XAU-USD_1Minute_BID_2024-02-21_00_00-23_59_Etc_UTC.csv,processed,1380,XAUUSD_5m_BID_2024-02-21.csv,2024-02-21 00:00:00+00:00 to 2024-02-21 23:59:00+00:00
2024-02-22,2024,XAU-USD_1Minute_BID_2024-02-22_00_00-23_59_Etc_UTC.csv,processed,1380,XAUUSD_5m_BID_2024-02-22.csv,2024-02-22 00:00:00+00:00 to 2024-02-22 23:59:00+00:00
2024-02-23,2024,XAU-USD_1Minute_BID_2024-02-23_00_00-23_59_Etc_UTC.csv,processed,1319,XAUUSD_5m_BID_2024-02-23.csv,2024-02-23 00:00:00+00:00 to 2024-02-23 21:59:00+00:00
2024-02-25,2024,XAU-USD_1Minute_BID_2024-02-25_00_00-23_59_Etc_UTC.csv,processed,60,XAUUSD_5m_BID_2024-02-25.csv,2024-02-25 23:00:00+00:00 to 2024-02-25 23:59:00+00:00
2024-02-26,2024,XAU-USD_1Minute_BID_2024-02-26_00_00-23_59_Etc_UTC.csv,processed,1380,XAUUSD_5m_BID_2024-02-26.csv,2024-02-26 00:00:00+00:00 to 2024-02-26 23:59:00+00:00
2024-02-27,2024,XAU-USD_1Minute_BID_2024-02-27_00_00-23_59_Etc_UTC.csv,processed,1379,XAUUSD_5m_BID_2024-02-27.csv,2024-02-27 00:00:00+00:00 to 2024-02-27 23:59:00+00:00
2024-02-28,2024,XAU-USD_1Minute_BID_2024-02-28_00_00-23_59_Etc_UTC.csv,processed,1380,XAUUSD_5m_BID_2024-02-28.csv,2024-02-28 00:00:00+00:00 to 2024-02-28 23:59:00+00:00
2024-02-29,2024,XAU-USD_1Minute_BID_2024-02-29_00_00-23_59_Etc_UTC.csv,processed,1378,XAUUSD_5m_BID_2024-02-29.csv,2024-02-29 00:00:00+00:00 to 2024-02-29 23:59:00+00:00
2024-03-01,2024,XAU-USD_1Minute_BID_2024-03-01_00_00-23_59_Etc_UTC.csv,processed,1320,XAUUSD_5m_BID_2024-03-01.csv,2024-03-01 00:00:00+00:00 to 2024-03-01 21:59:00+00:00
2024-03-03,2024,XAU-USD_1Minute_BID_2024-03-03_00_00-23_59_Etc_UTC.csv,processed,60,XAUUSD_5m_BID_2024-03-03.csv,2024-03-03 23:00:00+00:00 to 2024-03-03 23:59:00+00:00
2024-03-04,2024,XAU-USD_1Minute_BID_2024-03-04_00_00-23_59_Etc_UTC.csv,processed,1380,XAUUSD_5m_BID_2024-03-04.csv,2024-03-04 00:00:00+00:00 to 2024-03-04 23:59:00+00:00
2024-03-05,2024,XAU-USD_1Minute_BID_2024-03-05_00_00-23_59_Etc_UTC.csv,processed,1380,XAUUSD_5m_BID_2024-03-05.csv,2024-03-05 00:00:00+00:00 to 2024-03-05 23:59:00+00:00
2024-03-06,2024,XAU-USD_1Minute_BID_2024-03-06_00_00-23_59_Etc_UTC.csv,processed,1379,XAUUSD_5m_BID_2024-03-06.csv,2024-03-06 00:00:00+00:00 to 2024-03-06 23:59:00+00:00
2024-03-07,2024,XAU-USD_1Minute_BID_2024-03-07_00_00-23_59_Etc_UTC.csv,processed,1380,XAUUSD_5m_BID_2024-03-07.csv,2024-03-07 00:00:00+00:00 to 2024-03-07 23:59:00+00:00
2024-03-08,2024,XAU-USD_1Minute_BID_2024-03-08_00_00-23_59_Etc_UTC.csv,processed,1319,XAUUSD_5m_BID_2024-03-08.csv,2024-03-08 00:00:00+00:00 to 2024-03-08 21:59:00+00:00
2024-03-10,2024,XAU-USD_1Minute_BID_2024-03-10_00_00-23_59_Etc_UTC.csv,processed,120,XAUUSD_5m_BID_2024-03-10.csv,2024-03-10 22:00:00+00:00 to 2024-03-10 23:59:00+00:00
2024-03-11,2024,XAU-USD_1Minute_BID_2024-03-11_00_00-23_59_Etc_UTC.csv,processed,1378,XAUUSD_5m_BID_2024-03-11.csv,2024-03-11 00:00:00+00:00 to 2024-03-11 23:58:00+00:00
2024-03-12,2024,XAU-USD_1Minute_BID_2024-03-12_00_00-23_59_Etc_UTC.csv,processed,1380,XAUUSD_5m_BID_2024-03-12.csv,2024-03-12 00:00:00+00:00 to 2024-03-12 23:59:00+00:00
2024-03-13,2024,XAU-USD_1Minute_BID_2024-03-13_00_00-23_59_Etc_UTC.csv,processed,1380,XAUUSD_5m_BID_2024-03-13.csv,2024-03-13 00:00:00+00:00 to 2024-03-13 23:59:00+00:00
2024-03-14,2024,XAU-USD_1Minute_BID_2024-03-14_00_00-23_59_Etc_UTC.csv,processed,1379,XAUUSD_5m_BID_2024-03-14.csv,2024-03-14 00:00:00+00:00 to 2024-03-14 23:59:00+00:00
2024-03-15,2024,XAU-USD_1Minute_BID_2024-03-15_00_00-23_59_Etc_UTC.csv,processed,1260,XAUUSD_5m_BID_2024-03-15.csv,2024-03-15 00:00:00+00:00 to 2024-03-15 20:59:00+00:00
2024-03-17,2024,XAU-USD_1Minute_BID_2024-03-17_00_00-23_59_Etc_UTC.csv,processed,120,XAUUSD_5m_BID_2024-03-17.csv,2024-03-17 22:00:00+00:00 to 2024-03-17 23:59:00+00:00
2024-03-18,2024,XAU-USD_1Minute_BID_2024-03-18_00_00-23_59_Etc_UTC.csv,processed,1380,XAUUSD_5m_BID_2024-03-18.csv,2024-03-18 00:00:00+00:00 to 2024-03-18 23:59:00+00:00
2024-03-19,2024,XAU-USD_1Minute_BID_2024-03-19_00_00-23_59_Etc_UTC.csv,processed,1378,XAUUSD_5m_BID_2024-03-19.csv,2024-03-19 00:00:00+00:00 to 2024-03-19 23:59:00+00:00
2024-03-20,2024,XAU-USD_1Minute_BID_2024-03-20_00_00-23_59_Etc_UTC.csv,processed,1380,XAUUSD_5m_BID_2024-03-20.csv,2024-03-20 00:00:00+00:00 to 2024-03-20 23:59:00+00:00
2024-03-21,2024,XAU-USD_1Minute_BID_2024-03-21_00_00-23_59_Etc_UTC.csv,processed,1378,XAUUSD_5m_BID_2024-03-21.csv,2024-03-21 00:00:00+00:00 to 2024-03-21 23:59:00+00:00
2024-03-22,2024,XAU-USD_1Minute_BID_2024-03-22_00_00-23_59_Etc_UTC.csv,processed,1260,XAUUSD_5m_BID_2024-03-22.csv,2024-03-22 00:00:00+00:00 to 2024-03-22 20:59:00+00:00
2024-03-24,2024,XAU-USD_1Minute_BID_2024-03-24_00_00-23_59_Etc_UTC.csv,processed,120,XAUUSD_5m_BID_2024-03-24.csv,2024-03-24 22:00:00+00:00 to 2024-03-24 23:59:00+00:00
2024-03-25,2024,XAU-USD_1Minute_BID_2024-03-25_00_00-23_59_Etc_UTC.csv,processed,1380,XAUUSD_5m_BID_2024-03-25.csv,2024-03-25 00:00:00+00:00 to 2024-03-25 23:59:00+00:00
2024-03-26,2024,XAU-USD_1Minute_BID_2024-03-26_00_00-23_59_Etc_UTC.csv,processed,1379,XAUUSD_5m_BID_2024-03-26.csv,2024-03-26 00:00:00+00:00 to 2024-03-26 23:59:00+00:00
2024-03-27,2024,XAU-USD_1Minute_BID_2024-03-27_00_00-23_59_Etc_UTC.csv,processed,1380,XAUUSD_5m_BID_2024-03-27.csv,2024-03-27 00:00:00+00:00 to 2024-03-27 23:59:00+00:00
2024-03-28,2024,XAU-USD_1Minute_BID_2024-03-28_00_00-23_59_Etc_UTC.csv,processed,1259,XAUUSD_5m_BID_2024-03-28.csv,2024-03-28 00:00:00+00:00 to 2024-03-28 20:58:00+00:00
2024-03-31,2024,XAU-USD_1Minute_BID_2024-03-31_00_00-23_59_Etc_UTC.csv,processed,120,XAUUSD_5m_BID_2024-03-31.csv,2024-03-31 22:00:00+00:00 to 2024-03-31 23:59:00+00:00
2024-04-01,2024,XAU-USD_1Minute_BID_2024-04-01_00_00-23_59_Etc_UTC.csv,processed,1380,XAUUSD_5m_BID_2024-04-01.csv,2024-04-01 00:00:00+00:00 to 2024-04-01 23:59:00+00:00
2024-04-02,2024,XAU-USD_1Minute_BID_2024-04-02_00_00-23_59_Etc_UTC.csv,processed,1380,XAUUSD_5m_BID_2024-04-02.csv,2024-04-02 00:00:00+00:00 to 2024-04-02 23:59:00+00:00
2024-04-03,2024,XAU-USD_1Minute_BID_2024-04-03_00_00-23_59_Etc_UTC.csv,processed,1380,XAUUSD_5m_BID_2024-04-03.csv,2024-04-03 00:00:00+00:00 to 2024-04-03 23:59:00+00:00
2024-04-04,2024,XAU-USD_1Minute_BID_2024-04-04_00_00-23_59_Etc_UTC.csv,processed,1380,XAUUSD_5m_BID_2024-04-04.csv,2024-04-04 00:00:00+00:00 to 2024-04-04 23:59:00+00:00
2024-04-05,2024,XAU-USD_1Minute_BID_2024-04-05_00_00-23_59_Etc_UTC.csv,processed,1260,XAUUSD_5m_BID_2024-04-05.csv,2024-04-05 00:00:00+00:00 to 2024-04-05 20:59:00+00:00
2024-04-07,2024,XAU-USD_1Minute_BID_2024-04-07_00_00-23_59_Etc_UTC.csv,processed,120,XAUUSD_5m_BID_2024-04-07.csv,2024-04-07 22:00:00+00:00 to 2024-04-07 23:59:00+00:00
2024-04-08,2024,XAU-USD_1Minute_BID_2024-04-08_00_00-23_59_Etc_UTC.csv,processed,1380,XAUUSD_5m_BID_2024-04-08.csv,2024-04-08 00:00:00+00:00 to 2024-04-08 23:59:00+00:00
2024-04-09,2024,XAU-USD_1Minute_BID_2024-04-09_00_00-23_59_Etc_UTC.csv,processed,1380,XAUUSD_5m_BID_2024-04-09.csv,2024-04-09 00:00:00+00:00 to 2024-04-09 23:59:00+00:00
2024-04-10,2024,XAU-USD_1Minute_BID_2024-04-10_00_00-23_59_Etc_UTC.csv,processed,1379,XAUUSD_5m_BID_2024-04-10.csv,2024-04-10 00:00:00+00:00 to 2024-04-10 23:59:00+00:00
2024-04-11,2024,XAU-USD_1Minute_BID_2024-04-11_00_00-23_59_Etc_UTC.csv,processed,1380,XAUUSD_5m_BID_2024-04-11.csv,2024-04-11 00:00:00+00:00 to 2024-04-11 23:59:00+00:00
2024-04-12,2024,XAU-USD_1Minute_BID_2024-04-12_00_00-23_59_Etc_UTC.csv,processed,1260,XAUUSD_5m_BID_2024-04-12.csv,2024-04-12 00:00:00+00:00 to 2024-04-12 20:59:00+00:00
2024-04-14,2024,XAU-USD_1Minute_BID_2024-04-14_00_00-23_59_Etc_UTC.csv,processed,120,XAUUSD_5m_BID_2024-04-14.csv,2024-04-14 22:00:00+00:00 to 2024-04-14 23:59:00+00:00
2024-04-15,2024,XAU-USD_1Minute_BID_2024-04-15_00_00-23_59_Etc_UTC.csv,processed,1380,XAUUSD_5m_BID_2024-04-15.csv,2024-04-15 00:00:00+00:00 to 2024-04-15 23:59:00+00:00
2024-04-16,2024,XAU-USD_1Minute_BID_2024-04-16_00_00-23_59_Etc_UTC.csv,processed,1380,XAUUSD_5m_BID_2024-04-16.csv,2024-04-16 00:00:00+00:00 to 2024-04-16 23:59:00+00:00
2024-04-17,2024,XAU-USD_1Minute_BID_2024-04-17_00_00-23_59_Etc_UTC.csv,processed,1380,XAUUSD_5m_BID_2024-04-17.csv,2024-04-17 00:00:00+00:00 to 2024-04-17 23:59:00+00:00
2024-04-18,2024,XAU-USD_1Minute_BID_2024-04-18_00_00-23_59_Etc_UTC.csv,processed,1380,XAUUSD_5m_BID_2024-04-18.csv,2024-04-18 00:00:00+00:00 to 2024-04-18 23:59:00+00:00
2024-04-19,2024,XAU-USD_1Minute_BID_2024-04-19_00_00-23_59_Etc_UTC.csv,processed,1260,XAUUSD_5m_BID_2024-04-19.csv,2024-04-19 00:00:00+00:00 to 2024-04-19 20:59:00+00:00
2024-04-21,2024,XAU-USD_1Minute_BID_2024-04-21_00_00-23_59_Etc_UTC.csv,processed,120,XAUUSD_5m_BID_2024-04-21.csv,2024-04-21 22:00:00+00:00 to 2024-04-21 23:59:00+00:00
2024-04-22,2024,XAU-USD_1Minute_BID_2024-04-22_00_00-23_59_Etc_UTC.csv,processed,1380,XAUUSD_5m_BID_2024-04-22.csv,2024-04-22 00:00:00+00:00 to 2024-04-22 23:59:00+00:00
2024-04-23,2024,XAU-USD_1Minute_BID_2024-04-23_00_00-23_59_Etc_UTC.csv,processed,1380,XAUUSD_5m_BID_2024-04-23.csv,2024-04-23 00:00:00+00:00 to 2024-04-23 23:59:00+00:00
2024-04-24,2024,XAU-USD_1Minute_BID_2024-04-24_00_00-23_59_Etc_UTC.csv,processed,1380,XAUUSD_5m_BID_2024-04-24.csv,2024-04-24 00:00:00+00:00 to 2024-04-24 23:59:00+00:00
2024-04-25,2024,XAU-USD_1Minute_BID_2024-04-25_00_00-23_59_Etc_UTC.csv,processed,1380,XAUUSD_5m_BID_2024-04-25.csv,2024-04-25 00:00:00+00:00 to 2024-04-25 23:59:00+00:00
2024-04-26,2024,XAU-USD_1Minute_BID_2024-04-26_00_00-23_59_Etc_UTC.csv,processed,1260,XAUUSD_5m_BID_2024-04-26.csv,2024-04-26 00:00:00+00:00 to 2024-04-26 20:59:00+00:00
2024-04-28,2024,XAU-USD_1Minute_BID_2024-04-28_00_00-23_59_Etc_UTC.csv,processed,120,XAUUSD_5m_BID_2024-04-28.csv,2024-04-28 22:00:00+00:00 to 2024-04-28 23:59:00+00:00
2024-04-29,2024,XAU-USD_1Minute_BID_2024-04-29_00_00-23_59_Etc_UTC.csv,processed,1380,XAUUSD_5m_BID_2024-04-29.csv,2024-04-29 00:00:00+00:00 to 2024-04-29 23:59:00+00:00
2024-04-30,2024,XAU-USD_1Minute_BID_2024-04-30_00_00-23_59_Etc_UTC.csv,processed,1380,XAUUSD_5m_BID_2024-04-30.csv,2024-04-30 00:00:00+00:00 to 2024-04-30 23:59:00+00:00
2024-05-01,2024,XAU-USD_1Minute_BID_2024-05-01_00_00-23_59_Etc_UTC.csv,processed,1380,XAUUSD_5m_BID_2024-05-01.csv,2024-05-01 00:00:00+00:00 to 2024-05-01 23:59:00+00:00
2024-05-02,2024,XAU-USD_1Minute_BID_2024-05-02_00_00-23_59_Etc_UTC.csv,processed,1380,XAUUSD_5m_BID_2024-05-02.csv,2024-05-02 00:00:00+00:00 to 2024-05-02 23:59:00+00:00
2024-05-03,2024,XAU-USD_1Minute_BID_2024-05-03_00_00-23_59_Etc_UTC.csv,processed,1260,XAUUSD_5m_BID_2024-05-03.csv,2024-05-03 00:00:00+00:00 to 2024-05-03 20:59:00+00:00
2024-05-05,2024,XAU-USD_1Minute_BID_2024-05-05_00_00-23_59_Etc_UTC.csv,processed,120,XAUUSD_5m_BID_2024-05-05.csv,2024-05-05 22:00:00+00:00 to 2024-05-05 23:59:00+00:00
2024-05-06,2024,XAU-USD_1Minute_BID_2024-05-06_00_00-23_59_Etc_UTC.csv,processed,1380,XAUUSD_5m_BID_2024-05-06.csv,2024-05-06 00:00:00+00:00 to 2024-05-06 23:59:00+00:00
2024-05-07,2024,XAU-USD_1Minute_BID_2024-05-07_00_00-23_59_Etc_UTC.csv,processed,1379,XAUUSD_5m_BID_2024-05-07.csv,2024-05-07 00:00:00+00:00 to 2024-05-07 23:59:00+00:00
2024-05-08,2024,XAU-USD_1Minute_BID_2024-05-08_00_00-23_59_Etc_UTC.csv,processed,1380,XAUUSD_5m_BID_2024-05-08.csv,2024-05-08 00:00:00+00:00 to 2024-05-08 23:59:00+00:00
2024-05-09,2024,XAU-USD_1Minute_BID_2024-05-09_00_00-23_59_Etc_UTC.csv,processed,1380,XAUUSD_5m_BID_2024-05-09.csv,2024-05-09 00:00:00+00:00 to 2024-05-09 23:59:00+00:00
2024-05-10,2024,XAU-USD_1Minute_BID_2024-05-10_00_00-23_59_Etc_UTC.csv,processed,1260,XAUUSD_5m_BID_2024-05-10.csv,2024-05-10 00:00:00+00:00 to 2024-05-10 20:59:00+00:00
2024-05-12,2024,XAU-USD_1Minute_BID_2024-05-12_00_00-23_59_Etc_UTC.csv,processed,120,XAUUSD_5m_BID_2024-05-12.csv,2024-05-12 22:00:00+00:00 to 2024-05-12 23:59:00+00:00
2024-05-13,2024,XAU-USD_1Minute_BID_2024-05-13_00_00-23_59_Etc_UTC.csv,processed,1379,XAUUSD_5m_BID_2024-05-13.csv,2024-05-13 00:00:00+00:00 to 2024-05-13 23:59:00+00:00
2024-05-14,2024,XAU-USD_1Minute_BID_2024-05-14_00_00-23_59_Etc_UTC.csv,processed,1380,XAUUSD_5m_BID_2024-05-14.csv,2024-05-14 00:00:00+00:00 to 2024-05-14 23:59:00+00:00
2024-05-15,2024,XAU-USD_1Minute_BID_2024-05-15_00_00-23_59_Etc_UTC.csv,processed,1380,XAUUSD_5m_BID_2024-05-15.csv,2024-05-15 00:00:00+00:00 to 2024-05-15 23:59:00+00:00
2024-05-16,2024,XAU-USD_1Minute_BID_2024-05-16_00_00-23_59_Etc_UTC.csv,processed,1379,XAUUSD_5m_BID_2024-05-16.csv,2024-05-16 00:00:00+00:00 to 2024-05-16 23:59:00+00:00
2024-05-17,2024,XAU-USD_1Minute_BID_2024-05-17_00_00-23_59_Etc_UTC.csv,processed,1260,XAUUSD_5m_BID_2024-05-17.csv,2024-05-17 00:00:00+00:00 to 2024-05-17 20:59:00+00:00
2024-05-19,2024,XAU-USD_1Minute_BID_2024-05-19_00_00-23_59_Etc_UTC.csv,processed,120,XAUUSD_5m_BID_2024-05-19.csv,2024-05-19 22:00:00+00:00 to 2024-05-19 23:59:00+00:00
2024-05-20,2024,XAU-USD_1Minute_BID_2024-05-20_00_00-23_59_Etc_UTC.csv,processed,1380,XAUUSD_5m_BID_2024-05-20.csv,2024-05-20 00:00:00+00:00 to 2024-05-20 23:59:00+00:00
2024-05-21,2024,XAU-USD_1Minute_BID_2024-05-21_00_00-23_59_Etc_UTC.csv,processed,1379,XAUUSD_5m_BID_2024-05-21.csv,2024-05-21 00:00:00+00:00 to 2024-05-21 23:59:00+00:00
2024-05-22,2024,XAU-USD_1Minute_BID_2024-05-22_00_00-23_59_Etc_UTC.csv,processed,1378,XAUUSD_5m_BID_2024-05-22.csv,2024-05-22 00:00:00+00:00 to 2024-05-22 23:59:00+00:00
2024-05-23,2024,XAU-USD_1Minute_BID_2024-05-23_00_00-23_59_Etc_UTC.csv,processed,1380,XAUUSD_5m_BID_2024-05-23.csv,2024-05-23 00:00:00+00:00 to 2024-05-23 23:59:00+00:00
2024-05-24,2024,XAU-USD_1Minute_BID_2024-05-24_00_00-23_59_Etc_UTC.csv,processed,1260,XAUUSD_5m_BID_2024-05-24.csv,2024-05-24 00:00:00+00:00 to 2024-05-24 20:59:00+00:00
2024-05-26,2024,XAU-USD_1Minute_BID_2024-05-26_00_00-23_59_Etc_UTC.csv,processed,120,XAUUSD_5m_BID_2024-05-26.csv,2024-05-26 22:00:00+00:00 to 2024-05-26 23:59:00+00:00
2024-05-27,2024,XAU-USD_1Minute_BID_2024-05-27_00_00-23_59_Etc_UTC.csv,processed,1229,XAUUSD_5m_BID_2024-05-27.csv,2024-05-27 00:00:00+00:00 to 2024-05-27 23:59:00+00:00
2024-05-28,2024,XAU-USD_1Minute_BID_2024-05-28_00_00-23_59_Etc_UTC.csv,processed,1380,XAUUSD_5m_BID_2024-05-28.csv,2024-05-28 00:00:00+00:00 to 2024-05-28 23:59:00+00:00
2024-05-29,2024,XAU-USD_1Minute_BID_2024-05-29_00_00-23_59_Etc_UTC.csv,processed,1380,XAUUSD_5m_BID_2024-05-29.csv,2024-05-29 00:00:00+00:00 to 2024-05-29 23:59:00+00:00
2024-05-30,2024,XAU-USD_1Minute_BID_2024-05-30_00_00-23_59_Etc_UTC.csv,processed,1380,XAUUSD_5m_BID_2024-05-30.csv,2024-05-30 00:00:00+00:00 to 2024-05-30 23:59:00+00:00
2024-05-31,2024,XAU-USD_1Minute_BID_2024-05-31_00_00-23_59_Etc_UTC.csv,processed,1260,XAUUSD_5m_BID_2024-05-31.csv,2024-05-31 00:00:00+00:00 to 2024-05-31 20:59:00+00:00
2024-06-02,2024,XAU-USD_1Minute_BID_2024-06-02_00_00-23_59_Etc_UTC.csv,processed,120,XAUUSD_5m_BID_2024-06-02.csv,2024-06-02 22:00:00+00:00 to 2024-06-02 23:59:00+00:00
2024-06-03,2024,XAU-USD_1Minute_BID_2024-06-03_00_00-23_59_Etc_UTC.csv,processed,1380,XAUUSD_5m_BID_2024-06-03.csv,2024-06-03 00:00:00+00:00 to 2024-06-03 23:59:00+00:00
2024-06-04,2024,XAU-USD_1Minute_BID_2024-06-04_00_00-23_59_Etc_UTC.csv,processed,1380,XAUUSD_5m_BID_2024-06-04.csv,2024-06-04 00:00:00+00:00 to 2024-06-04 23:59:00+00:00
2024-06-05,2024,XAU-USD_1Minute_BID_2024-06-05_00_00-23_59_Etc_UTC.csv,processed,1380,XAUUSD_5m_BID_2024-06-05.csv,2024-06-05 00:00:00+00:00 to 2024-06-05 23:59:00+00:00
2024-06-06,2024,XAU-USD_1Minute_BID_2024-06-06_00_00-23_59_Etc_UTC.csv,processed,1380,XAUUSD_5m_BID_2024-06-06.csv,2024-06-06 00:00:00+00:00 to 2024-06-06 23:59:00+00:00
2024-06-07,2024,XAU-USD_1Minute_BID_2024-06-07_00_00-23_59_Etc_UTC.csv,processed,1260,XAUUSD_5m_BID_2024-06-07.csv,2024-06-07 00:00:00+00:00 to 2024-06-07 20:59:00+00:00
2024-06-09,2024,XAU-USD_1Minute_BID_2024-06-09_00_00-23_59_Etc_UTC.csv,processed,120,XAUUSD_5m_BID_2024-06-09.csv,2024-06-09 22:00:00+00:00 to 2024-06-09 23:59:00+00:00
2024-06-10,2024,XAU-USD_1Minute_BID_2024-06-10_00_00-23_59_Etc_UTC.csv,processed,1380,XAUUSD_5m_BID_2024-06-10.csv,2024-06-10 00:00:00+00:00 to 2024-06-10 23:59:00+00:00
2024-06-11,2024,XAU-USD_1Minute_BID_2024-06-11_00_00-23_59_Etc_UTC.csv,processed,1380,XAUUSD_5m_BID_2024-06-11.csv,2024-06-11 00:00:00+00:00 to 2024-06-11 23:59:00+00:00
2024-06-12,2024,XAU-USD_1Minute_BID_2024-06-12_00_00-23_59_Etc_UTC.csv,processed,1380,XAUUSD_5m_BID_2024-06-12.csv,2024-06-12 00:00:00+00:00 to 2024-06-12 23:59:00+00:00
2024-06-13,2024,XAU-USD_1Minute_BID_2024-06-13_00_00-23_59_Etc_UTC.csv,processed,1380,XAUUSD_5m_BID_2024-06-13.csv,2024-06-13 00:00:00+00:00 to 2024-06-13 23:59:00+00:00
2024-06-14,2024,XAU-USD_1Minute_BID_2024-06-14_00_00-23_59_Etc_UTC.csv,processed,1260,XAUUSD_5m_BID_2024-06-14.csv,2024-06-14 00:00:00+00:00 to 2024-06-14 20:59:00+00:00
2024-06-16,2024,XAU-USD_1Minute_BID_2024-06-16_00_00-23_59_Etc_UTC.csv,processed,120,XAUUSD_5m_BID_2024-06-16.csv,2024-06-16 22:00:00+00:00 to 2024-06-16 23:59:00+00:00
2024-06-17,2024,XAU-USD_1Minute_BID_2024-06-17_00_00-23_59_Etc_UTC.csv,processed,1380,XAUUSD_5m_BID_2024-06-17.csv,2024-06-17 00:00:00+00:00 to 2024-06-17 23:59:00+00:00
2024-06-18,2024,XAU-USD_1Minute_BID_2024-06-18_00_00-23_59_Etc_UTC.csv,processed,1380,XAUUSD_5m_BID_2024-06-18.csv,2024-06-18 00:00:00+00:00 to 2024-06-18 23:59:00+00:00
2024-06-19,2024,XAU-USD_1Minute_BID_2024-06-19_00_00-23_59_Etc_UTC.csv,processed,1228,XAUUSD_5m_BID_2024-06-19.csv,2024-06-19 00:00:00+00:00 to 2024-06-19 23:59:00+00:00
2024-06-20,2024,XAU-USD_1Minute_BID_2024-06-20_00_00-23_59_Etc_UTC.csv,processed,1380,XAUUSD_5m_BID_2024-06-20.csv,2024-06-20 00:00:00+00:00 to 2024-06-20 23:59:00+00:00
2024-06-21,2024,XAU-USD_1Minute_BID_2024-06-21_00_00-23_59_Etc_UTC.csv,processed,1260,XAUUSD_5m_BID_2024-06-21.csv,2024-06-21 00:00:00+00:00 to 2024-06-21 20:59:00+00:00
2024-06-23,2024,XAU-USD_1Minute_BID_2024-06-23_00_00-23_59_Etc_UTC.csv,processed,120,XAUUSD_5m_BID_2024-06-23.csv,2024-06-23 22:00:00+00:00 to 2024-06-23 23:59:00+00:00
2024-06-24,2024,XAU-USD_1Minute_BID_2024-06-24_00_00-23_59_Etc_UTC.csv,processed,1380,XAUUSD_5m_BID_2024-06-24.csv,2024-06-24 00:00:00+00:00 to 2024-06-24 23:59:00+00:00
2024-06-25,2024,XAU-USD_1Minute_BID_2024-06-25_00_00-23_59_Etc_UTC.csv,processed,1380,XAUUSD_5m_BID_2024-06-25.csv,2024-06-25 00:00:00+00:00 to 2024-06-25 23:59:00+00:00
2024-06-26,2024,XAU-USD_1Minute_BID_2024-06-26_00_00-23_59_Etc_UTC.csv,processed,1380,XAUUSD_5m_BID_2024-06-26.csv,2024-06-26 00:00:00+00:00 to 2024-06-26 23:59:00+00:00
2024-06-27,2024,XAU-USD_1Minute_BID_2024-06-27_00_00-23_59_Etc_UTC.csv,processed,1379,XAUUSD_5m_BID_2024-06-27.csv,2024-06-27 00:00:00+00:00 to 2024-06-27 23:59:00+00:00
2024-06-28,2024,XAU-USD_1Minute_BID_2024-06-28_00_00-23_59_Etc_UTC.csv,processed,1260,XAUUSD_5m_BID_2024-06-28.csv,2024-06-28 00:00:00+00:00 to 2024-06-28 20:59:00+00:00
2024-06-30,2024,XAU-USD_1Minute_BID_2024-06-30_00_00-23_59_Etc_UTC.csv,processed,120,XAUUSD_5m_BID_2024-06-30.csv,2024-06-30 22:00:00+00:00 to 2024-06-30 23:59:00+00:00
2024-07-01,2024,XAU-USD_1Minute_BID_2024-07-01_00_00-23_59_Etc_UTC.csv,processed,1380,XAUUSD_5m_BID_2024-07-01.csv,2024-07-01 00:00:00+00:00 to 2024-07-01 23:59:00+00:00
2024-07-02,2024,XAU-USD_1Minute_BID_2024-07-02_00_00-23_59_Etc_UTC.csv,processed,1380,XAUUSD_5m_BID_2024-07-02.csv,2024-07-02 00:00:00+00:00 to 2024-07-02 23:59:00+00:00
2024-07-03,2024,XAU-USD_1Minute_BID_2024-07-03_00_00-23_59_Etc_UTC.csv,processed,1380,XAUUSD_5m_BID_2024-07-03.csv,2024-07-03 00:00:00+00:00 to 2024-07-03 23:59:00+00:00
2024-07-04,2024,XAU-USD_1Minute_BID_2024-07-04_00_00-23_59_Etc_UTC.csv,processed,1227,XAUUSD_5m_BID_2024-07-04.csv,2024-07-04 00:00:00+00:00 to 2024-07-04 23:59:00+00:00
2024-07-05,2024,XAU-USD_1Minute_BID_2024-07-05_00_00-23_59_Etc_UTC.csv,processed,1260,XAUUSD_5m_BID_2024-07-05.csv,2024-07-05 00:00:00+00:00 to 2024-07-05 20:59:00+00:00
2024-07-07,2024,XAU-USD_1Minute_BID_2024-07-07_00_00-23_59_Etc_UTC.csv,processed,120,XAUUSD_5m_BID_2024-07-07.csv,2024-07-07 22:00:00+00:00 to 2024-07-07 23:59:00+00:00
2024-07-08,2024,XAU-USD_1Minute_BID_2024-07-08_00_00-23_59_Etc_UTC.csv,processed,1380,XAUUSD_5m_BID_2024-07-08.csv,2024-07-08 00:00:00+00:00 to 2024-07-08 23:59:00+00:00
2024-07-09,2024,XAU-USD_1Minute_BID_2024-07-09_00_00-23_59_Etc_UTC.csv,processed,1380,XAUUSD_5m_BID_2024-07-09.csv,2024-07-09 00:00:00+00:00 to 2024-07-09 23:59:00+00:00
2024-07-10,2024,XAU-USD_1Minute_BID_2024-07-10_00_00-23_59_Etc_UTC.csv,processed,1380,XAUUSD_5m_BID_2024-07-10.csv,2024-07-10 00:00:00+00:00 to 2024-07-10 23:59:00+00:00
2024-07-11,2024,XAU-USD_1Minute_BID_2024-07-11_00_00-23_59_Etc_UTC.csv,processed,1380,XAUUSD_5m_BID_2024-07-11.csv,2024-07-11 00:00:00+00:00 to 2024-07-11 23:59:00+00:00
2024-07-12,2024,XAU-USD_1Minute_BID_2024-07-12_00_00-23_59_Etc_UTC.csv,processed,1260,XAUUSD_5m_BID_2024-07-12.csv,2024-07-12 00:00:00+00:00 to 2024-07-12 20:59:00+00:00
2024-07-14,2024,XAU-USD_1Minute_BID_2024-07-14_00_00-23_59_Etc_UTC.csv,processed,120,XAUUSD_5m_BID_2024-07-14.csv,2024-07-14 22:00:00+00:00 to 2024-07-14 23:59:00+00:00
2024-07-15,2024,XAU-USD_1Minute_BID_2024-07-15_00_00-23_59_Etc_UTC.csv,processed,1380,XAUUSD_5m_BID_2024-07-15.csv,2024-07-15 00:00:00+00:00 to 2024-07-15 23:59:00+00:00
2024-07-16,2024,XAU-USD_1Minute_BID_2024-07-16_00_00-23_59_Etc_UTC.csv,processed,1380,XAUUSD_5m_BID_2024-07-16.csv,2024-07-16 00:00:00+00:00 to 2024-07-16 23:59:00+00:00
2024-07-17,2024,XAU-USD_1Minute_BID_2024-07-17_00_00-23_59_Etc_UTC.csv,processed,1380,XAUUSD_5m_BID_2024-07-17.csv,2024-07-17 00:00:00+00:00 to 2024-07-17 23:59:00+00:00
2024-07-18,2024,XAU-USD_1Minute_BID_2024-07-18_00_00-23_59_Etc_UTC.csv,processed,1380,XAUUSD_5m_BID_2024-07-18.csv,2024-07-18 00:00:00+00:00 to 2024-07-18 23:59:00+00:00
2024-07-19,2024,XAU-USD_1Minute_BID_2024-07-19_00_00-23_59_Etc_UTC.csv,processed,1260,XAUUSD_5m_BID_2024-07-19.csv,2024-07-19 00:00:00+00:00 to 2024-07-19 20:59:00+00:00
2024-07-21,2024,XAU-USD_1Minute_BID_2024-07-21_00_00-23_59_Etc_UTC.csv,processed,120,XAUUSD_5m_BID_2024-07-21.csv,2024-07-21 22:00:00+00:00 to 2024-07-21 23:59:00+00:00
2024-07-22,2024,XAU-USD_1Minute_BID_2024-07-22_00_00-23_59_Etc_UTC.csv,processed,1380,XAUUSD_5m_BID_2024-07-22.csv,2024-07-22 00:00:00+00:00 to 2024-07-22 23:59:00+00:00
2024-07-23,2024,XAU-USD_1Minute_BID_2024-07-23_00_00-23_59_Etc_UTC.csv,processed,1380,XAUUSD_5m_BID_2024-07-23.csv,2024-07-23 00:00:00+00:00 to 2024-07-23 23:59:00+00:00
2024-07-24,2024,XAU-USD_1Minute_BID_2024-07-24_00_00-23_59_Etc_UTC.csv,processed,1380,XAUUSD_5m_BID_2024-07-24.csv,2024-07-24 00:00:00+00:00 to 2024-07-24 23:59:00+00:00
2024-07-25,2024,XAU-USD_1Minute_BID_2024-07-25_00_00-23_59_Etc_UTC.csv,processed,1380,XAUUSD_5m_BID_2024-07-25.csv,2024-07-25 00:00:00+00:00 to 2024-07-25 23:59:00+00:00
2024-07-26,2024,XAU-USD_1Minute_BID_2024-07-26_00_00-23_59_Etc_UTC.csv,processed,1260,XAUUSD_5m_BID_2024-07-26.csv,2024-07-26 00:00:00+00:00 to 2024-07-26 20:59:00+00:00
2024-07-28,2024,XAU-USD_1Minute_BID_2024-07-28_00_00-23_59_Etc_UTC.csv,processed,120,XAUUSD_5m_BID_2024-07-28.csv,2024-07-28 22:00:00+00:00 to 2024-07-28 23:59:00+00:00
2024-07-29,2024,XAU-USD_1Minute_BID_2024-07-29_00_00-23_59_Etc_UTC.csv,processed,1380,XAUUSD_5m_BID_2024-07-29.csv,2024-07-29 00:00:00+00:00 to 2024-07-29 23:59:00+00:00
2024-07-30,2024,XAU-USD_1Minute_BID_2024-07-30_00_00-23_59_Etc_UTC.csv,processed,1380,XAUUSD_5m_BID_2024-07-30.csv,2024-07-30 00:00:00+00:00 to 2024-07-30 23:59:00+00:00
2024-07-31,2024,XAU-USD_1Minute_BID_2024-07-31_00_00-23_59_Etc_UTC.csv,processed,1380,XAUUSD_5m_BID_2024-07-31.csv,2024-07-31 00:00:00+00:00 to 2024-07-31 23:59:00+00:00
2024-08-01,2024,XAU-USD_1Minute_BID_2024-08-01_00_00-23_59_Etc_UTC.csv,processed,1380,XAUUSD_5m_BID_2024-08-01.csv,2024-08-01 00:00:00+00:00 to 2024-08-01 23:59:00+00:00
2024-08-02,2024,XAU-USD_1Minute_BID_2024-08-02_00_00-23_59_Etc_UTC.csv,processed,1260,XAUUSD_5m_BID_2024-08-02.csv,2024-08-02 00:00:00+00:00 to 2024-08-02 20:59:00+00:00
2024-08-04,2024,XAU-USD_1Minute_BID_2024-08-04_00_00-23_59_Etc_UTC.csv,processed,120,XAUUSD_5m_BID_2024-08-04.csv,2024-08-04 22:00:00+00:00 to 2024-08-04 23:59:00+00:00
2024-08-05,2024,XAU-USD_1Minute_BID_2024-08-05_00_00-23_59_Etc_UTC.csv,processed,1380,XAUUSD_5m_BID_2024-08-05.csv,2024-08-05 00:00:00+00:00 to 2024-08-05 23:59:00+00:00
2024-08-06,2024,XAU-USD_1Minute_BID_2024-08-06_00_00-23_59_Etc_UTC.csv,processed,1380,XAUUSD_5m_BID_2024-08-06.csv,2024-08-06 00:00:00+00:00 to 2024-08-06 23:59:00+00:00
2024-08-07,2024,XAU-USD_1Minute_BID_2024-08-07_00_00-23_59_Etc_UTC.csv,processed,1380,XAUUSD_5m_BID_2024-08-07.csv,2024-08-07 00:00:00+00:00 to 2024-08-07 23:59:00+00:00
2024-08-08,2024,XAU-USD_1Minute_BID_2024-08-08_00_00-23_59_Etc_UTC.csv,processed,1380,XAUUSD_5m_BID_2024-08-08.csv,2024-08-08 00:00:00+00:00 to 2024-08-08 23:59:00+00:00
2024-08-09,2024,XAU-USD_1Minute_BID_2024-08-09_00_00-23_59_Etc_UTC.csv,processed,1260,XAUUSD_5m_BID_2024-08-09.csv,2024-08-09 00:00:00+00:00 to 2024-08-09 20:59:00+00:00
2024-08-11,2024,XAU-USD_1Minute_BID_2024-08-11_00_00-23_59_Etc_UTC.csv,processed,120,XAUUSD_5m_BID_2024-08-11.csv,2024-08-11 22:00:00+00:00 to 2024-08-11 23:59:00+00:00
2024-08-12,2024,XAU-USD_1Minute_BID_2024-08-12_00_00-23_59_Etc_UTC.csv,processed,1380,XAUUSD_5m_BID_2024-08-12.csv,2024-08-12 00:00:00+00:00 to 2024-08-12 23:59:00+00:00
2024-08-13,2024,XAU-USD_1Minute_BID_2024-08-13_00_00-23_59_Etc_UTC.csv,processed,1380,XAUUSD_5m_BID_2024-08-13.csv,2024-08-13 00:00:00+00:00 to 2024-08-13 23:59:00+00:00
2024-08-14,2024,XAU-USD_1Minute_BID_2024-08-14_00_00-23_59_Etc_UTC.csv,processed,1380,XAUUSD_5m_BID_2024-08-14.csv,2024-08-14 00:00:00+00:00 to 2024-08-14 23:59:00+00:00
2024-08-15,2024,XAU-USD_1Minute_BID_2024-08-15_00_00-23_59_Etc_UTC.csv,processed,1380,XAUUSD_5m_BID_2024-08-15.csv,2024-08-15 00:00:00+00:00 to 2024-08-15 23:59:00+00:00
2024-08-16,2024,XAU-USD_1Minute_BID_2024-08-16_00_00-23_59_Etc_UTC.csv,processed,1260,XAUUSD_5m_BID_2024-08-16.csv,2024-08-16 00:00:00+00:00 to 2024-08-16 20:59:00+00:00
2024-08-18,2024,XAU-USD_1Minute_BID_2024-08-18_00_00-23_59_Etc_UTC.csv,processed,120,XAUUSD_5m_BID_2024-08-18.csv,2024-08-18 22:00:00+00:00 to 2024-08-18 23:59:00+00:00
2024-08-19,2024,XAU-USD_1Minute_BID_2024-08-19_00_00-23_59_Etc_UTC.csv,processed,1380,XAUUSD_5m_BID_2024-08-19.csv,2024-08-19 00:00:00+00:00 to 2024-08-19 23:59:00+00:00
2024-08-20,2024,XAU-USD_1Minute_BID_2024-08-20_00_00-23_59_Etc_UTC.csv,processed,1380,XAUUSD_5m_BID_2024-08-20.csv,2024-08-20 00:00:00+00:00 to 2024-08-20 23:59:00+00:00
2024-08-21,2024,XAU-USD_1Minute_BID_2024-08-21_00_00-23_59_Etc_UTC.csv,processed,1380,XAUUSD_5m_BID_2024-08-21.csv,2024-08-21 00:00:00+00:00 to 2024-08-21 23:59:00+00:00
2024-08-22,2024,XAU-USD_1Minute_BID_2024-08-22_00_00-23_59_Etc_UTC.csv,processed,1380,XAUUSD_5m_BID_2024-08-22.csv,2024-08-22 00:00:00+00:00 to 2024-08-22 23:59:00+00:00
2024-08-23,2024,XAU-USD_1Minute_BID_2024-08-23_00_00-23_59_Etc_UTC.csv,processed,1260,XAUUSD_5m_BID_2024-08-23.csv,2024-08-23 00:00:00+00:00 to 2024-08-23 20:59:00+00:00
2024-08-25,2024,XAU-USD_1Minute_BID_2024-08-25_00_00-23_59_Etc_UTC.csv,processed,120,XAUUSD_5m_BID_2024-08-25.csv,2024-08-25 22:00:00+00:00 to 2024-08-25 23:59:00+00:00
2024-08-26,2024,XAU-USD_1Minute_BID_2024-08-26_00_00-23_59_Etc_UTC.csv,processed,1380,XAUUSD_5m_BID_2024-08-26.csv,2024-08-26 00:00:00+00:00 to 2024-08-26 23:59:00+00:00
2024-08-27,2024,XAU-USD_1Minute_BID_2024-08-27_00_00-23_59_Etc_UTC.csv,processed,1380,XAUUSD_5m_BID_2024-08-27.csv,2024-08-27 00:00:00+00:00 to 2024-08-27 23:59:00+00:00
2024-08-28,2024,XAU-USD_1Minute_BID_2024-08-28_00_00-23_59_Etc_UTC.csv,processed,1380,XAUUSD_5m_BID_2024-08-28.csv,2024-08-28 00:00:00+00:00 to 2024-08-28 23:59:00+00:00
2024-08-29,2024,XAU-USD_1Minute_BID_2024-08-29_00_00-23_59_Etc_UTC.csv,processed,1380,XAUUSD_5m_BID_2024-08-29.csv,2024-08-29 00:00:00+00:00 to 2024-08-29 23:59:00+00:00
2024-08-30,2024,XAU-USD_1Minute_BID_2024-08-30_00_00-23_59_Etc_UTC.csv,processed,1260,XAUUSD_5m_BID_2024-08-30.csv,2024-08-30 00:00:00+00:00 to 2024-08-30 20:59:00+00:00
2024-09-01,2024,XAU-USD_1Minute_BID_2024-09-01_00_00-23_59_Etc_UTC.csv,processed,120,XAUUSD_5m_BID_2024-09-01.csv,2024-09-01 22:00:00+00:00 to 2024-09-01 23:59:00+00:00
2024-09-02,2024,XAU-USD_1Minute_BID_2024-09-02_00_00-23_59_Etc_UTC.csv,processed,1227,XAUUSD_5m_BID_2024-09-02.csv,2024-09-02 00:00:00+00:00 to 2024-09-02 23:59:00+00:00
2024-09-03,2024,XAU-USD_1Minute_BID_2024-09-03_00_00-23_59_Etc_UTC.csv,processed,1380,XAUUSD_5m_BID_2024-09-03.csv,2024-09-03 00:00:00+00:00 to 2024-09-03 23:59:00+00:00
2024-09-04,2024,XAU-USD_1Minute_BID_2024-09-04_00_00-23_59_Etc_UTC.csv,processed,1380,XAUUSD_5m_BID_2024-09-04.csv,2024-09-04 00:00:00+00:00 to 2024-09-04 23:59:00+00:00
2024-09-05,2024,XAU-USD_1Minute_BID_2024-09-05_00_00-23_59_Etc_UTC.csv,processed,1380,XAUUSD_5m_BID_2024-09-05.csv,2024-09-05 00:00:00+00:00 to 2024-09-05 23:59:00+00:00
2024-09-06,2024,XAU-USD_1Minute_BID_2024-09-06_00_00-23_59_Etc_UTC.csv,processed,1260,XAUUSD_5m_BID_2024-09-06.csv,2024-09-06 00:00:00+00:00 to 2024-09-06 20:59:00+00:00
2024-09-08,2024,XAU-USD_1Minute_BID_2024-09-08_00_00-23_59_Etc_UTC.csv,processed,120,XAUUSD_5m_BID_2024-09-08.csv,2024-09-08 22:00:00+00:00 to 2024-09-08 23:59:00+00:00
2024-09-09,2024,XAU-USD_1Minute_BID_2024-09-09_00_00-23_59_Etc_UTC.csv,processed,1379,XAUUSD_5m_BID_2024-09-09.csv,2024-09-09 00:00:00+00:00 to 2024-09-09 23:59:00+00:00
2024-09-10,2024,XAU-USD_1Minute_BID_2024-09-10_00_00-23_59_Etc_UTC.csv,processed,1380,XAUUSD_5m_BID_2024-09-10.csv,2024-09-10 00:00:00+00:00 to 2024-09-10 23:59:00+00:00
2024-09-11,2024,XAU-USD_1Minute_BID_2024-09-11_00_00-23_59_Etc_UTC.csv,processed,1380,XAUUSD_5m_BID_2024-09-11.csv,2024-09-11 00:00:00+00:00 to 2024-09-11 23:59:00+00:00
2024-09-12,2024,XAU-USD_1Minute_BID_2024-09-12_00_00-23_59_Etc_UTC.csv,processed,1380,XAUUSD_5m_BID_2024-09-12.csv,2024-09-12 00:00:00+00:00 to 2024-09-12 23:59:00+00:00
2024-09-13,2024,XAU-USD_1Minute_BID_2024-09-13_00_00-23_59_Etc_UTC.csv,processed,1260,XAUUSD_5m_BID_2024-09-13.csv,2024-09-13 00:00:00+00:00 to 2024-09-13 20:59:00+00:00
2024-09-15,2024,XAU-USD_1Minute_BID_2024-09-15_00_00-23_59_Etc_UTC.csv,processed,120,XAUUSD_5m_BID_2024-09-15.csv,2024-09-15 22:00:00+00:00 to 2024-09-15 23:59:00+00:00
2024-09-16,2024,XAU-USD_1Minute_BID_2024-09-16_00_00-23_59_Etc_UTC.csv,processed,1380,XAUUSD_5m_BID_2024-09-16.csv,2024-09-16 00:00:00+00:00 to 2024-09-16 23:59:00+00:00
2024-09-17,2024,XAU-USD_1Minute_BID_2024-09-17_00_00-23_59_Etc_UTC.csv,processed,1380,XAUUSD_5m_BID_2024-09-17.csv,2024-09-17 00:00:00+00:00 to 2024-09-17 23:59:00+00:00
2024-09-18,2024,XAU-USD_1Minute_BID_2024-09-18_00_00-23_59_Etc_UTC.csv,processed,1380,XAUUSD_5m_BID_2024-09-18.csv,2024-09-18 00:00:00+00:00 to 2024-09-18 23:59:00+00:00
2024-09-19,2024,XAU-USD_1Minute_BID_2024-09-19_00_00-23_59_Etc_UTC.csv,processed,1380,XAUUSD_5m_BID_2024-09-19.csv,2024-09-19 00:00:00+00:00 to 2024-09-19 23:59:00+00:00
2024-09-20,2024,XAU-USD_1Minute_BID_2024-09-20_00_00-23_59_Etc_UTC.csv,processed,1260,XAUUSD_5m_BID_2024-09-20.csv,2024-09-20 00:00:00+00:00 to 2024-09-20 20:59:00+00:00
2024-09-22,2024,XAU-USD_1Minute_BID_2024-09-22_00_00-23_59_Etc_UTC.csv,processed,120,XAUUSD_5m_BID_2024-09-22.csv,2024-09-22 22:00:00+00:00 to 2024-09-22 23:59:00+00:00
2024-09-23,2024,XAU-USD_1Minute_BID_2024-09-23_00_00-23_59_Etc_UTC.csv,processed,1379,XAUUSD_5m_BID_2024-09-23.csv,2024-09-23 00:00:00+00:00 to 2024-09-23 23:59:00+00:00
2024-09-24,2024,XAU-USD_1Minute_BID_2024-09-24_00_00-23_59_Etc_UTC.csv,processed,1380,XAUUSD_5m_BID_2024-09-24.csv,2024-09-24 00:00:00+00:00 to 2024-09-24 23:59:00+00:00
2024-09-25,2024,XAU-USD_1Minute_BID_2024-09-25_00_00-23_59_Etc_UTC.csv,processed,1380,XAUUSD_5m_BID_2024-09-25.csv,2024-09-25 00:00:00+00:00 to 2024-09-25 23:59:00+00:00
2024-09-26,2024,XAU-USD_1Minute_BID_2024-09-26_00_00-23_59_Etc_UTC.csv,processed,1380,XAUUSD_5m_BID_2024-09-26.csv,2024-09-26 00:00:00+00:00 to 2024-09-26 23:59:00+00:00
2024-09-27,2024,XAU-USD_1Minute_BID_2024-09-27_00_00-23_59_Etc_UTC.csv,processed,1260,XAUUSD_5m_BID_2024-09-27.csv,2024-09-27 00:00:00+00:00 to 2024-09-27 20:59:00+00:00
2024-09-29,2024,XAU-USD_1Minute_BID_2024-09-29_00_00-23_59_Etc_UTC.csv,processed,120,XAUUSD_5m_BID_2024-09-29.csv,2024-09-29 22:00:00+00:00 to 2024-09-29 23:59:00+00:00
2024-09-30,2024,XAU-USD_1Minute_BID_2024-09-30_00_00-23_59_Etc_UTC.csv,processed,1380,XAUUSD_5m_BID_2024-09-30.csv,2024-09-30 00:00:00+00:00 to 2024-09-30 23:59:00+00:00
2024-10-01,2024,XAU-USD_1Minute_BID_2024-10-01_00_00-23_59_Etc_UTC.csv,processed,1380,XAUUSD_5m_BID_2024-10-01.csv,2024-10-01 00:00:00+00:00 to 2024-10-01 23:59:00+00:00
2024-10-02,2024,XAU-USD_1Minute_BID_2024-10-02_00_00-23_59_Etc_UTC.csv,processed,1380,XAUUSD_5m_BID_2024-10-02.csv,2024-10-02 00:00:00+00:00 to 2024-10-02 23:59:00+00:00
2024-10-03,2024,XAU-USD_1Minute_BID_2024-10-03_00_00-23_59_Etc_UTC.csv,processed,1380,XAUUSD_5m_BID_2024-10-03.csv,2024-10-03 00:00:00+00:00 to 2024-10-03 23:59:00+00:00
2024-10-04,2024,XAU-USD_1Minute_BID_2024-10-04_00_00-23_59_Etc_UTC.csv,processed,1260,XAUUSD_5m_BID_2024-10-04.csv,2024-10-04 00:00:00+00:00 to 2024-10-04 20:59:00+00:00
2024-10-06,2024,XAU-USD_1Minute_BID_2024-10-06_00_00-23_59_Etc_UTC.csv,processed,120,XAUUSD_5m_BID_2024-10-06.csv,2024-10-06 22:00:00+00:00 to 2024-10-06 23:59:00+00:00
2024-10-07,2024,XAU-USD_1Minute_BID_2024-10-07_00_00-23_59_Etc_UTC.csv,processed,1380,XAUUSD_5m_BID_2024-10-07.csv,2024-10-07 00:00:00+00:00 to 2024-10-07 23:59:00+00:00
2024-10-08,2024,XAU-USD_1Minute_BID_2024-10-08_00_00-23_59_Etc_UTC.csv,processed,1379,XAUUSD_5m_BID_2024-10-08.csv,2024-10-08 00:00:00+00:00 to 2024-10-08 23:59:00+00:00
2024-10-09,2024,XAU-USD_1Minute_BID_2024-10-09_00_00-23_59_Etc_UTC.csv,processed,1326,XAUUSD_5m_BID_2024-10-09.csv,2024-10-09 00:00:00+00:00 to 2024-10-09 23:05:00+00:00
2024-10-10,2024,XAU-USD_1Minute_BID_2024-10-10_00_00-23_59_Etc_UTC.csv,processed,1369,XAUUSD_5m_BID_2024-10-10.csv,2024-10-10 00:11:00+00:00 to 2024-10-10 23:59:00+00:00
2024-10-11,2024,XAU-USD_1Minute_BID_2024-10-11_00_00-23_59_Etc_UTC.csv,processed,1260,XAUUSD_5m_BID_2024-10-11.csv,2024-10-11 00:00:00+00:00 to 2024-10-11 20:59:00+00:00
2024-10-13,2024,XAU-USD_1Minute_BID_2024-10-13_00_00-23_59_Etc_UTC.csv,processed,120,XAUUSD_5m_BID_2024-10-13.csv,2024-10-13 22:00:00+00:00 to 2024-10-13 23:59:00+00:00
2024-10-14,2024,XAU-USD_1Minute_BID_2024-10-14_00_00-23_59_Etc_UTC.csv,processed,1379,XAUUSD_5m_BID_2024-10-14.csv,2024-10-14 00:00:00+00:00 to 2024-10-14 23:59:00+00:00
2024-10-15,2024,XAU-USD_1Minute_BID_2024-10-15_00_00-23_59_Etc_UTC.csv,processed,1379,XAUUSD_5m_BID_2024-10-15.csv,2024-10-15 00:00:00+00:00 to 2024-10-15 23:59:00+00:00
2024-10-16,2024,XAU-USD_1Minute_BID_2024-10-16_00_00-23_59_Etc_UTC.csv,processed,1380,XAUUSD_5m_BID_2024-10-16.csv,2024-10-16 00:00:00+00:00 to 2024-10-16 23:59:00+00:00
2024-10-17,2024,XAU-USD_1Minute_BID_2024-10-17_00_00-23_59_Etc_UTC.csv,processed,1380,XAUUSD_5m_BID_2024-10-17.csv,2024-10-17 00:00:00+00:00 to 2024-10-17 23:59:00+00:00
2024-10-18,2024,XAU-USD_1Minute_BID_2024-10-18_00_00-23_59_Etc_UTC.csv,processed,1260,XAUUSD_5m_BID_2024-10-18.csv,2024-10-18 00:00:00+00:00 to 2024-10-18 20:59:00+00:00
2024-10-20,2024,XAU-USD_1Minute_BID_2024-10-20_00_00-23_59_Etc_UTC.csv,processed,120,XAUUSD_5m_BID_2024-10-20.csv,2024-10-20 22:00:00+00:00 to 2024-10-20 23:59:00+00:00
2024-10-21,2024,XAU-USD_1Minute_BID_2024-10-21_00_00-23_59_Etc_UTC.csv,processed,1380,XAUUSD_5m_BID_2024-10-21.csv,2024-10-21 00:00:00+00:00 to 2024-10-21 23:59:00+00:00
2024-10-22,2024,XAU-USD_1Minute_BID_2024-10-22_00_00-23_59_Etc_UTC.csv,processed,1379,XAUUSD_5m_BID_2024-10-22.csv,2024-10-22 00:00:00+00:00 to 2024-10-22 23:59:00+00:00
2024-10-23,2024,XAU-USD_1Minute_BID_2024-10-23_00_00-23_59_Etc_UTC.csv,processed,1380,XAUUSD_5m_BID_2024-10-23.csv,2024-10-23 00:00:00+00:00 to 2024-10-23 23:59:00+00:00
2024-10-24,2024,XAU-USD_1Minute_BID_2024-10-24_00_00-23_59_Etc_UTC.csv,processed,1380,XAUUSD_5m_BID_2024-10-24.csv,2024-10-24 00:00:00+00:00 to 2024-10-24 23:59:00+00:00
2024-10-25,2024,XAU-USD_1Minute_BID_2024-10-25_00_00-23_59_Etc_UTC.csv,processed,1260,XAUUSD_5m_BID_2024-10-25.csv,2024-10-25 00:00:00+00:00 to 2024-10-25 20:59:00+00:00
2024-10-27,2024,XAU-USD_1Minute_BID_2024-10-27_00_00-23_59_Etc_UTC.csv,processed,120,XAUUSD_5m_BID_2024-10-27.csv,2024-10-27 22:00:00+00:00 to 2024-10-27 23:59:00+00:00
2024-10-28,2024,XAU-USD_1Minute_BID_2024-10-28_00_00-23_59_Etc_UTC.csv,processed,1380,XAUUSD_5m_BID_2024-10-28.csv,2024-10-28 00:00:00+00:00 to 2024-10-28 23:59:00+00:00
2024-10-29,2024,XAU-USD_1Minute_BID_2024-10-29_00_00-23_59_Etc_UTC.csv,processed,1380,XAUUSD_5m_BID_2024-10-29.csv,2024-10-29 00:00:00+00:00 to 2024-10-29 23:59:00+00:00
2024-10-30,2024,XAU-USD_1Minute_BID_2024-10-30_00_00-23_59_Etc_UTC.csv,processed,1380,XAUUSD_5m_BID_2024-10-30.csv,2024-10-30 00:00:00+00:00 to 2024-10-30 23:59:00+00:00
2024-10-31,2024,XAU-USD_1Minute_BID_2024-10-31_00_00-23_59_Etc_UTC.csv,processed,1380,XAUUSD_5m_BID_2024-10-31.csv,2024-10-31 00:00:00+00:00 to 2024-10-31 23:59:00+00:00
2024-11-01,2024,XAU-USD_1Minute_BID_2024-11-01_00_00-23_59_Etc_UTC.csv,processed,1260,XAUUSD_5m_BID_2024-11-01.csv,2024-11-01 00:00:00+00:00 to 2024-11-01 20:59:00+00:00
2024-11-03,2024,XAU-USD_1Minute_BID_2024-11-03_00_00-23_59_Etc_UTC.csv,processed,60,XAUUSD_5m_BID_2024-11-03.csv,2024-11-03 23:00:00+00:00 to 2024-11-03 23:59:00+00:00
2024-11-04,2024,XAU-USD_1Minute_BID_2024-11-04_00_00-23_59_Etc_UTC.csv,processed,1380,XAUUSD_5m_BID_2024-11-04.csv,2024-11-04 00:00:00+00:00 to 2024-11-04 23:59:00+00:00
2024-11-05,2024,XAU-USD_1Minute_BID_2024-11-05_00_00-23_59_Etc_UTC.csv,processed,1380,XAUUSD_5m_BID_2024-11-05.csv,2024-11-05 00:00:00+00:00 to 2024-11-05 23:59:00+00:00
2024-11-06,2024,XAU-USD_1Minute_BID_2024-11-06_00_00-23_59_Etc_UTC.csv,processed,1380,XAUUSD_5m_BID_2024-11-06.csv,2024-11-06 00:00:00+00:00 to 2024-11-06 23:59:00+00:00
2024-11-07,2024,XAU-USD_1Minute_BID_2024-11-07_00_00-23_59_Etc_UTC.csv,processed,1380,XAUUSD_5m_BID_2024-11-07.csv,2024-11-07 00:00:00+00:00 to 2024-11-07 23:59:00+00:00
2024-11-08,2024,XAU-USD_1Minute_BID_2024-11-08_00_00-23_59_Etc_UTC.csv,processed,1320,XAUUSD_5m_BID_2024-11-08.csv,2024-11-08 00:00:00+00:00 to 2024-11-08 21:59:00+00:00
2024-11-10,2024,XAU-USD_1Minute_BID_2024-11-10_00_00-23_59_Etc_UTC.csv,processed,60,XAUUSD_5m_BID_2024-11-10.csv,2024-11-10 23:00:00+00:00 to 2024-11-10 23:59:00+00:00
2024-11-11,2024,XAU-USD_1Minute_BID_2024-11-11_00_00-23_59_Etc_UTC.csv,processed,1380,XAUUSD_5m_BID_2024-11-11.csv,2024-11-11 00:00:00+00:00 to 2024-11-11 23:59:00+00:00
2024-11-12,2024,XAU-USD_1Minute_BID_2024-11-12_00_00-23_59_Etc_UTC.csv,processed,1380,XAUUSD_5m_BID_2024-11-12.csv,2024-11-12 00:00:00+00:00 to 2024-11-12 23:59:00+00:00
2024-11-13,2024,XAU-USD_1Minute_BID_2024-11-13_00_00-23_59_Etc_UTC.csv,processed,1380,XAUUSD_5m_BID_2024-11-13.csv,2024-11-13 00:00:00+00:00 to 2024-11-13 23:59:00+00:00
2024-11-14,2024,XAU-USD_1Minute_BID_2024-11-14_00_00-23_59_Etc_UTC.csv,processed,1380,XAUUSD_5m_BID_2024-11-14.csv,2024-11-14 00:00:00+00:00 to 2024-11-14 23:59:00+00:00
2024-11-15,2024,XAU-USD_1Minute_BID_2024-11-15_00_00-23_59_Etc_UTC.csv,processed,1320,XAUUSD_5m_BID_2024-11-15.csv,2024-11-15 00:00:00+00:00 to 2024-11-15 21:59:00+00:00
2024-11-17,2024,XAU-USD_1Minute_BID_2024-11-17_00_00-23_59_Etc_UTC.csv,processed,60,XAUUSD_5m_BID_2024-11-17.csv,2024-11-17 23:00:00+00:00 to 2024-11-17 23:59:00+00:00
2024-11-18,2024,XAU-USD_1Minute_BID_2024-11-18_00_00-23_59_Etc_UTC.csv,processed,1380,XAUUSD_5m_BID_2024-11-18.csv,2024-11-18 00:00:00+00:00 to 2024-11-18 23:59:00+00:00
2024-11-19,2024,XAU-USD_1Minute_BID_2024-11-19_00_00-23_59_Etc_UTC.csv,processed,1380,XAUUSD_5m_BID_2024-11-19.csv,2024-11-19 00:00:00+00:00 to 2024-11-19 23:59:00+00:00
2024-11-20,2024,XAU-USD_1Minute_BID_2024-11-20_00_00-23_59_Etc_UTC.csv,processed,1380,XAUUSD_5m_BID_2024-11-20.csv,2024-11-20 00:00:00+00:00 to 2024-11-20 23:59:00+00:00
2024-11-21,2024,XAU-USD_1Minute_BID_2024-11-21_00_00-23_59_Etc_UTC.csv,processed,1380,XAUUSD_5m_BID_2024-11-21.csv,2024-11-21 00:00:00+00:00 to 2024-11-21 23:59:00+00:00
2024-11-22,2024,XAU-USD_1Minute_BID_2024-11-22_00_00-23_59_Etc_UTC.csv,processed,1320,XAUUSD_5m_BID_2024-11-22.csv,2024-11-22 00:00:00+00:00 to 2024-11-22 21:59:00+00:00
2024-11-24,2024,XAU-USD_1Minute_BID_2024-11-24_00_00-23_59_Etc_UTC.csv,processed,60,XAUUSD_5m_BID_2024-11-24.csv,2024-11-24 23:00:00+00:00 to 2024-11-24 23:59:00+00:00
2024-11-25,2024,XAU-USD_1Minute_BID_2024-11-25_00_00-23_59_Etc_UTC.csv,processed,1380,XAUUSD_5m_BID_2024-11-25.csv,2024-11-25 00:00:00+00:00 to 2024-11-25 23:59:00+00:00
2024-11-26,2024,XAU-USD_1Minute_BID_2024-11-26_00_00-23_59_Etc_UTC.csv,processed,1379,XAUUSD_5m_BID_2024-11-26.csv,2024-11-26 00:00:00+00:00 to 2024-11-26 23:59:00+00:00
2024-11-27,2024,XAU-USD_1Minute_BID_2024-11-27_00_00-23_59_Etc_UTC.csv,processed,1380,XAUUSD_5m_BID_2024-11-27.csv,2024-11-27 00:00:00+00:00 to 2024-11-27 23:59:00+00:00
2024-11-28,2024,XAU-USD_1Minute_BID_2024-11-28_00_00-23_59_Etc_UTC.csv,processed,1229,XAUUSD_5m_BID_2024-11-28.csv,2024-11-28 00:00:00+00:00 to 2024-11-28 23:59:00+00:00
2024-11-29,2024,XAU-USD_1Minute_BID_2024-11-29_00_00-23_59_Etc_UTC.csv,processed,1184,XAUUSD_5m_BID_2024-11-29.csv,2024-11-29 00:00:00+00:00 to 2024-11-29 19:43:00+00:00
2024-12-01,2024,XAU-USD_1Minute_BID_2024-12-01_00_00-23_59_Etc_UTC.csv,processed,60,XAUUSD_5m_BID_2024-12-01.csv,2024-12-01 23:00:00+00:00 to 2024-12-01 23:59:00+00:00
2024-12-02,2024,XAU-USD_1Minute_BID_2024-12-02_00_00-23_59_Etc_UTC.csv,processed,1380,XAUUSD_5m_BID_2024-12-02.csv,2024-12-02 00:00:00+00:00 to 2024-12-02 23:59:00+00:00
2024-12-03,2024,XAU-USD_1Minute_BID_2024-12-03_00_00-23_59_Etc_UTC.csv,processed,1380,XAUUSD_5m_BID_2024-12-03.csv,2024-12-03 00:00:00+00:00 to 2024-12-03 23:59:00+00:00
2024-12-04,2024,XAU-USD_1Minute_BID_2024-12-04_00_00-23_59_Etc_UTC.csv,processed,1380,XAUUSD_5m_BID_2024-12-04.csv,2024-12-04 00:00:00+00:00 to 2024-12-04 23:59:00+00:00
2024-12-05,2024,XAU-USD_1Minute_BID_2024-12-05_00_00-23_59_Etc_UTC.csv,processed,1380,XAUUSD_5m_BID_2024-12-05.csv,2024-12-05 00:00:00+00:00 to 2024-12-05 23:59:00+00:00
2024-12-06,2024,XAU-USD_1Minute_BID_2024-12-06_00_00-23_59_Etc_UTC.csv,processed,1320,XAUUSD_5m_BID_2024-12-06.csv,2024-12-06 00:00:00+00:00 to 2024-12-06 21:59:00+00:00
2024-12-08,2024,XAU-USD_1Minute_BID_2024-12-08_00_00-23_59_Etc_UTC.csv,processed,60,XAUUSD_5m_BID_2024-12-08.csv,2024-12-08 23:00:00+00:00 to 2024-12-08 23:59:00+00:00
2024-12-09,2024,XAU-USD_1Minute_BID_2024-12-09_00_00-23_59_Etc_UTC.csv,processed,1380,XAUUSD_5m_BID_2024-12-09.csv,2024-12-09 00:00:00+00:00 to 2024-12-09 23:59:00+00:00
2024-12-10,2024,XAU-USD_1Minute_BID_2024-12-10_00_00-23_59_Etc_UTC.csv,processed,1380,XAUUSD_5m_BID_2024-12-10.csv,2024-12-10 00:00:00+00:00 to 2024-12-10 23:59:00+00:00
2024-12-11,2024,XAU-USD_1Minute_BID_2024-12-11_00_00-23_59_Etc_UTC.csv,processed,1377,XAUUSD_5m_BID_2024-12-11.csv,2024-12-11 00:00:00+00:00 to 2024-12-11 23:58:00+00:00
2024-12-12,2024,XAU-USD_1Minute_BID_2024-12-12_00_00-23_59_Etc_UTC.csv,processed,1369,XAUUSD_5m_BID_2024-12-12.csv,2024-12-12 00:03:00+00:00 to 2024-12-12 23:59:00+00:00
2024-12-13,2024,XAU-USD_1Minute_BID_2024-12-13_00_00-23_59_Etc_UTC.csv,processed,1320,XAUUSD_5m_BID_2024-12-13.csv,2024-12-13 00:00:00+00:00 to 2024-12-13 21:59:00+00:00
2024-12-15,2024,XAU-USD_1Minute_BID_2024-12-15_00_00-23_59_Etc_UTC.csv,processed,60,XAUUSD_5m_BID_2024-12-15.csv,2024-12-15 23:00:00+00:00 to 2024-12-15 23:59:00+00:00
2024-12-16,2024,XAU-USD_1Minute_BID_2024-12-16_00_00-23_59_Etc_UTC.csv,processed,1380,XAUUSD_5m_BID_2024-12-16.csv,2024-12-16 00:00:00+00:00 to 2024-12-16 23:59:00+00:00
2024-12-17,2024,XAU-USD_1Minute_BID_2024-12-17_00_00-23_59_Etc_UTC.csv,processed,1380,XAUUSD_5m_BID_2024-12-17.csv,2024-12-17 00:00:00+00:00 to 2024-12-17 23:59:00+00:00
2024-12-18,2024,XAU-USD_1Minute_BID_2024-12-18_00_00-23_59_Etc_UTC.csv,processed,1380,XAUUSD_5m_BID_2024-12-18.csv,2024-12-18 00:00:00+00:00 to 2024-12-18 23:59:00+00:00
2024-12-19,2024,XAU-USD_1Minute_BID_2024-12-19_00_00-23_59_Etc_UTC.csv,processed,1380,XAUUSD_5m_BID_2024-12-19.csv,2024-12-19 00:00:00+00:00 to 2024-12-19 23:59:00+00:00
2024-12-20,2024,XAU-USD_1Minute_BID_2024-12-20_00_00-23_59_Etc_UTC.csv,processed,1320,XAUUSD_5m_BID_2024-12-20.csv,2024-12-20 00:00:00+00:00 to 2024-12-20 21:59:00+00:00
2024-12-22,2024,XAU-USD_1Minute_BID_2024-12-22_00_00-23_59_Etc_UTC.csv,processed,59,XAUUSD_5m_BID_2024-12-22.csv,2024-12-22 23:01:00+00:00 to 2024-12-22 23:59:00+00:00
2024-12-23,2024,XAU-USD_1Minute_BID_2024-12-23_00_00-23_59_Etc_UTC.csv,processed,1380,XAUUSD_5m_BID_2024-12-23.csv,2024-12-23 00:00:00+00:00 to 2024-12-23 23:59:00+00:00
2024-12-24,2024,XAU-USD_1Minute_BID_2024-12-24_00_00-23_59_Etc_UTC.csv,processed,1124,XAUUSD_5m_BID_2024-12-24.csv,2024-12-24 00:00:00+00:00 to 2024-12-24 18:43:00+00:00
2024-12-25,2024,XAU-USD_1Minute_BID_2024-12-25_00_00-23_59_Etc_UTC.csv,processed,60,XAUUSD_5m_BID_2024-12-25.csv,2024-12-25 23:00:00+00:00 to 2024-12-25 23:59:00+00:00
2024-12-26,2024,XAU-USD_1Minute_BID_2024-12-26_00_00-23_59_Etc_UTC.csv,processed,1375,XAUUSD_5m_BID_2024-12-26.csv,2024-12-26 00:00:00+00:00 to 2024-12-26 23:59:00+00:00
2024-12-27,2024,XAU-USD_1Minute_BID_2024-12-27_00_00-23_59_Etc_UTC.csv,processed,1320,XAUUSD_5m_BID_2024-12-27.csv,2024-12-27 00:00:00+00:00 to 2024-12-27 21:59:00+00:00
2024-12-29,2024,XAU-USD_1Minute_BID_2024-12-29_00_00-23_59_Etc_UTC.csv,processed,60,XAUUSD_5m_BID_2024-12-29.csv,2024-12-29 23:00:00+00:00 to 2024-12-29 23:59:00+00:00
2024-12-30,2024,XAU-USD_1Minute_BID_2024-12-30_00_00-23_59_Etc_UTC.csv,processed,1380,XAUUSD_5m_BID_2024-12-30.csv,2024-12-30 00:00:00+00:00 to 2024-12-30 23:59:00+00:00
2024-12-31,2024,XAU-USD_1Minute_BID_2024-12-31_00_00-23_59_Etc_UTC.csv,processed,1319,XAUUSD_5m_BID_2024-12-31.csv,2024-12-31 00:00:00+00:00 to 2024-12-31 21:58:00+00:00
2025-01-01,2025,XAU-USD_1Minute_BID_2025-01-01_00_00-23_59_Etc_UTC.csv,processed,60,XAUUSD_5m_BID_2025-01-01.csv,2025-01-01 23:00:00+00:00 to 2025-01-01 23:59:00+00:00
2025-01-02,2025,XAU-USD_1Minute_BID_2025-01-02_00_00-23_59_Etc_UTC.csv,processed,1380,XAUUSD_5m_BID_2025-01-02.csv,2025-01-02 00:00:00+00:00 to 2025-01-02 23:59:00+00:00
2025-01-03,2025,XAU-USD_1Minute_BID_2025-01-03_00_00-23_59_Etc_UTC.csv,processed,1320,XAUUSD_5m_BID_2025-01-03.csv,2025-01-03 00:00:00+00:00 to 2025-01-03 21:59:00+00:00
2025-01-05,2025,XAU-USD_1Minute_BID_2025-01-05_00_00-23_59_Etc_UTC.csv,processed,60,XAUUSD_5m_BID_2025-01-05.csv,2025-01-05 23:00:00+00:00 to 2025-01-05 23:59:00+00:00
2025-01-06,2025,XAU-USD_1Minute_BID_2025-01-06_00_00-23_59_Etc_UTC.csv,processed,1380,XAUUSD_5m_BID_2025-01-06.csv,2025-01-06 00:00:00+00:00 to 2025-01-06 23:59:00+00:00
2025-01-07,2025,XAU-USD_1Minute_BID_2025-01-07_00_00-23_59_Etc_UTC.csv,processed,1380,XAUUSD_5m_BID_2025-01-07.csv,2025-01-07 00:00:00+00:00 to 2025-01-07 23:59:00+00:00
2025-01-08,2025,XAU-USD_1Minute_BID_2025-01-08_00_00-23_59_Etc_UTC.csv,processed,1380,XAUUSD_5m_BID_2025-01-08.csv,2025-01-08 00:00:00+00:00 to 2025-01-08 23:59:00+00:00
2025-01-09,2025,XAU-USD_1Minute_BID_2025-01-09_00_00-23_59_Etc_UTC.csv,processed,1380,XAUUSD_5m_BID_2025-01-09.csv,2025-01-09 00:00:00+00:00 to 2025-01-09 23:59:00+00:00
2025-01-10,2025,XAU-USD_1Minute_BID_2025-01-10_00_00-23_59_Etc_UTC.csv,processed,1320,XAUUSD_5m_BID_2025-01-10.csv,2025-01-10 00:00:00+00:00 to 2025-01-10 21:59:00+00:00
2025-01-12,2025,XAU-USD_1Minute_BID_2025-01-12_00_00-23_59_Etc_UTC.csv,processed,59,XAUUSD_5m_BID_2025-01-12.csv,2025-01-12 23:00:00+00:00 to 2025-01-12 23:59:00+00:00
2025-01-13,2025,XAU-USD_1Minute_BID_2025-01-13_00_00-23_59_Etc_UTC.csv,processed,1380,XAUUSD_5m_BID_2025-01-13.csv,2025-01-13 00:00:00+00:00 to 2025-01-13 23:59:00+00:00
2025-01-14,2025,XAU-USD_1Minute_BID_2025-01-14_00_00-23_59_Etc_UTC.csv,processed,1380,XAUUSD_5m_BID_2025-01-14.csv,2025-01-14 00:00:00+00:00 to 2025-01-14 23:59:00+00:00
2025-01-15,2025,XAU-USD_1Minute_BID_2025-01-15_00_00-23_59_Etc_UTC.csv,processed,1377,XAUUSD_5m_BID_2025-01-15.csv,2025-01-15 00:00:00+00:00 to 2025-01-15 23:59:00+00:00
2025-01-16,2025,XAU-USD_1Minute_BID_2025-01-16_00_00-23_59_Etc_UTC.csv,processed,1380,XAUUSD_5m_BID_2025-01-16.csv,2025-01-16 00:00:00+00:00 to 2025-01-16 23:59:00+00:00
2025-01-17,2025,XAU-USD_1Minute_BID_2025-01-17_00_00-23_59_Etc_UTC.csv,processed,1320,XAUUSD_5m_BID_2025-01-17.csv,2025-01-17 00:00:00+00:00 to 2025-01-17 21:59:00+00:00
2025-01-19,2025,XAU-USD_1Minute_BID_2025-01-19_00_00-23_59_Etc_UTC.csv,processed,55,XAUUSD_5m_BID_2025-01-19.csv,2025-01-19 23:05:00+00:00 to 2025-01-19 23:59:00+00:00
2025-01-20,2025,XAU-USD_1Minute_BID_2025-01-20_00_00-23_59_Etc_UTC.csv,processed,1229,XAUUSD_5m_BID_2025-01-20.csv,2025-01-20 00:00:00+00:00 to 2025-01-20 23:59:00+00:00
2025-01-21,2025,XAU-USD_1Minute_BID_2025-01-21_00_00-23_59_Etc_UTC.csv,processed,1380,XAUUSD_5m_BID_2025-01-21.csv,2025-01-21 00:00:00+00:00 to 2025-01-21 23:59:00+00:00
2025-01-22,2025,XAU-USD_1Minute_BID_2025-01-22_00_00-23_59_Etc_UTC.csv,processed,1380,XAUUSD_5m_BID_2025-01-22.csv,2025-01-22 00:00:00+00:00 to 2025-01-22 23:59:00+00:00
2025-01-23,2025,XAU-USD_1Minute_BID_2025-01-23_00_00-23_59_Etc_UTC.csv,processed,1380,XAUUSD_5m_BID_2025-01-23.csv,2025-01-23 00:00:00+00:00 to 2025-01-23 23:59:00+00:00
2025-01-24,2025,XAU-USD_1Minute_BID_2025-01-24_00_00-23_59_Etc_UTC.csv,processed,1320,XAUUSD_5m_BID_2025-01-24.csv,2025-01-24 00:00:00+00:00 to 2025-01-24 21:59:00+00:00
2025-01-26,2025,XAU-USD_1Minute_BID_2025-01-26_00_00-23_59_Etc_UTC.csv,processed,60,XAUUSD_5m_BID_2025-01-26.csv,2025-01-26 23:00:00+00:00 to 2025-01-26 23:59:00+00:00
2025-01-27,2025,XAU-USD_1Minute_BID_2025-01-27_00_00-23_59_Etc_UTC.csv,processed,1380,XAUUSD_5m_BID_2025-01-27.csv,2025-01-27 00:00:00+00:00 to 2025-01-27 23:59:00+00:00
2025-01-28,2025,XAU-USD_1Minute_BID_2025-01-28_00_00-23_59_Etc_UTC.csv,processed,1380,XAUUSD_5m_BID_2025-01-28.csv,2025-01-28 00:00:00+00:00 to 2025-01-28 23:59:00+00:00
2025-01-29,2025,XAU-USD_1Minute_BID_2025-01-29_00_00-23_59_Etc_UTC.csv,processed,1380,XAUUSD_5m_BID_2025-01-29.csv,2025-01-29 00:00:00+00:00 to 2025-01-29 23:59:00+00:00
2025-01-30,2025,XAU-USD_1Minute_BID_2025-01-30_00_00-23_59_Etc_UTC.csv,processed,1377,XAUUSD_5m_BID_2025-01-30.csv,2025-01-30 00:00:00+00:00 to 2025-01-30 23:59:00+00:00
2025-01-31,2025,XAU-USD_1Minute_BID_2025-01-31_00_00-23_59_Etc_UTC.csv,processed,1320,XAUUSD_5m_BID_2025-01-31.csv,2025-01-31 00:00:00+00:00 to 2025-01-31 21:59:00+00:00
2025-02-02,2025,XAU-USD_1Minute_BID_2025-02-02_00_00-23_59_Etc_UTC.csv,processed,57,XAUUSD_5m_BID_2025-02-02.csv,2025-02-02 23:03:00+00:00 to 2025-02-02 23:59:00+00:00
2025-02-03,2025,XAU-USD_1Minute_BID_2025-02-03_00_00-23_59_Etc_UTC.csv,processed,1378,XAUUSD_5m_BID_2025-02-03.csv,2025-02-03 00:00:00+00:00 to 2025-02-03 23:59:00+00:00
2025-02-04,2025,XAU-USD_1Minute_BID_2025-02-04_00_00-23_59_Etc_UTC.csv,processed,1380,XAUUSD_5m_BID_2025-02-04.csv,2025-02-04 00:00:00+00:00 to 2025-02-04 23:59:00+00:00
2025-02-05,2025,XAU-USD_1Minute_BID_2025-02-05_00_00-23_59_Etc_UTC.csv,processed,1380,XAUUSD_5m_BID_2025-02-05.csv,2025-02-05 00:00:00+00:00 to 2025-02-05 23:59:00+00:00
2025-02-06,2025,XAU-USD_1Minute_BID_2025-02-06_00_00-23_59_Etc_UTC.csv,processed,1380,XAUUSD_5m_BID_2025-02-06.csv,2025-02-06 00:00:00+00:00 to 2025-02-06 23:59:00+00:00
2025-02-07,2025,XAU-USD_1Minute_BID_2025-02-07_00_00-23_59_Etc_UTC.csv,processed,1320,XAUUSD_5m_BID_2025-02-07.csv,2025-02-07 00:00:00+00:00 to 2025-02-07 21:59:00+00:00
2025-02-09,2025,XAU-USD_1Minute_BID_2025-02-09_00_00-23_59_Etc_UTC.csv,processed,60,XAUUSD_5m_BID_2025-02-09.csv,2025-02-09 23:00:00+00:00 to 2025-02-09 23:59:00+00:00
2025-02-10,2025,XAU-USD_1Minute_BID_2025-02-10_00_00-23_59_Etc_UTC.csv,processed,1380,XAUUSD_5m_BID_2025-02-10.csv,2025-02-10 00:00:00+00:00 to 2025-02-10 23:59:00+00:00
2025-02-11,2025,XAU-USD_1Minute_BID_2025-02-11_00_00-23_59_Etc_UTC.csv,processed,1380,XAUUSD_5m_BID_2025-02-11.csv,2025-02-11 00:00:00+00:00 to 2025-02-11 23:59:00+00:00
2025-02-12,2025,XAU-USD_1Minute_BID_2025-02-12_00_00-23_59_Etc_UTC.csv,processed,1380,XAUUSD_5m_BID_2025-02-12.csv,2025-02-12 00:00:00+00:00 to 2025-02-12 23:59:00+00:00
2025-02-13,2025,XAU-USD_1Minute_BID_2025-02-13_00_00-23_59_Etc_UTC.csv,processed,1380,XAUUSD_5m_BID_2025-02-13.csv,2025-02-13 00:00:00+00:00 to 2025-02-13 23:59:00+00:00
2025-02-14,2025,XAU-USD_1Minute_BID_2025-02-14_00_00-23_59_Etc_UTC.csv,processed,1320,XAUUSD_5m_BID_2025-02-14.csv,2025-02-14 00:00:00+00:00 to 2025-02-14 21:59:00+00:00
2025-02-16,2025,XAU-USD_1Minute_BID_2025-02-16_00_00-23_59_Etc_UTC.csv,processed,60,XAUUSD_5m_BID_2025-02-16.csv,2025-02-16 23:00:00+00:00 to 2025-02-16 23:59:00+00:00
2025-02-17,2025,XAU-USD_1Minute_BID_2025-02-17_00_00-23_59_Etc_UTC.csv,processed,1228,XAUUSD_5m_BID_2025-02-17.csv,2025-02-17 00:00:00+00:00 to 2025-02-17 23:59:00+00:00
2025-02-18,2025,XAU-USD_1Minute_BID_2025-02-18_00_00-23_59_Etc_UTC.csv,processed,1379,XAUUSD_5m_BID_2025-02-18.csv,2025-02-18 00:00:00+00:00 to 2025-02-18 23:59:00+00:00
2025-02-19,2025,XAU-USD_1Minute_BID_2025-02-19_00_00-23_59_Etc_UTC.csv,processed,1380,XAUUSD_5m_BID_2025-02-19.csv,2025-02-19 00:00:00+00:00 to 2025-02-19 23:59:00+00:00
2025-02-20,2025,XAU-USD_1Minute_BID_2025-02-20_00_00-23_59_Etc_UTC.csv,processed,1380,XAUUSD_5m_BID_2025-02-20.csv,2025-02-20 00:00:00+00:00 to 2025-02-20 23:59:00+00:00
2025-02-21,2025,XAU-USD_1Minute_BID_2025-02-21_00_00-23_59_Etc_UTC.csv,processed,1318,XAUUSD_5m_BID_2025-02-21.csv,2025-02-21 00:00:00+00:00 to 2025-02-21 21:59:00+00:00
2025-02-23,2025,XAU-USD_1Minute_BID_2025-02-23_00_00-23_59_Etc_UTC.csv,processed,60,XAUUSD_5m_BID_2025-02-23.csv,2025-02-23 23:00:00+00:00 to 2025-02-23 23:59:00+00:00
2025-02-24,2025,XAU-USD_1Minute_BID_2025-02-24_00_00-23_59_Etc_UTC.csv,processed,1380,XAUUSD_5m_BID_2025-02-24.csv,2025-02-24 00:00:00+00:00 to 2025-02-24 23:59:00+00:00
2025-02-25,2025,XAU-USD_1Minute_BID_2025-02-25_00_00-23_59_Etc_UTC.csv,processed,1380,XAUUSD_5m_BID_2025-02-25.csv,2025-02-25 00:00:00+00:00 to 2025-02-25 23:59:00+00:00
2025-02-26,2025,XAU-USD_1Minute_BID_2025-02-26_00_00-23_59_Etc_UTC.csv,processed,1380,XAUUSD_5m_BID_2025-02-26.csv,2025-02-26 00:00:00+00:00 to 2025-02-26 23:59:00+00:00
2025-02-27,2025,XAU-USD_1Minute_BID_2025-02-27_00_00-23_59_Etc_UTC.csv,processed,1380,XAUUSD_5m_BID_2025-02-27.csv,2025-02-27 00:00:00+00:00 to 2025-02-27 23:59:00+00:00
2025-02-28,2025,XAU-USD_1Minute_BID_2025-02-28_00_00-23_59_Etc_UTC.csv,processed,1320,XAUUSD_5m_BID_2025-02-28.csv,2025-02-28 00:00:00+00:00 to 2025-02-28 21:59:00+00:00
2025-03-02,2025,XAU-USD_1Minute_BID_2025-03-02_00_00-23_59_Etc_UTC.csv,processed,60,XAUUSD_5m_BID_2025-03-02.csv,2025-03-02 23:00:00+00:00 to 2025-03-02 23:59:00+00:00
2025-03-03,2025,XAU-USD_1Minute_BID_2025-03-03_00_00-23_59_Etc_UTC.csv,processed,1355,XAUUSD_5m_BID_2025-03-03.csv,2025-03-03 00:00:00+00:00 to 2025-03-03 23:59:00+00:00
2025-03-04,2025,XAU-USD_1Minute_BID_2025-03-04_00_00-23_59_Etc_UTC.csv,processed,1380,XAUUSD_5m_BID_2025-03-04.csv,2025-03-04 00:00:00+00:00 to 2025-03-04 23:59:00+00:00
2025-03-05,2025,XAU-USD_1Minute_BID_2025-03-05_00_00-23_59_Etc_UTC.csv,processed,1379,XAUUSD_5m_BID_2025-03-05.csv,2025-03-05 00:00:00+00:00 to 2025-03-05 23:59:00+00:00
2025-03-06,2025,XAU-USD_1Minute_BID_2025-03-06_00_00-23_59_Etc_UTC.csv,processed,1380,XAUUSD_5m_BID_2025-03-06.csv,2025-03-06 00:00:00+00:00 to 2025-03-06 23:59:00+00:00
2025-03-07,2025,XAU-USD_1Minute_BID_2025-03-07_00_00-23_59_Etc_UTC.csv,processed,1320,XAUUSD_5m_BID_2025-03-07.csv,2025-03-07 00:00:00+00:00 to 2025-03-07 21:59:00+00:00
2025-03-09,2025,XAU-USD_1Minute_BID_2025-03-09_00_00-23_59_Etc_UTC.csv,processed,120,XAUUSD_5m_BID_2025-03-09.csv,2025-03-09 22:00:00+00:00 to 2025-03-09 23:59:00+00:00
2025-03-10,2025,XAU-USD_1Minute_BID_2025-03-10_00_00-23_59_Etc_UTC.csv,processed,1380,XAUUSD_5m_BID_2025-03-10.csv,2025-03-10 00:00:00+00:00 to 2025-03-10 23:59:00+00:00
2025-03-11,2025,XAU-USD_1Minute_BID_2025-03-11_00_00-23_59_Etc_UTC.csv,processed,1380,XAUUSD_5m_BID_2025-03-11.csv,2025-03-11 00:00:00+00:00 to 2025-03-11 23:59:00+00:00
2025-03-12,2025,XAU-USD_1Minute_BID_2025-03-12_00_00-23_59_Etc_UTC.csv,processed,1380,XAUUSD_5m_BID_2025-03-12.csv,2025-03-12 00:00:00+00:00 to 2025-03-12 23:59:00+00:00
2025-03-13,2025,XAU-USD_1Minute_BID_2025-03-13_00_00-23_59_Etc_UTC.csv,processed,1380,XAUUSD_5m_BID_2025-03-13.csv,2025-03-13 00:00:00+00:00 to 2025-03-13 23:59:00+00:00
2025-03-14,2025,XAU-USD_1Minute_BID_2025-03-14_00_00-23_59_Etc_UTC.csv,processed,1260,XAUUSD_5m_BID_2025-03-14.csv,2025-03-14 00:00:00+00:00 to 2025-03-14 20:59:00+00:00
2025-03-16,2025,XAU-USD_1Minute_BID_2025-03-16_00_00-23_59_Etc_UTC.csv,processed,120,XAUUSD_5m_BID_2025-03-16.csv,2025-03-16 22:00:00+00:00 to 2025-03-16 23:59:00+00:00
2025-03-17,2025,XAU-USD_1Minute_BID_2025-03-17_00_00-23_59_Etc_UTC.csv,processed,1379,XAUUSD_5m_BID_2025-03-17.csv,2025-03-17 00:00:00+00:00 to 2025-03-17 23:59:00+00:00
2025-03-18,2025,XAU-USD_1Minute_BID_2025-03-18_00_00-23_59_Etc_UTC.csv,processed,1380,XAUUSD_5m_BID_2025-03-18.csv,2025-03-18 00:00:00+00:00 to 2025-03-18 23:59:00+00:00
2025-03-19,2025,XAU-USD_1Minute_BID_2025-03-19_00_00-23_59_Etc_UTC.csv,processed,1380,XAUUSD_5m_BID_2025-03-19.csv,2025-03-19 00:00:00+00:00 to 2025-03-19 23:59:00+00:00
2025-03-20,2025,XAU-USD_1Minute_BID_2025-03-20_00_00-23_59_Etc_UTC.csv,processed,1380,XAUUSD_5m_BID_2025-03-20.csv,2025-03-20 00:00:00+00:00 to 2025-03-20 23:59:00+00:00
2025-03-21,2025,XAU-USD_1Minute_BID_2025-03-21_00_00-23_59_Etc_UTC.csv,processed,1260,XAUUSD_5m_BID_2025-03-21.csv,2025-03-21 00:00:00+00:00 to 2025-03-21 20:59:00+00:00
2025-03-23,2025,XAU-USD_1Minute_BID_2025-03-23_00_00-23_59_Etc_UTC.csv,processed,120,XAUUSD_5m_BID_2025-03-23.csv,2025-03-23 22:00:00+00:00 to 2025-03-23 23:59:00+00:00
2025-03-24,2025,XAU-USD_1Minute_BID_2025-03-24_00_00-23_59_Etc_UTC.csv,processed,1380,XAUUSD_5m_BID_2025-03-24.csv,2025-03-24 00:00:00+00:00 to 2025-03-24 23:59:00+00:00
2025-03-25,2025,XAU-USD_1Minute_BID_2025-03-25_00_00-23_59_Etc_UTC.csv,processed,1380,XAUUSD_5m_BID_2025-03-25.csv,2025-03-25 00:00:00+00:00 to 2025-03-25 23:59:00+00:00
2025-03-26,2025,XAU-USD_1Minute_BID_2025-03-26_00_00-23_59_Etc_UTC.csv,processed,1380,XAUUSD_5m_BID_2025-03-26.csv,2025-03-26 00:00:00+00:00 to 2025-03-26 23:59:00+00:00
2025-03-27,2025,XAU-USD_1Minute_BID_2025-03-27_00_00-23_59_Etc_UTC.csv,processed,1380,XAUUSD_5m_BID_2025-03-27.csv,2025-03-27 00:00:00+00:00 to 2025-03-27 23:59:00+00:00
2025-03-28,2025,XAU-USD_1Minute_BID_2025-03-28_00_00-23_59_Etc_UTC.csv,processed,1260,XAUUSD_5m_BID_2025-03-28.csv,2025-03-28 00:00:00+00:00 to 2025-03-28 20:59:00+00:00
2025-03-30,2025,XAU-USD_1Minute_BID_2025-03-30_00_00-23_59_Etc_UTC.csv,processed,120,XAUUSD_5m_BID_2025-03-30.csv,2025-03-30 22:00:00+00:00 to 2025-03-30 23:59:00+00:00
2025-03-31,2025,XAU-USD_1Minute_BID_2025-03-31_00_00-23_59_Etc_UTC.csv,processed,1380,XAUUSD_5m_BID_2025-03-31.csv,2025-03-31 00:00:00+00:00 to 2025-03-31 23:59:00+00:00
2025-04-01,2025,XAU-USD_1Minute_BID_2025-04-01_00_00-23_59_Etc_UTC.csv,processed,1380,XAUUSD_5m_BID_2025-04-01.csv,2025-04-01 00:00:00+00:00 to 2025-04-01 23:59:00+00:00
2025-04-02,2025,XAU-USD_1Minute_BID_2025-04-02_00_00-23_59_Etc_UTC.csv,processed,1378,XAUUSD_5m_BID_2025-04-02.csv,2025-04-02 00:00:00+00:00 to 2025-04-02 23:59:00+00:00
2025-04-03,2025,XAU-USD_1Minute_BID_2025-04-03_00_00-23_59_Etc_UTC.csv,processed,1380,XAUUSD_5m_BID_2025-04-03.csv,2025-04-03 00:00:00+00:00 to 2025-04-03 23:59:00+00:00
2025-04-04,2025,XAU-USD_1Minute_BID_2025-04-04_00_00-23_59_Etc_UTC.csv,processed,1260,XAUUSD_5m_BID_2025-04-04.csv,2025-04-04 00:00:00+00:00 to 2025-04-04 20:59:00+00:00
2025-04-06,2025,XAU-USD_1Minute_BID_2025-04-06_00_00-23_59_Etc_UTC.csv,processed,116,XAUUSD_5m_BID_2025-04-06.csv,2025-04-06 22:00:00+00:00 to 2025-04-06 23:59:00+00:00
2025-04-07,2025,XAU-USD_1Minute_BID_2025-04-07_00_00-23_59_Etc_UTC.csv,processed,1379,XAUUSD_5m_BID_2025-04-07.csv,2025-04-07 00:00:00+00:00 to 2025-04-07 23:59:00+00:00
2025-04-08,2025,XAU-USD_1Minute_BID_2025-04-08_00_00-23_59_Etc_UTC.csv,processed,1380,XAUUSD_5m_BID_2025-04-08.csv,2025-04-08 00:00:00+00:00 to 2025-04-08 23:59:00+00:00
2025-04-09,2025,XAU-USD_1Minute_BID_2025-04-09_00_00-23_59_Etc_UTC.csv,processed,1380,XAUUSD_5m_BID_2025-04-09.csv,2025-04-09 00:00:00+00:00 to 2025-04-09 23:59:00+00:00
2025-04-10,2025,XAU-USD_1Minute_BID_2025-04-10_00_00-23_59_Etc_UTC.csv,processed,1380,XAUUSD_5m_BID_2025-04-10.csv,2025-04-10 00:00:00+00:00 to 2025-04-10 23:59:00+00:00
2025-04-11,2025,XAU-USD_1Minute_BID_2025-04-11_00_00-23_59_Etc_UTC.csv,processed,1260,XAUUSD_5m_BID_2025-04-11.csv,2025-04-11 00:00:00+00:00 to 2025-04-11 20:59:00+00:00
2025-04-13,2025,XAU-USD_1Minute_BID_2025-04-13_00_00-23_59_Etc_UTC.csv,processed,120,XAUUSD_5m_BID_2025-04-13.csv,2025-04-13 22:00:00+00:00 to 2025-04-13 23:59:00+00:00
2025-04-14,2025,XAU-USD_1Minute_BID_2025-04-14_00_00-23_59_Etc_UTC.csv,processed,1380,XAUUSD_5m_BID_2025-04-14.csv,2025-04-14 00:00:00+00:00 to 2025-04-14 23:59:00+00:00
2025-04-15,2025,XAU-USD_1Minute_BID_2025-04-15_00_00-23_59_Etc_UTC.csv,processed,1380,XAUUSD_5m_BID_2025-04-15.csv,2025-04-15 00:00:00+00:00 to 2025-04-15 23:59:00+00:00
2025-04-16,2025,XAU-USD_1Minute_BID_2025-04-16_00_00-23_59_Etc_UTC.csv,processed,1377,XAUUSD_5m_BID_2025-04-16.csv,2025-04-16 00:00:00+00:00 to 2025-04-16 23:59:00+00:00
2025-04-17,2025,XAU-USD_1Minute_BID_2025-04-17_00_00-23_59_Etc_UTC.csv,processed,1259,XAUUSD_5m_BID_2025-04-17.csv,2025-04-17 00:00:00+00:00 to 2025-04-17 20:58:00+00:00
2025-04-20,2025,XAU-USD_1Minute_BID_2025-04-20_00_00-23_59_Etc_UTC.csv,processed,120,XAUUSD_5m_BID_2025-04-20.csv,2025-04-20 22:00:00+00:00 to 2025-04-20 23:59:00+00:00
2025-04-21,2025,XAU-USD_1Minute_BID_2025-04-21_00_00-23_59_Etc_UTC.csv,processed,1380,XAUUSD_5m_BID_2025-04-21.csv,2025-04-21 00:00:00+00:00 to 2025-04-21 23:59:00+00:00
2025-04-22,2025,XAU-USD_1Minute_BID_2025-04-22_00_00-23_59_Etc_UTC.csv,processed,1380,XAUUSD_5m_BID_2025-04-22.csv,2025-04-22 00:00:00+00:00 to 2025-04-22 23:59:00+00:00
2025-04-23,2025,XAU-USD_1Minute_BID_2025-04-23_00_00-23_59_Etc_UTC.csv,processed,1380,XAUUSD_5m_BID_2025-04-23.csv,2025-04-23 00:00:00+00:00 to 2025-04-23 23:59:00+00:00
2025-04-24,2025,XAU-USD_1Minute_BID_2025-04-24_00_00-23_59_Etc_UTC.csv,processed,1366,XAUUSD_5m_BID_2025-04-24.csv,2025-04-24 00:00:00+00:00 to 2025-04-24 23:59:00+00:00
2025-04-25,2025,XAU-USD_1Minute_BID_2025-04-25_00_00-23_59_Etc_UTC.csv,processed,1260,XAUUSD_5m_BID_2025-04-25.csv,2025-04-25 00:00:00+00:00 to 2025-04-25 20:59:00+00:00
2025-04-27,2025,XAU-USD_1Minute_BID_2025-04-27_00_00-23_59_Etc_UTC.csv,processed,120,XAUUSD_5m_BID_2025-04-27.csv,2025-04-27 22:00:00+00:00 to 2025-04-27 23:59:00+00:00
2025-04-28,2025,XAU-USD_1Minute_BID_2025-04-28_00_00-23_59_Etc_UTC.csv,processed,1380,XAUUSD_5m_BID_2025-04-28.csv,2025-04-28 00:00:00+00:00 to 2025-04-28 23:59:00+00:00
2025-04-29,2025,XAU-USD_1Minute_BID_2025-04-29_00_00-23_59_Etc_UTC.csv,processed,1375,XAUUSD_5m_BID_2025-04-29.csv,2025-04-29 00:00:00+00:00 to 2025-04-29 23:59:00+00:00
2025-04-30,2025,XAU-USD_1Minute_BID_2025-04-30_00_00-23_59_Etc_UTC.csv,processed,1380,XAUUSD_5m_BID_2025-04-30.csv,2025-04-30 00:00:00+00:00 to 2025-04-30 23:59:00+00:00
2025-05-01,2025,XAU-USD_1Minute_BID_2025-05-01_00_00-23_59_Etc_UTC.csv,processed,1380,XAUUSD_5m_BID_2025-05-01.csv,2025-05-01 00:00:00+00:00 to 2025-05-01 23:59:00+00:00
2025-05-02,2025,XAU-USD_1Minute_BID_2025-05-02_00_00-23_59_Etc_UTC.csv,processed,1260,XAUUSD_5m_BID_2025-05-02.csv,2025-05-02 00:00:00+00:00 to 2025-05-02 20:59:00+00:00
2025-05-04,2025,XAU-USD_1Minute_BID_2025-05-04_00_00-23_59_Etc_UTC.csv,processed,120,XAUUSD_5m_BID_2025-05-04.csv,2025-05-04 22:00:00+00:00 to 2025-05-04 23:59:00+00:00
2025-05-05,2025,XAU-USD_1Minute_BID_2025-05-05_00_00-23_59_Etc_UTC.csv,processed,1380,XAUUSD_5m_BID_2025-05-05.csv,2025-05-05 00:00:00+00:00 to 2025-05-05 23:59:00+00:00
2025-05-06,2025,XAU-USD_1Minute_BID_2025-05-06_00_00-23_59_Etc_UTC.csv,processed,1380,XAUUSD_5m_BID_2025-05-06.csv,2025-05-06 00:00:00+00:00 to 2025-05-06 23:59:00+00:00
2025-05-07,2025,XAU-USD_1Minute_BID_2025-05-07_00_00-23_59_Etc_UTC.csv,processed,1380,XAUUSD_5m_BID_2025-05-07.csv,2025-05-07 00:00:00+00:00 to 2025-05-07 23:59:00+00:00
2025-05-08,2025,XAU-USD_1Minute_BID_2025-05-08_00_00-23_59_Etc_UTC.csv,processed,1380,XAUUSD_5m_BID_2025-05-08.csv,2025-05-08 00:00:00+00:00 to 2025-05-08 23:59:00+00:00
2025-05-09,2025,XAU-USD_1Minute_BID_2025-05-09_00_00-23_59_Etc_UTC.csv,processed,1260,XAUUSD_5m_BID_2025-05-09.csv,2025-05-09 00:00:00+00:00 to 2025-05-09 20:59:00+00:00
2025-05-11,2025,XAU-USD_1Minute_BID_2025-05-11_00_00-23_59_Etc_UTC.csv,processed,118,XAUUSD_5m_BID_2025-05-11.csv,2025-05-11 22:00:00+00:00 to 2025-05-11 23:59:00+00:00
2025-05-12,2025,XAU-USD_1Minute_BID_2025-05-12_00_00-23_59_Etc_UTC.csv,processed,1380,XAUUSD_5m_BID_2025-05-12.csv,2025-05-12 00:00:00+00:00 to 2025-05-12 23:59:00+00:00
2025-05-13,2025,XAU-USD_1Minute_BID_2025-05-13_00_00-23_59_Etc_UTC.csv,processed,1380,XAUUSD_5m_BID_2025-05-13.csv,2025-05-13 00:00:00+00:00 to 2025-05-13 23:59:00+00:00
2025-05-14,2025,XAU-USD_1Minute_BID_2025-05-14_00_00-23_59_Etc_UTC.csv,processed,1380,XAUUSD_5m_BID_2025-05-14.csv,2025-05-14 00:00:00+00:00 to 2025-05-14 23:59:00+00:00
2025-05-15,2025,XAU-USD_1Minute_BID_2025-05-15_00_00-23_59_Etc_UTC.csv,processed,1380,XAUUSD_5m_BID_2025-05-15.csv,2025-05-15 00:00:00+00:00 to 2025-05-15 23:59:00+00:00
2025-05-16,2025,XAU-USD_1Minute_BID_2025-05-16_00_00-23_59_Etc_UTC.csv,processed,1260,XAUUSD_5m_BID_2025-05-16.csv,2025-05-16 00:00:00+00:00 to 2025-05-16 20:59:00+00:00
2025-05-18,2025,XAU-USD_1Minute_BID_2025-05-18_00_00-23_59_Etc_UTC.csv,processed,120,XAUUSD_5m_BID_2025-05-18.csv,2025-05-18 22:00:00+00:00 to 2025-05-18 23:59:00+00:00
2025-05-19,2025,XAU-USD_1Minute_BID_2025-05-19_00_00-23_59_Etc_UTC.csv,processed,1380,XAUUSD_5m_BID_2025-05-19.csv,2025-05-19 00:00:00+00:00 to 2025-05-19 23:59:00+00:00
2025-05-20,2025,XAU-USD_1Minute_BID_2025-05-20_00_00-23_59_Etc_UTC.csv,processed,1380,XAUUSD_5m_BID_2025-05-20.csv,2025-05-20 00:00:00+00:00 to 2025-05-20 23:59:00+00:00
2025-05-21,2025,XAU-USD_1Minute_BID_2025-05-21_00_00-23_59_Etc_UTC.csv,processed,1380,XAUUSD_5m_BID_2025-05-21.csv,2025-05-21 00:00:00+00:00 to 2025-05-21 23:59:00+00:00
2025-05-22,2025,XAU-USD_1Minute_BID_2025-05-22_00_00-23_59_Etc_UTC.csv,processed,1380,XAUUSD_5m_BID_2025-05-22.csv,2025-05-22 00:00:00+00:00 to 2025-05-22 23:59:00+00:00
2025-05-23,2025,XAU-USD_1Minute_BID_2025-05-23_00_00-23_59_Etc_UTC.csv,processed,1260,XAUUSD_5m_BID_2025-05-23.csv,2025-05-23 00:00:00+00:00 to 2025-05-23 20:59:00+00:00
2025-05-25,2025,XAU-USD_1Minute_BID_2025-05-25_00_00-23_59_Etc_UTC.csv,processed,120,XAUUSD_5m_BID_2025-05-25.csv,2025-05-25 22:00:00+00:00 to 2025-05-25 23:59:00+00:00
2025-05-26,2025,XAU-USD_1Minute_BID_2025-05-26_00_00-23_59_Etc_UTC.csv,processed,1229,XAUUSD_5m_BID_2025-05-26.csv,2025-05-26 00:00:00+00:00 to 2025-05-26 23:59:00+00:00
2025-05-27,2025,XAU-USD_1Minute_BID_2025-05-27_00_00-23_59_Etc_UTC.csv,processed,1380,XAUUSD_5m_BID_2025-05-27.csv,2025-05-27 00:00:00+00:00 to 2025-05-27 23:59:00+00:00
2025-05-28,2025,XAU-USD_1Minute_BID_2025-05-28_00_00-23_59_Etc_UTC.csv,processed,1380,XAUUSD_5m_BID_2025-05-28.csv,2025-05-28 00:00:00+00:00 to 2025-05-28 23:59:00+00:00
2025-05-29,2025,XAU-USD_1Minute_BID_2025-05-29_00_00-23_59_Etc_UTC.csv,processed,1380,XAUUSD_5m_BID_2025-05-29.csv,2025-05-29 00:00:00+00:00 to 2025-05-29 23:59:00+00:00
2025-05-30,2025,XAU-USD_1Minute_BID_2025-05-30_00_00-23_59_Etc_UTC.csv,processed,1260,XAUUSD_5m_BID_2025-05-30.csv,2025-05-30 00:00:00+00:00 to 2025-05-30 20:59:00+00:00
2025-06-01,2025,XAU-USD_1Minute_BID_2025-06-01_00_00-23_59_Etc_UTC.csv,processed,120,XAUUSD_5m_BID_2025-06-01.csv,2025-06-01 22:00:00+00:00 to 2025-06-01 23:59:00+00:00
2025-06-02,2025,XAU-USD_1Minute_BID_2025-06-02_00_00-23_59_Etc_UTC.csv,processed,1380,XAUUSD_5m_BID_2025-06-02.csv,2025-06-02 00:00:00+00:00 to 2025-06-02 23:59:00+00:00
2025-06-03,2025,XAU-USD_1Minute_BID_2025-06-03_00_00-23_59_Etc_UTC.csv,processed,1380,XAUUSD_5m_BID_2025-06-03.csv,2025-06-03 00:00:00+00:00 to 2025-06-03 23:59:00+00:00
2025-06-04,2025,XAU-USD_1Minute_BID_2025-06-04_00_00-23_59_Etc_UTC.csv,processed,1380,XAUUSD_5m_BID_2025-06-04.csv,2025-06-04 00:00:00+00:00 to 2025-06-04 23:59:00+00:00
2025-06-05,2025,XAU-USD_1Minute_BID_2025-06-05_00_00-23_59_Etc_UTC.csv,processed,1380,XAUUSD_5m_BID_2025-06-05.csv,2025-06-05 00:00:00+00:00 to 2025-06-05 23:59:00+00:00
2025-06-06,2025,XAU-USD_1Minute_BID_2025-06-06_00_00-23_59_Etc_UTC.csv,processed,1260,XAUUSD_5m_BID_2025-06-06.csv,2025-06-06 00:00:00+00:00 to 2025-06-06 20:59:00+00:00
2025-06-08,2025,XAU-USD_1Minute_BID_2025-06-08_00_00-23_59_Etc_UTC.csv,processed,120,XAUUSD_5m_BID_2025-06-08.csv,2025-06-08 22:00:00+00:00 to 2025-06-08 23:59:00+00:00
2025-06-09,2025,XAU-USD_1Minute_BID_2025-06-09_00_00-23_59_Etc_UTC.csv,processed,1380,XAUUSD_5m_BID_2025-06-09.csv,2025-06-09 00:00:00+00:00 to 2025-06-09 23:59:00+00:00
2025-06-10,2025,XAU-USD_1Minute_BID_2025-06-10_00_00-23_59_Etc_UTC.csv,processed,1380,XAUUSD_5m_BID_2025-06-10.csv,2025-06-10 00:00:00+00:00 to 2025-06-10 23:59:00+00:00
2025-06-11,2025,XAU-USD_1Minute_BID_2025-06-11_00_00-23_59_Etc_UTC.csv,processed,1380,XAUUSD_5m_BID_2025-06-11.csv,2025-06-11 00:00:00+00:00 to 2025-06-11 23:59:00+00:00
2025-06-12,2025,XAU-USD_1Minute_BID_2025-06-12_00_00-23_59_Etc_UTC.csv,processed,1380,XAUUSD_5m_BID_2025-06-12.csv,2025-06-12 00:00:00+00:00 to 2025-06-12 23:59:00+00:00
2025-06-13,2025,XAU-USD_1Minute_BID_2025-06-13_00_00-23_59_Etc_UTC.csv,processed,1260,XAUUSD_5m_BID_2025-06-13.csv,2025-06-13 00:00:00+00:00 to 2025-06-13 20:59:00+00:00
2025-06-15,2025,XAU-USD_1Minute_BID_2025-06-15_00_00-23_59_Etc_UTC.csv,processed,120,XAUUSD_5m_BID_2025-06-15.csv,2025-06-15 22:00:00+00:00 to 2025-06-15 23:59:00+00:00
2025-06-16,2025,XAU-USD_1Minute_BID_2025-06-16_00_00-23_59_Etc_UTC.csv,processed,1380,XAUUSD_5m_BID_2025-06-16.csv,2025-06-16 00:00:00+00:00 to 2025-06-16 23:59:00+00:00
2025-06-17,2025,XAU-USD_1Minute_BID_2025-06-17_00_00-23_59_Etc_UTC.csv,processed,1380,XAUUSD_5m_BID_2025-06-17.csv,2025-06-17 00:00:00+00:00 to 2025-06-17 23:59:00+00:00
2025-06-18,2025,XAU-USD_1Minute_BID_2025-06-18_00_00-23_59_Etc_UTC.csv,processed,1380,XAUUSD_5m_BID_2025-06-18.csv,2025-06-18 00:00:00+00:00 to 2025-06-18 23:59:00+00:00
2025-06-19,2025,XAU-USD_1Minute_BID_2025-06-19_00_00-23_59_Etc_UTC.csv,processed,1229,XAUUSD_5m_BID_2025-06-19.csv,2025-06-19 00:00:00+00:00 to 2025-06-19 23:59:00+00:00
2025-06-20,2025,XAU-USD_1Minute_BID_2025-06-20_00_00-23_59_Etc_UTC.csv,processed,1260,XAUUSD_5m_BID_2025-06-20.csv,2025-06-20 00:00:00+00:00 to 2025-06-20 20:59:00+00:00
2025-06-22,2025,XAU-USD_1Minute_BID_2025-06-22_00_00-23_59_Etc_UTC.csv,processed,120,XAUUSD_5m_BID_2025-06-22.csv,2025-06-22 22:00:00+00:00 to 2025-06-22 23:59:00+00:00
2025-06-23,2025,XAU-USD_1Minute_BID_2025-06-23_00_00-23_59_Etc_UTC.csv,processed,1380,XAUUSD_5m_BID_2025-06-23.csv,2025-06-23 00:00:00+00:00 to 2025-06-23 23:59:00+00:00
2025-06-24,2025,XAU-USD_1Minute_BID_2025-06-24_00_00-23_59_Etc_UTC.csv,processed,1380,XAUUSD_5m_BID_2025-06-24.csv,2025-06-24 00:00:00+00:00 to 2025-06-24 23:59:00+00:00
2025-06-25,2025,XAU-USD_1Minute_BID_2025-06-25_00_00-23_59_Etc_UTC.csv,processed,1380,XAUUSD_5m_BID_2025-06-25.csv,2025-06-25 00:00:00+00:00 to 2025-06-25 23:59:00+00:00
2025-06-26,2025,XAU-USD_1Minute_BID_2025-06-26_00_00-23_59_Etc_UTC.csv,processed,1380,XAUUSD_5m_BID_2025-06-26.csv,2025-06-26 00:00:00+00:00 to 2025-06-26 23:59:00+00:00
2025-06-27,2025,XAU-USD_1Minute_BID_2025-06-27_00_00-23_59_Etc_UTC.csv,processed,1260,XAUUSD_5m_BID_2025-06-27.csv,2025-06-27 00:00:00+00:00 to 2025-06-27 20:59:00+00:00
2025-06-29,2025,XAU-USD_1Minute_BID_2025-06-29_00_00-23_59_Etc_UTC.csv,processed,120,XAUUSD_5m_BID_2025-06-29.csv,2025-06-29 22:00:00+00:00 to 2025-06-29 23:59:00+00:00
2025-06-30,2025,XAU-USD_1Minute_BID_2025-06-30_00_00-23_59_Etc_UTC.csv,processed,1380,XAUUSD_5m_BID_2025-06-30.csv,2025-06-30 00:00:00+00:00 to 2025-06-30 23:59:00+00:00
2025-07-01,2025,XAU-USD_1Minute_BID_2025-07-01_00_00-23_59_Etc_UTC.csv,processed,1380,XAUUSD_5m_BID_2025-07-01.csv,2025-07-01 00:00:00+00:00 to 2025-07-01 23:59:00+00:00
2025-07-02,2025,XAU-USD_1Minute_BID_2025-07-02_00_00-23_59_Etc_UTC.csv,processed,1380,XAUUSD_5m_BID_2025-07-02.csv,2025-07-02 00:00:00+00:00 to 2025-07-02 23:59:00+00:00
2025-07-03,2025,XAU-USD_1Minute_BID_2025-07-03_00_00-23_59_Etc_UTC.csv,processed,1380,XAUUSD_5m_BID_2025-07-03.csv,2025-07-03 00:00:00+00:00 to 2025-07-03 23:59:00+00:00
2025-07-04,2025,XAU-USD_1Minute_BID_2025-07-04_00_00-23_59_Etc_UTC.csv,processed,1019,XAUUSD_5m_BID_2025-07-04.csv,2025-07-04 00:00:00+00:00 to 2025-07-04 16:58:00+00:00
2025-07-06,2025,XAU-USD_1Minute_BID_2025-07-06_00_00-23_59_Etc_UTC.csv,processed,120,XAUUSD_5m_BID_2025-07-06.csv,2025-07-06 22:00:00+00:00 to 2025-07-06 23:59:00+00:00
2025-07-07,2025,XAU-USD_1Minute_BID_2025-07-07_00_00-23_59_Etc_UTC.csv,processed,1380,XAUUSD_5m_BID_2025-07-07.csv,2025-07-07 00:00:00+00:00 to 2025-07-07 23:59:00+00:00
2025-07-08,2025,XAU-USD_1Minute_BID_2025-07-08_00_00-23_59_Etc_UTC.csv,processed,1380,XAUUSD_5m_BID_2025-07-08.csv,2025-07-08 00:00:00+00:00 to 2025-07-08 23:59:00+00:00
2025-07-09,2025,XAU-USD_1Minute_BID_2025-07-09_00_00-23_59_Etc_UTC.csv,processed,1380,XAUUSD_5m_BID_2025-07-09.csv,2025-07-09 00:00:00+00:00 to 2025-07-09 23:59:00+00:00
2025-07-10,2025,XAU-USD_1Minute_BID_2025-07-10_00_00-23_59_Etc_UTC.csv,processed,1380,XAUUSD_5m_BID_2025-07-10.csv,2025-07-10 00:00:00+00:00 to 2025-07-10 23:59:00+00:00
2025-07-11,2025,XAU-USD_1Minute_BID_2025-07-11_00_00-23_59_Etc_UTC.csv,processed,1260,XAUUSD_5m_BID_2025-07-11.csv,2025-07-11 00:00:00+00:00 to 2025-07-11 20:59:00+00:00
2025-07-13,2025,XAU-USD_1Minute_BID_2025-07-13_00_00-23_59_Etc_UTC.csv,processed,120,XAUUSD_5m_BID_2025-07-13.csv,2025-07-13 22:00:00+00:00 to 2025-07-13 23:59:00+00:00
2025-07-14,2025,XAU-USD_1Minute_BID_2025-07-14_00_00-23_59_Etc_UTC.csv,processed,1380,XAUUSD_5m_BID_2025-07-14.csv,2025-07-14 00:00:00+00:00 to 2025-07-14 23:59:00+00:00
2025-07-15,2025,XAU-USD_1Minute_BID_2025-07-15_00_00-23_59_Etc_UTC.csv,processed,1380,XAUUSD_5m_BID_2025-07-15.csv,2025-07-15 00:00:00+00:00 to 2025-07-15 23:59:00+00:00
2025-07-16,2025,XAU-USD_1Minute_BID_2025-07-16_00_00-23_59_Etc_UTC.csv,processed,1380,XAUUSD_5m_BID_2025-07-16.csv,2025-07-16 00:00:00+00:00 to 2025-07-16 23:59:00+00:00
2025-07-17,2025,XAU-USD_1Minute_BID_2025-07-17_00_00-23_59_Etc_UTC.csv,processed,1380,XAUUSD_5m_BID_2025-07-17.csv,2025-07-17 00:00:00+00:00 to 2025-07-17 23:59:00+00:00
2025-07-18,2025,XAU-USD_1Minute_BID_2025-07-18_00_00-23_59_Etc_UTC.csv,processed,1260,XAUUSD_5m_BID_2025-07-18.csv,2025-07-18 00:00:00+00:00 to 2025-07-18 20:59:00+00:00
2025-07-20,2025,XAU-USD_1Minute_BID_2025-07-20_00_00-23_59_Etc_UTC.csv,processed,120,XAUUSD_5m_BID_2025-07-20.csv,2025-07-20 22:00:00+00:00 to 2025-07-20 23:59:00+00:00
2025-07-21,2025,XAU-USD_1Minute_BID_2025-07-21_00_00-23_59_Etc_UTC.csv,processed,1380,XAUUSD_5m_BID_2025-07-21.csv,2025-07-21 00:00:00+00:00 to 2025-07-21 23:59:00+00:00
2025-07-22,2025,XAU-USD_1Minute_BID_2025-07-22_00_00-23_59_Etc_UTC.csv,processed,1380,XAUUSD_5m_BID_2025-07-22.csv,2025-07-22 00:00:00+00:00 to 2025-07-22 23:59:00+00:00
2025-07-23,2025,XAU-USD_1Minute_BID_2025-07-23_00_00-23_59_Etc_UTC.csv,processed,1380,XAUUSD_5m_BID_2025-07-23.csv,2025-07-23 00:00:00+00:00 to 2025-07-23 23:59:00+00:00
2025-07-24,2025,XAU-USD_1Minute_BID_2025-07-24_00_00-23_59_Etc_UTC.csv,processed,1380,XAUUSD_5m_BID_2025-07-24.csv,2025-07-24 00:00:00+00:00 to 2025-07-24 23:59:00+00:00
2025-07-25,2025,XAU-USD_1Minute_BID_2025-07-25_00_00-23_59_Etc_UTC.csv,processed,1260,XAUUSD_5m_BID_2025-07-25.csv,2025-07-25 00:00:00+00:00 to 2025-07-25 20:59:00+00:00
2025-07-27,2025,XAU-USD_1Minute_BID_2025-07-27_00_00-23_59_Etc_UTC.csv,processed,120,XAUUSD_5m_BID_2025-07-27.csv,2025-07-27 22:00:00+00:00 to 2025-07-27 23:59:00+00:00
2025-07-28,2025,XAU-USD_1Minute_BID_2025-07-28_00_00-23_59_Etc_UTC.csv,processed,1380,XAUUSD_5m_BID_2025-07-28.csv,2025-07-28 00:00:00+00:00 to 2025-07-28 23:59:00+00:00
2025-07-29,2025,XAU-USD_1Minute_BID_2025-07-29_00_00-23_59_Etc_UTC.csv,processed,1380,XAUUSD_5m_BID_2025-07-29.csv,2025-07-29 00:00:00+00:00 to 2025-07-29 23:59:00+00:00
2025-07-30,2025,XAU-USD_1Minute_BID_2025-07-30_00_00-23_59_Etc_UTC.csv,processed,1380,XAUUSD_5m_BID_2025-07-30.csv,2025-07-30 00:00:00+00:00 to 2025-07-30 23:59:00+00:00
2025-07-31,2025,XAU-USD_1Minute_BID_2025-07-31_00_00-23_59_Etc_UTC.csv,processed,1380,XAUUSD_5m_BID_2025-07-31.csv,2025-07-31 00:00:00+00:00 to 2025-07-31 23:59:00+00:00
2025-08-01,2025,XAU-USD_1Minute_BID_2025-08-01_00_00-23_59_Etc_UTC.csv,processed,1260,XAUUSD_5m_BID_2025-08-01.csv,2025-08-01 00:00:00+00:00 to 2025-08-01 20:59:00+00:00
2025-08-03,2025,XAU-USD_1Minute_BID_2025-08-03_00_00-23_59_Etc_UTC.csv,processed,120,XAUUSD_5m_BID_2025-08-03.csv,2025-08-03 22:00:00+00:00 to 2025-08-03 23:59:00+00:00
2025-08-04,2025,XAU-USD_1Minute_BID_2025-08-04_00_00-23_59_Etc_UTC.csv,processed,1380,XAUUSD_5m_BID_2025-08-04.csv,2025-08-04 00:00:00+00:00 to 2025-08-04 23:59:00+00:00
2025-08-05,2025,XAU-USD_1Minute_BID_2025-08-05_00_00-23_59_Etc_UTC.csv,processed,1380,XAUUSD_5m_BID_2025-08-05.csv,2025-08-05 00:00:00+00:00 to 2025-08-05 23:59:00+00:00
2025-08-06,2025,XAU-USD_1Minute_BID_2025-08-06_00_00-23_59_Etc_UTC.csv,processed,1380,XAUUSD_5m_BID_2025-08-06.csv,2025-08-06 00:00:00+00:00 to 2025-08-06 23:59:00+00:00
2025-08-07,2025,XAU-USD_1Minute_BID_2025-08-07_00_00-23_59_Etc_UTC.csv,processed,1373,XAUUSD_5m_BID_2025-08-07.csv,2025-08-07 00:00:00+00:00 to 2025-08-07 23:59:00+00:00
2025-08-08,2025,XAU-USD_1Minute_BID_2025-08-08_00_00-23_59_Etc_UTC.csv,processed,1260,XAUUSD_5m_BID_2025-08-08.csv,2025-08-08 00:00:00+00:00 to 2025-08-08 20:59:00+00:00
2025-08-10,2025,XAU-USD_1Minute_BID_2025-08-10_00_00-23_59_Etc_UTC.csv,processed,120,XAUUSD_5m_BID_2025-08-10.csv,2025-08-10 22:00:00+00:00 to 2025-08-10 23:59:00+00:00
2025-08-11,2025,XAU-USD_1Minute_BID_2025-08-11_00_00-23_59_Etc_UTC.csv,processed,1380,XAUUSD_5m_BID_2025-08-11.csv,2025-08-11 00:00:00+00:00 to 2025-08-11 23:59:00+00:00
2025-08-12,2025,XAU-USD_1Minute_BID_2025-08-12_00_00-23_59_Etc_UTC.csv,processed,1380,XAUUSD_5m_BID_2025-08-12.csv,2025-08-12 00:00:00+00:00 to 2025-08-12 23:59:00+00:00
2025-08-13,2025,XAU-USD_1Minute_BID_2025-08-13_00_00-23_59_Etc_UTC.csv,processed,1380,XAUUSD_5m_BID_2025-08-13.csv,2025-08-13 00:00:00+00:00 to 2025-08-13 23:59:00+00:00
2025-08-14,2025,XAU-USD_1Minute_BID_2025-08-14_00_00-23_59_Etc_UTC.csv,processed,1380,XAUUSD_5m_BID_2025-08-14.csv,2025-08-14 00:00:00+00:00 to 2025-08-14 23:59:00+00:00
2025-08-15,2025,XAU-USD_1Minute_BID_2025-08-15_00_00-23_59_Etc_UTC.csv,processed,1260,XAUUSD_5m_BID_2025-08-15.csv,2025-08-15 00:00:00+00:00 to 2025-08-15 20:59:00+00:00
2025-08-17,2025,XAU-USD_1Minute_BID_2025-08-17_00_00-23_59_Etc_UTC.csv,processed,120,XAUUSD_5m_BID_2025-08-17.csv,2025-08-17 22:00:00+00:00 to 2025-08-17 23:59:00+00:00
2025-08-18,2025,XAU-USD_1Minute_BID_2025-08-18_00_00-23_59_Etc_UTC.csv,processed,1380,XAUUSD_5m_BID_2025-08-18.csv,2025-08-18 00:00:00+00:00 to 2025-08-18 23:59:00+00:00
2025-08-19,2025,XAU-USD_1Minute_BID_2025-08-19_00_00-23_59_Etc_UTC.csv,processed,1380,XAUUSD_5m_BID_2025-08-19.csv,2025-08-19 00:00:00+00:00 to 2025-08-19 23:59:00+00:00
2025-08-20,2025,XAU-USD_1Minute_BID_2025-08-20_00_00-23_59_Etc_UTC.csv,processed,1380,XAUUSD_5m_BID_2025-08-20.csv,2025-08-20 00:00:00+00:00 to 2025-08-20 23:59:00+00:00
2025-08-21,2025,XAU-USD_1Minute_BID_2025-08-21_00_00-23_59_Etc_UTC.csv,processed,1380,XAUUSD_5m_BID_2025-08-21.csv,2025-08-21 00:00:00+00:00 to 2025-08-21 23:59:00+00:00
2025-08-22,2025,XAU-USD_1Minute_BID_2025-08-22_00_00-23_59_Etc_UTC.csv,processed,1260,XAUUSD_5m_BID_2025-08-22.csv,2025-08-22 00:00:00+00:00 to 2025-08-22 20:59:00+00:00
2025-08-24,2025,XAU-USD_1Minute_BID_2025-08-24_00_00-23_59_Etc_UTC.csv,processed,120,XAUUSD_5m_BID_2025-08-24.csv,2025-08-24 22:00:00+00:00 to 2025-08-24 23:59:00+00:00
2025-08-25,2025,XAU-USD_1Minute_BID_2025-08-25_00_00-23_59_Etc_UTC.csv,processed,1380,XAUUSD_5m_BID_2025-08-25.csv,2025-08-25 00:00:00+00:00 to 2025-08-25 23:59:00+00:00
2025-08-26,2025,XAU-USD_1Minute_BID_2025-08-26_00_00-23_59_Etc_UTC.csv,processed,1380,XAUUSD_5m_BID_2025-08-26.csv,2025-08-26 00:00:00+00:00 to 2025-08-26 23:59:00+00:00
2025-08-27,2025,XAU-USD_1Minute_BID_2025-08-27_00_00-23_59_Etc_UTC.csv,processed,1380,XAUUSD_5m_BID_2025-08-27.csv,2025-08-27 00:00:00+00:00 to 2025-08-27 23:59:00+00:00
2025-08-28,2025,XAU-USD_1Minute_BID_2025-08-28_00_00-23_59_Etc_UTC.csv,processed,1378,XAUUSD_5m_BID_2025-08-28.csv,2025-08-28 00:00:00+00:00 to 2025-08-28 23:59:00+00:00
2025-08-29,2025,XAU-USD_1Minute_BID_2025-08-29_00_00-23_59_Etc_UTC.csv,processed,1260,XAUUSD_5m_BID_2025-08-29.csv,2025-08-29 00:00:00+00:00 to 2025-08-29 20:59:00+00:00
2025-08-31,2025,XAU-USD_1Minute_BID_2025-08-31_00_00-23_59_Etc_UTC.csv,processed,120,XAUUSD_5m_BID_2025-08-31.csv,2025-08-31 22:00:00+00:00 to 2025-08-31 23:59:00+00:00
2025-09-01,2025,XAU-USD_1Minute_BID_2025-09-01_00_00-23_59_Etc_UTC.csv,processed,1229,XAUUSD_5m_BID_2025-09-01.csv,2025-09-01 00:00:00+00:00 to 2025-09-01 23:59:00+00:00
2025-09-02,2025,XAU-USD_1Minute_BID_2025-09-02_00_00-23_59_Etc_UTC.csv,processed,1380,XAUUSD_5m_BID_2025-09-02.csv,2025-09-02 00:00:00+00:00 to 2025-09-02 23:59:00+00:00
2025-09-03,2025,XAU-USD_1Minute_BID_2025-09-03_00_00-23_59_Etc_UTC.csv,processed,1380,XAUUSD_5m_BID_2025-09-03.csv,2025-09-03 00:00:00+00:00 to 2025-09-03 23:59:00+00:00
2025-09-04,2025,XAU-USD_1Minute_BID_2025-09-04_00_00-23_59_Etc_UTC.csv,processed,1380,XAUUSD_5m_BID_2025-09-04.csv,2025-09-04 00:00:00+00:00 to 2025-09-04 23:59:00+00:00
2025-09-05,2025,XAU-USD_1Minute_BID_2025-09-05_00_00-23_59_Etc_UTC.csv,processed,1260,XAUUSD_5m_BID_2025-09-05.csv,2025-09-05 00:00:00+00:00 to 2025-09-05 20:59:00+00:00
2025-09-07,2025,XAU-USD_1Minute_BID_2025-09-07_00_00-23_59_Etc_UTC.csv,processed,120,XAUUSD_5m_BID_2025-09-07.csv,2025-09-07 22:00:00+00:00 to 2025-09-07 23:59:00+00:00
2025-09-08,2025,XAU-USD_1Minute_BID_2025-09-08_00_00-23_59_Etc_UTC.csv,processed,1380,XAUUSD_5m_BID_2025-09-08.csv,2025-09-08 00:00:00+00:00 to 2025-09-08 23:59:00+00:00
2025-09-09,2025,XAU-USD_1Minute_BID_2025-09-09_00_00-23_59_Etc_UTC.csv,processed,1380,XAUUSD_5m_BID_2025-09-09.csv,2025-09-09 00:00:00+00:00 to 2025-09-09 23:59:00+00:00
2025-09-10,2025,XAU-USD_1Minute_BID_2025-09-10_00_00-23_59_Etc_UTC.csv,processed,1380,XAUUSD_5m_BID_2025-09-10.csv,2025-09-10 00:00:00+00:00 to 2025-09-10 23:59:00+00:00
2025-09-11,2025,XAU-USD_1Minute_BID_2025-09-11_00_00-23_59_Etc_UTC.csv,processed,1380,XAUUSD_5m_BID_2025-09-11.csv,2025-09-11 00:00:00+00:00 to 2025-09-11 23:59:00+00:00
2025-09-12,2025,XAU-USD_1Minute_BID_2025-09-12_00_00-23_59_Etc_UTC.csv,processed,1260,XAUUSD_5m_BID_2025-09-12.csv,2025-09-12 00:00:00+00:00 to 2025-09-12 20:59:00+00:00
2025-09-14,2025,XAU-USD_1Minute_BID_2025-09-14_00_00-23_59_Etc_UTC.csv,processed,120,XAUUSD_5m_BID_2025-09-14.csv,2025-09-14 22:00:00+00:00 to 2025-09-14 23:59:00+00:00
2025-09-15,2025,XAU-USD_1Minute_BID_2025-09-15_00_00-23_59_Etc_UTC.csv,processed,1380,XAUUSD_5m_BID_2025-09-15.csv,2025-09-15 00:00:00+00:00 to 2025-09-15 23:59:00+00:00
2025-09-16,2025,XAU-USD_1Minute_BID_2025-09-16_00_00-23_59_Etc_UTC.csv,processed,1380,XAUUSD_5m_BID_2025-09-16.csv,2025-09-16 00:00:00+00:00 to 2025-09-16 23:59:00+00:00
2025-09-17,2025,XAU-USD_1Minute_BID_2025-09-17_00_00-23_59_Etc_UTC.csv,processed,1380,XAUUSD_5m_BID_2025-09-17.csv,2025-09-17 00:00:00+00:00 to 2025-09-17 23:59:00+00:00
2025-09-18,2025,XAU-USD_1Minute_BID_2025-09-18_00_00-23_59_Etc_UTC.csv,processed,1380,XAUUSD_5m_BID_2025-09-18.csv,2025-09-18 00:00:00+00:00 to 2025-09-18 23:59:00+00:00
2025-09-19,2025,XAU-USD_1Minute_BID_2025-09-19_00_00-23_59_Etc_UTC.csv,processed,1260,XAUUSD_5m_BID_2025-09-19.csv,2025-09-19 00:00:00+00:00 to 2025-09-19 20:59:00+00:00
2025-09-21,2025,XAU-USD_1Minute_BID_2025-09-21_00_00-23_59_Etc_UTC.csv,processed,120,XAUUSD_5m_BID_2025-09-21.csv,2025-09-21 22:00:00+00:00 to 2025-09-21 23:59:00+00:00
2025-09-22,2025,XAU-USD_1Minute_BID_2025-09-22_00_00-23_59_Etc_UTC.csv,processed,1380,XAUUSD_5m_BID_2025-09-22.csv,2025-09-22 00:00:00+00:00 to 2025-09-22 23:59:00+00:00
2025-09-23,2025,XAU-USD_1Minute_BID_2025-09-23_00_00-23_59_Etc_UTC.csv,processed,1380,XAUUSD_5m_BID_2025-09-23.csv,2025-09-23 00:00:00+00:00 to 2025-09-23 23:59:00+00:00
2025-09-24,2025,XAU-USD_1Minute_BID_2025-09-24_00_00-23_59_Etc_UTC.csv,processed,1380,XAUUSD_5m_BID_2025-09-24.csv,2025-09-24 00:00:00+00:00 to 2025-09-24 23:59:00+00:00
2025-09-25,2025,XAU-USD_1Minute_BID_2025-09-25_00_00-23_59_Etc_UTC.csv,processed,1380,XAUUSD_5m_BID_2025-09-25.csv,2025-09-25 00:00:00+00:00 to 2025-09-25 23:59:00+00:00
2025-09-26,2025,XAU-USD_1Minute_BID_2025-09-26_00_00-23_59_Etc_UTC.csv,processed,1260,XAUUSD_5m_BID_2025-09-26.csv,2025-09-26 00:00:00+00:00 to 2025-09-26 20:59:00+00:00
2025-09-28,2025,XAU-USD_1Minute_BID_2025-09-28_00_00-23_59_Etc_UTC.csv,processed,120,XAUUSD_5m_BID_2025-09-28.csv,2025-09-28 22:00:00+00:00 to 2025-09-28 23:59:00+00:00
2025-09-29,2025,XAU-USD_1Minute_BID_2025-09-29_00_00-23_59_Etc_UTC.csv,processed,1380,XAUUSD_5m_BID_2025-09-29.csv,2025-09-29 00:00:00+00:00 to 2025-09-29 23:59:00+00:00
2025-09-30,2025,XAU-USD_1Minute_BID_2025-09-30_00_00-23_59_Etc_UTC.csv,processed,1380,XAUUSD_5m_BID_2025-09-30.csv,2025-09-30 00:00:00+00:00 to 2025-09-30 23:59:00+00:00
2025-10-01,2025,XAU-USD_1Minute_BID_2025-10-01_00_00-23_59_Etc_UTC.csv,processed,1380,XAUUSD_5m_BID_2025-10-01.csv,2025-10-01 00:00:00+00:00 to 2025-10-01 23:59:00+00:00
2025-10-02,2025,XAU-USD_1Minute_BID_2025-10-02_00_00-23_59_Etc_UTC.csv,processed,1380,XAUUSD_5m_BID_2025-10-02.csv,2025-10-02 00:00:00+00:00 to 2025-10-02 23:59:00+00:00
2025-10-03,2025,XAU-USD_1Minute_BID_2025-10-03_00_00-23_59_Etc_UTC.csv,processed,1260,XAUUSD_5m_BID_2025-10-03.csv,2025-10-03 00:00:00+00:00 to 2025-10-03 20:59:00+00:00
2025-10-05,2025,XAU-USD_1Minute_BID_2025-10-05_00_00-23_59_Etc_UTC.csv,processed,120,XAUUSD_5m_BID_2025-10-05.csv,2025-10-05 22:00:00+00:00 to 2025-10-05 23:59:00+00:00
2025-10-06,2025,XAU-USD_1Minute_BID_2025-10-06_00_00-23_59_Etc_UTC.csv,processed,1380,XAUUSD_5m_BID_2025-10-06.csv,2025-10-06 00:00:00+00:00 to 2025-10-06 23:59:00+00:00
2025-10-07,2025,XAU-USD_1Minute_BID_2025-10-07_00_00-23_59_Etc_UTC.csv,processed,1380,XAUUSD_5m_BID_2025-10-07.csv,2025-10-07 00:00:00+00:00 to 2025-10-07 23:59:00+00:00
2025-10-08,2025,XAU-USD_1Minute_BID_2025-10-08_00_00-23_59_Etc_UTC.csv,processed,1380,XAUUSD_5m_BID_2025-10-08.csv,2025-10-08 00:00:00+00:00 to 2025-10-08 23:59:00+00:00
2025-10-09,2025,XAU-USD_1Minute_BID_2025-10-09_00_00-23_59_Etc_UTC.csv,processed,1380,XAUUSD_5m_BID_2025-10-09.csv,2025-10-09 00:00:00+00:00 to 2025-10-09 23:59:00+00:00
2025-10-10,2025,XAU-USD_1Minute_BID_2025-10-10_00_00-23_59_Etc_UTC.csv,processed,1260,XAUUSD_5m_BID_2025-10-10.csv,2025-10-10 00:00:00+00:00 to 2025-10-10 20:59:00+00:00
2025-10-12,2025,XAU-USD_1Minute_BID_2025-10-12_00_00-23_59_Etc_UTC.csv,processed,120,XAUUSD_5m_BID_2025-10-12.csv,2025-10-12 22:00:00+00:00 to 2025-10-12 23:59:00+00:00
2025-10-13,2025,XAU-USD_1Minute_BID_2025-10-13_00_00-23_59_Etc_UTC.csv,processed,1380,XAUUSD_5m_BID_2025-10-13.csv,2025-10-13 00:00:00+00:00 to 2025-10-13 23:59:00+00:00
2025-10-14,2025,XAU-USD_1Minute_BID_2025-10-14_00_00-23_59_Etc_UTC.csv,processed,1380,XAUUSD_5m_BID_2025-10-14.csv,2025-10-14 00:00:00+00:00 to 2025-10-14 23:59:00+00:00
2025-10-15,2025,XAU-USD_1Minute_BID_2025-10-15_00_00-23_59_Etc_UTC.csv,processed,1380,XAUUSD_5m_BID_2025-10-15.csv,2025-10-15 00:00:00+00:00 to 2025-10-15 23:59:00+00:00
2025-10-16,2025,XAU-USD_1Minute_BID_2025-10-16_00_00-23_59_Etc_UTC.csv,processed,1380,XAUUSD_5m_BID_2025-10-16.csv,2025-10-16 00:00:00+00:00 to 2025-10-16 23:59:00+00:00
2025-10-17,2025,XAU-USD_1Minute_BID_2025-10-17_00_00-23_59_Etc_UTC.csv,processed,1260,XAUUSD_5m_BID_2025-10-17.csv,2025-10-17 00:00:00+00:00 to 2025-10-17 20:59:00+00:00
2025-10-19,2025,XAU-USD_1Minute_BID_2025-10-19_00_00-23_59_Etc_UTC.csv,processed,120,XAUUSD_5m_BID_2025-10-19.csv,2025-10-19 22:00:00+00:00 to 2025-10-19 23:59:00+00:00
2025-10-20,2025,XAU-USD_1Minute_BID_2025-10-20_00_00-23_59_Etc_UTC.csv,processed,1380,XAUUSD_5m_BID_2025-10-20.csv,2025-10-20 00:00:00+00:00 to 2025-10-20 23:59:00+00:00
2025-10-21,2025,XAU-USD_1Minute_BID_2025-10-21_00_00-23_59_Etc_UTC.csv,processed,1380,XAUUSD_5m_BID_2025-10-21.csv,2025-10-21 00:00:00+00:00 to 2025-10-21 23:59:00+00:00
2025-10-22,2025,XAU-USD_1Minute_BID_2025-10-22_00_00-23_59_Etc_UTC.csv,processed,1380,XAUUSD_5m_BID_2025-10-22.csv,2025-10-22 00:00:00+00:00 to 2025-10-22 23:59:00+00:00
2025-10-23,2025,XAU-USD_1Minute_BID_2025-10-23_00_00-23_59_Etc_UTC.csv,processed,1380,XAUUSD_5m_BID_2025-10-23.csv,2025-10-23 00:00:00+00:00 to 2025-10-23 23:59:00+00:00
2025-10-24,2025,XAU-USD_1Minute_BID_2025-10-24_00_00-23_59_Etc_UTC.csv,processed,1260,XAUUSD_5m_BID_2025-10-24.csv,2025-10-24 00:00:00+00:00 to 2025-10-24 20:59:00+00:00
2025-10-26,2025,XAU-USD_1Minute_BID_2025-10-26_00_00-23_59_Etc_UTC.csv,processed,120,XAUUSD_5m_BID_2025-10-26.csv,2025-10-26 22:00:00+00:00 to 2025-10-26 23:59:00+00:00
2025-10-27,2025,XAU-USD_1Minute_BID_2025-10-27_00_00-23_59_Etc_UTC.csv,processed,1380,XAUUSD_5m_BID_2025-10-27.csv,2025-10-27 00:00:00+00:00 to 2025-10-27 23:59:00+00:00
2025-10-28,2025,XAU-USD_1Minute_BID_2025-10-28_00_00-23_59_Etc_UTC.csv,processed,1380,XAUUSD_5m_BID_2025-10-28.csv,2025-10-28 00:00:00+00:00 to 2025-10-28 23:59:00+00:00
2025-10-29,2025,XAU-USD_1Minute_BID_2025-10-29_00_00-23_59_Etc_UTC.csv,processed,1380,XAUUSD_5m_BID_2025-10-29.csv,2025-10-29 00:00:00+00:00 to 2025-10-29 23:59:00+00:00
2025-10-30,2025,XAU-USD_1Minute_BID_2025-10-30_00_00-23_59_Etc_UTC.csv,processed,1380,XAUUSD_5m_BID_2025-10-30.csv,2025-10-30 00:00:00+00:00 to 2025-10-30 23:59:00+00:00
2025-10-31,2025,XAU-USD_1Minute_BID_2025-10-31_00_00-23_59_Etc_UTC.csv,processed,1260,XAUUSD_5m_BID_2025-10-31.csv,2025-10-31 00:00:00+00:00 to 2025-10-31 20:59:00+00:00
2025-11-02,2025,XAU-USD_1Minute_BID_2025-11-02_00_00-23_59_Etc_UTC.csv,processed,60,XAUUSD_5m_BID_2025-11-02.csv,2025-11-02 23:00:00+00:00 to 2025-11-02 23:59:00+00:00
2025-11-03,2025,XAU-USD_1Minute_BID_2025-11-03_00_00-23_59_Etc_UTC.csv,processed,1380,XAUUSD_5m_BID_2025-11-03.csv,2025-11-03 00:00:00+00:00 to 2025-11-03 23:59:00+00:00
2025-11-04,2025,XAU-USD_1Minute_BID_2025-11-04_00_00-23_59_Etc_UTC.csv,processed,1380,XAUUSD_5m_BID_2025-11-04.csv,2025-11-04 00:00:00+00:00 to 2025-11-04 23:59:00+00:00
2025-11-05,2025,XAU-USD_1Minute_BID_2025-11-05_00_00-23_59_Etc_UTC.csv,processed,1380,XAUUSD_5m_BID_2025-11-05.csv,2025-11-05 00:00:00+00:00 to 2025-11-05 23:59:00+00:00
2025-11-06,2025,XAU-USD_1Minute_BID_2025-11-06_00_00-23_59_Etc_UTC.csv,processed,1380,XAUUSD_5m_BID_2025-11-06.csv,2025-11-06 00:00:00+00:00 to 2025-11-06 23:59:00+00:00
2025-11-07,2025,XAU-USD_1Minute_BID_2025-11-07_00_00-23_59_Etc_UTC.csv,processed,1320,XAUUSD_5m_BID_2025-11-07.csv,2025-11-07 00:00:00+00:00 to 2025-11-07 21:59:00+00:00
2025-11-09,2025,XAU-USD_1Minute_BID_2025-11-09_00_00-23_59_Etc_UTC.csv,processed,60,XAUUSD_5m_BID_2025-11-09.csv,2025-11-09 23:00:00+00:00 to 2025-11-09 23:59:00+00:00
2025-11-10,2025,XAU-USD_1Minute_BID_2025-11-10_00_00-23_59_Etc_UTC.csv,processed,1380,XAUUSD_5m_BID_2025-11-10.csv,2025-11-10 00:00:00+00:00 to 2025-11-10 23:59:00+00:00
2025-11-11,2025,XAU-USD_1Minute_BID_2025-11-11_00_00-23_59_Etc_UTC.csv,processed,1380,XAUUSD_5m_BID_2025-11-11.csv,2025-11-11 00:00:00+00:00 to 2025-11-11 23:59:00+00:00
2025-11-12,2025,XAU-USD_1Minute_BID_2025-11-12_00_00-23_59_Etc_UTC.csv,processed,1380,XAUUSD_5m_BID_2025-11-12.csv,2025-11-12 00:00:00+00:00 to 2025-11-12 23:59:00+00:00
2025-11-13,2025,XAU-USD_1Minute_BID_2025-11-13_00_00-23_59_Etc_UTC.csv,processed,1380,XAUUSD_5m_BID_2025-11-13.csv,2025-11-13 00:00:00+00:00 to 2025-11-13 23:59:00+00:00
2025-11-14,2025,XAU-USD_1Minute_BID_2025-11-14_00_00-23_59_Etc_UTC.csv,processed,1320,XAUUSD_5m_BID_2025-11-14.csv,2025-11-14 00:00:00+00:00 to 2025-11-14 21:59:00+00:00
2025-11-16,2025,XAU-USD_1Minute_BID_2025-11-16_00_00-23_59_Etc_UTC.csv,processed,60,XAUUSD_5m_BID_2025-11-16.csv,2025-11-16 23:00:00+00:00 to 2025-11-16 23:59:00+00:00
2025-11-17,2025,XAU-USD_1Minute_BID_2025-11-17_00_00-23_59_Etc_UTC.csv,processed,1380,XAUUSD_5m_BID_2025-11-17.csv,2025-11-17 00:00:00+00:00 to 2025-11-17 23:59:00+00:00
2025-11-18,2025,XAU-USD_1Minute_BID_2025-11-18_00_00-23_59_Etc_UTC.csv,processed,1380,XAUUSD_5m_BID_2025-11-18.csv,2025-11-18 00:00:00+00:00 to 2025-11-18 23:59:00+00:00
2025-11-19,2025,XAU-USD_1Minute_BID_2025-11-19_00_00-23_59_Etc_UTC.csv,processed,1380,XAUUSD_5m_BID_2025-11-19.csv,2025-11-19 00:00:00+00:00 to 2025-11-19 23:59:00+00:00
2025-11-20,2025,XAU-USD_1Minute_BID_2025-11-20_00_00-23_59_Etc_UTC.csv,processed,1380,XAUUSD_5m_BID_2025-11-20.csv,2025-11-20 00:00:00+00:00 to 2025-11-20 23:59:00+00:00
2025-11-21,2025,XAU-USD_1Minute_BID_2025-11-21_00_00-23_59_Etc_UTC.csv,processed,1320,XAUUSD_5m_BID_2025-11-21.csv,2025-11-21 00:00:00+00:00 to 2025-11-21 21:59:00+00:00
2025-11-23,2025,XAU-USD_1Minute_BID_2025-11-23_00_00-23_59_Etc_UTC.csv,processed,60,XAUUSD_5m_BID_2025-11-23.csv,2025-11-23 23:00:00+00:00 to 2025-11-23 23:59:00+00:00
2025-11-24,2025,XAU-USD_1Minute_BID_2025-11-24_00_00-23_59_Etc_UTC.csv,processed,1380,XAUUSD_5m_BID_2025-11-24.csv,2025-11-24 00:00:00+00:00 to 2025-11-24 23:59:00+00:00
2025-11-25,2025,XAU-USD_1Minute_BID_2025-11-25_00_00-23_59_Etc_UTC.csv,processed,1380,XAUUSD_5m_BID_2025-11-25.csv,2025-11-25 00:00:00+00:00 to 2025-11-25 23:59:00+00:00
2025-11-26,2025,XAU-USD_1Minute_BID_2025-11-26_00_00-23_59_Etc_UTC.csv,processed,1380,XAUUSD_5m_BID_2025-11-26.csv,2025-11-26 00:00:00+00:00 to 2025-11-26 23:59:00+00:00
2025-11-27,2025,XAU-USD_1Minute_BID_2025-11-27_00_00-23_59_Etc_UTC.csv,processed,1229,XAUUSD_5m_BID_2025-11-27.csv,2025-11-27 00:00:00+00:00 to 2025-11-27 23:59:00+00:00
2025-11-28,2025,XAU-USD_1Minute_BID_2025-11-28_00_00-23_59_Etc_UTC.csv,processed,1169,XAUUSD_5m_BID_2025-11-28.csv,2025-11-28 00:00:00+00:00 to 2025-11-28 19:43:00+00:00
2025-11-30,2025,XAU-USD_1Minute_BID_2025-11-30_00_00-23_59_Etc_UTC.csv,processed,60,XAUUSD_5m_BID_2025-11-30.csv,2025-11-30 23:00:00+00:00 to 2025-11-30 23:59:00+00:00
2025-12-01,2025,XAU-USD_1Minute_BID_2025-12-01_00_00-23_59_Etc_UTC.csv,processed,1376,XAUUSD_5m_BID_2025-12-01.csv,2025-12-01 00:00:00+00:00 to 2025-12-01 23:59:00+00:00
2025-12-02,2025,XAU-USD_1Minute_BID_2025-12-02_00_00-23_59_Etc_UTC.csv,processed,1380,XAUUSD_5m_BID_2025-12-02.csv,2025-12-02 00:00:00+00:00 to 2025-12-02 23:59:00+00:00
2025-12-03,2025,XAU-USD_1Minute_BID_2025-12-03_00_00-23_59_Etc_UTC.csv,processed,1380,XAUUSD_5m_BID_2025-12-03.csv,2025-12-03 00:00:00+00:00 to 2025-12-03 23:59:00+00:00
2025-12-04,2025,XAU-USD_1Minute_BID_2025-12-04_00_00-23_59_Etc_UTC.csv,processed,1380,XAUUSD_5m_BID_2025-12-04.csv,2025-12-04 00:00:00+00:00 to 2025-12-04 23:59:00+00:00
2025-12-05,2025,XAU-USD_1Minute_BID_2025-12-05_00_00-23_59_Etc_UTC.csv,processed,1320,XAUUSD_5m_BID_2025-12-05.csv,2025-12-05 00:00:00+00:00 to 2025-12-05 21:59:00+00:00
2025-12-07,2025,XAU-USD_1Minute_BID_2025-12-07_00_00-23_59_Etc_UTC.csv,processed,28,XAUUSD_5m_BID_2025-12-07.csv,2025-12-07 23:00:00+00:00 to 2025-12-07 23:59:00+00:00
2025-12-08,2025,XAU-USD_1Minute_BID_2025-12-08_00_00-23_59_Etc_UTC.csv,processed,1380,XAUUSD_5m_BID_2025-12-08.csv,2025-12-08 00:00:00+00:00 to 2025-12-08 23:59:00+00:00
2025-12-09,2025,XAU-USD_1Minute_BID_2025-12-09_00_00-23_59_Etc_UTC.csv,processed,1380,XAUUSD_5m_BID_2025-12-09.csv,2025-12-09 00:00:00+00:00 to 2025-12-09 23:59:00+00:00
2025-12-10,2025,XAU-USD_1Minute_BID_2025-12-10_00_00-23_59_Etc_UTC.csv,processed,1380,XAUUSD_5m_BID_2025-12-10.csv,2025-12-10 00:00:00+00:00 to 2025-12-10 23:59:00+00:00
2025-12-11,2025,XAU-USD_1Minute_BID_2025-12-11_00_00-23_59_Etc_UTC.csv,processed,1380,XAUUSD_5m_BID_2025-12-11.csv,2025-12-11 00:00:00+00:00 to 2025-12-11 23:59:00+00:00
2025-12-12,2025,XAU-USD_1Minute_BID_2025-12-12_00_00-23_59_Etc_UTC.csv,processed,1320,XAUUSD_5m_BID_2025-12-12.csv,2025-12-12 00:00:00+00:00 to 2025-12-12 21:59:00+00:00
2025-12-14,2025,XAU-USD_1Minute_BID_2025-12-14_00_00-23_59_Etc_UTC.csv,processed,60,XAUUSD_5m_BID_2025-12-14.csv,2025-12-14 23:00:00+00:00 to 2025-12-14 23:59:00+00:00
2025-12-15,2025,XAU-USD_1Minute_BID_2025-12-15_00_00-23_59_Etc_UTC.csv,processed,1380,XAUUSD_5m_BID_2025-12-15.csv,2025-12-15 00:00:00+00:00 to 2025-12-15 23:59:00+00:00
2025-12-16,2025,XAU-USD_1Minute_BID_2025-12-16_00_00-23_59_Etc_UTC.csv,processed,1380,XAUUSD_5m_BID_2025-12-16.csv,2025-12-16 00:00:00+00:00 to 2025-12-16 23:59:00+00:00
2025-12-17,2025,XAU-USD_1Minute_BID_2025-12-17_00_00-23_59_Etc_UTC.csv,processed,1379,XAUUSD_5m_BID_2025-12-17.csv,2025-12-17 00:00:00+00:00 to 2025-12-17 23:59:00+00:00
2025-12-18,2025,XAU-USD_1Minute_BID_2025-12-18_00_00-23_59_Etc_UTC.csv,processed,1380,XAUUSD_5m_BID_2025-12-18.csv,2025-12-18 00:00:00+00:00 to 2025-12-18 23:59:00+00:00
2025-12-19,2025,XAU-USD_1Minute_BID_2025-12-19_00_00-23_59_Etc_UTC.csv,processed,1320,XAUUSD_5m_BID_2025-12-19.csv,2025-12-19 00:00:00+00:00 to 2025-12-19 21:59:00+00:00
2025-12-21,2025,XAU-USD_1Minute_BID_2025-12-21_00_00-23_59_Etc_UTC.csv,processed,60,XAUUSD_5m_BID_2025-12-21.csv,2025-12-21 23:00:00+00:00 to 2025-12-21 23:59:00+00:00
2025-12-22,2025,XAU-USD_1Minute_BID_2025-12-22_00_00-23_59_Etc_UTC.csv,processed,1380,XAUUSD_5m_BID_2025-12-22.csv,2025-12-22 00:00:00+00:00 to 2025-12-22 23:59:00+00:00
2025-12-23,2025,XAU-USD_1Minute_BID_2025-12-23_00_00-23_59_Etc_UTC.csv,processed,1380,XAUUSD_5m_BID_2025-12-23.csv,2025-12-23 00:00:00+00:00 to 2025-12-23 23:59:00+00:00
2025-12-24,2025,XAU-USD_1Minute_BID_2025-12-24_00_00-23_59_Etc_UTC.csv,processed,1124,XAUUSD_5m_BID_2025-12-24.csv,2025-12-24 00:00:00+00:00 to 2025-12-24 18:43:00+00:00
2025-12-25,2025,XAU-USD_1Minute_BID_2025-12-25_00_00-23_59_Etc_UTC.csv,processed,56,XAUUSD_5m_BID_2025-12-25.csv,2025-12-25 23:04:00+00:00 to 2025-12-25 23:59:00+00:00
2025-12-26,2025,XAU-USD_1Minute_BID_2025-12-26_00_00-23_59_Etc_UTC.csv,processed,1320,XAUUSD_5m_BID_2025-12-26.csv,2025-12-26 00:00:00+00:00 to 2025-12-26 21:59:00+00:00
2025-12-28,2025,XAU-USD_1Minute_BID_2025-12-28_00_00-23_59_Etc_UTC.csv,processed,60,XAUUSD_5m_BID_2025-12-28.csv,2025-12-28 23:00:00+00:00 to 2025-12-28 23:59:00+00:00
2025-12-29,2025,XAU-USD_1Minute_BID_2025-12-29_00_00-23_59_Etc_UTC.csv,processed,1380,XAUUSD_5m_BID_2025-12-29.csv,2025-12-29 00:00:00+00:00 to 2025-12-29 23:59:00+00:00
2025-12-30,2025,XAU-USD_1Minute_BID_2025-12-30_00_00-23_59_Etc_UTC.csv,processed,1380,XAUUSD_5m_BID_2025-12-30.csv,2025-12-30 00:00:00+00:00 to 2025-12-30 23:59:00+00:00
2025-12-31,2025,XAU-USD_1Minute_BID_2025-12-31_00_00-23_59_Etc_UTC.csv,processed,1319,XAUUSD_5m_BID_2025-12-31.csv,2025-12-31 00:00:00+00:00 to 2025-12-31 21:58:00+00:00
